month,brand,sku,channel,units,gross_sales,trade_discounts,net_sales,cogs,logistics,marketing,merchandising
2024-01,Brand A - Cheese,A-01,Modern Trade,759,481085.8,11689.6,469396.2,266237.79,10536.72,19161.71,7853.15
2024-02,Brand A - Cheese,A-01,Modern Trade,764,484308.69,17546.18,466762.51,269138.51,5029.95,10071.6,10321.11
2024-03,Brand A - Cheese,A-01,Modern Trade,874,554173.26,11248.77,542924.48,313763.97,5865.61,18480.28,10459.63
2024-04,Brand A - Cheese,A-01,Modern Trade,785,497849.87,13961.56,483888.31,288007.1,8559.44,16463.22,6995.53
2024-05,Brand A - Cheese,A-01,Modern Trade,938,595133.69,14882.14,580251.55,330347.08,8472.36,16117.48,11165.86
2024-06,Brand A - Cheese,A-01,Modern Trade,1004,636652.94,39621.24,597031.69,357328.43,7430.47,25307.83,8173.8
2024-07,Brand A - Cheese,A-01,Modern Trade,985,624909.25,20790.65,604118.6,362643.27,6762.57,19890.69,11783.8
2024-08,Brand A - Cheese,A-01,Modern Trade,879,557217.05,14332.82,542884.23,330216.47,7309.47,18127.8,7903.65
2024-09,Brand A - Cheese,A-01,Modern Trade,888,562896.32,19516.74,543379.58,313949.98,9409.38,12001.59,13020.41
2024-10,Brand A - Cheese,A-01,Modern Trade,697,442112.26,22885.66,419226.6,242786.65,6186.93,19843.79,9784.14
2024-11,Brand A - Cheese,A-01,Modern Trade,598,379322.3,13953.4,365368.9,208180.85,5815.27,9167.57,6377.77
2024-12,Brand A - Cheese,A-01,Modern Trade,876,555711.2,11673.82,544037.38,319492.5,8008.39,27142.81,8496.72
2025-01,Brand A - Cheese,A-01,Modern Trade,757,480061.61,20824.87,459236.73,274852.53,6827.96,12726.65,7740.83
2025-02,Brand A - Cheese,A-01,Modern Trade,904,573572.38,29436.69,544135.7,323268.39,9783.12,14724.28,9372.78
2025-03,Brand A - Cheese,A-01,Modern Trade,910,577142.33,39139.76,538002.57,309395.72,11379.95,16533.0,8054.54
2025-04,Brand A - Cheese,A-01,Modern Trade,1010,640277.47,46230.85,594046.62,349105.65,12723.7,27331.42,12796.72
2025-05,Brand A - Cheese,A-01,Modern Trade,1108,702724.9,45169.65,657555.25,371622.81,9548.9,23437.98,7794.4
2025-06,Brand A - Cheese,A-01,Modern Trade,1091,691683.07,21322.16,670360.92,384609.36,9783.49,19232.42,16012.54
2025-07,Brand A - Cheese,A-01,Modern Trade,1033,654840.97,35315.19,619525.78,366725.15,11896.03,18289.24,15365.71
2025-08,Brand A - Cheese,A-01,Modern Trade,1166,739487.63,45998.37,693489.26,392219.8,10564.33,18901.35,16086.52
2025-09,Brand A - Cheese,A-01,Modern Trade,1041,659960.55,22517.1,637443.45,383620.22,7771.65,20290.63,15105.69
2025-10,Brand A - Cheese,A-01,Modern Trade,893,566561.45,16584.91,549976.55,322134.74,8602.53,27057.68,12874.04
2025-11,Brand A - Cheese,A-01,Modern Trade,866,549305.04,12011.22,537293.82,306909.74,9050.63,17675.76,13149.97
2025-12,Brand A - Cheese,A-01,Modern Trade,804,510108.35,39307.62,470800.73,268954.86,10306.73,18509.37,10792.09
2024-01,Brand A - Cheese,A-01,Wholesale,492,312252.78,17924.54,294328.24,168082.5,3311.11,6436.73,3593.69
2024-02,Brand A - Cheese,A-01,Wholesale,552,350208.78,12038.72,338170.06,193635.63,5291.55,13355.6,7782.96
2024-03,Brand A - Cheese,A-01,Wholesale,664,420993.12,12922.68,408070.44,247817.35,7418.47,11921.3,8780.1
2024-04,Brand A - Cheese,A-01,Wholesale,681,432005.87,26116.75,405889.12,233911.18,7088.26,9186.34,9592.19
2024-05,Brand A - Cheese,A-01,Wholesale,657,416493.31,27198.78,389294.53,223685.06,5132.2,19159.01,4841.74
2024-06,Brand A - Cheese,A-01,Wholesale,764,484582.66,25399.23,459183.43,264706.32,5442.6,22218.61,8636.7
2024-07,Brand A - Cheese,A-01,Wholesale,743,470979.28,22414.32,448564.96,258519.49,8627.79,18588.92,7198.93
2024-08,Brand A - Cheese,A-01,Wholesale,749,474782.17,23287.05,451495.12,273840.84,5120.94,17623.48,7727.74
2024-09,Brand A - Cheese,A-01,Wholesale,777,492987.99,16261.02,476726.96,289027.53,9536.78,20568.94,10997.13
2024-10,Brand A - Cheese,A-01,Wholesale,614,389651.51,13462.82,376188.69,213292.0,6776.76,18392.61,4805.37
2024-11,Brand A - Cheese,A-01,Wholesale,662,420045.74,20923.53,399122.21,242530.01,7301.16,16836.4,7261.91
2024-12,Brand A - Cheese,A-01,Wholesale,612,388159.66,22021.16,366138.49,219225.66,5070.87,16933.96,7775.37
2025-01,Brand A - Cheese,A-01,Wholesale,557,353178.03,12759.15,340418.87,204735.36,5244.53,11905.56,7893.88
2025-02,Brand A - Cheese,A-01,Wholesale,695,440889.59,23483.24,417406.35,248390.74,6241.95,12004.06,8700.56
2025-03,Brand A - Cheese,A-01,Wholesale,681,432082.94,21505.66,410577.28,244150.16,7770.98,15297.53,9157.23
2025-04,Brand A - Cheese,A-01,Wholesale,759,481375.21,30509.23,450865.98,272350.07,4556.77,19987.31,5637.05
2025-05,Brand A - Cheese,A-01,Wholesale,854,541832.91,14905.54,526927.37,296574.15,5774.24,23959.87,10055.25
2025-06,Brand A - Cheese,A-01,Wholesale,812,514716.39,23267.64,491448.75,291671.87,9390.8,12810.48,5189.88
2025-07,Brand A - Cheese,A-01,Wholesale,732,464156.81,19332.74,444824.06,255488.3,9071.48,20538.03,5423.24
2025-08,Brand A - Cheese,A-01,Wholesale,743,471017.59,36108.27,434909.32,263461.04,7030.74,14260.02,6762.04
2025-09,Brand A - Cheese,A-01,Wholesale,744,471973.54,10820.47,461153.07,268464.21,10036.98,19433.4,10223.04
2025-10,Brand A - Cheese,A-01,Wholesale,688,436208.18,15965.73,420242.45,247757.78,5579.21,14091.2,6610.61
2025-11,Brand A - Cheese,A-01,Wholesale,666,422539.87,31869.66,390670.21,219987.6,5589.9,18769.16,9748.98
2025-12,Brand A - Cheese,A-01,Wholesale,613,389025.77,17555.88,371469.89,215566.91,5563.88,13431.15,7454.15
2024-01,Brand A - Cheese,A-01,HoReCa,182,115409.27,5901.98,109507.28,64352.57,1850.19,2712.98,1947.69
2024-02,Brand A - Cheese,A-01,HoReCa,211,133859.09,5398.45,128460.64,77106.54,2327.56,4218.36,2695.32
2024-03,Brand A - Cheese,A-01,HoReCa,206,130422.25,9787.85,120634.4,69124.53,2194.99,4087.57,2114.72
2024-04,Brand A - Cheese,A-01,HoReCa,227,143731.33,8254.29,135477.04,81761.43,2062.37,3894.81,2874.72
2024-05,Brand A - Cheese,A-01,HoReCa,238,150954.47,10259.41,140695.06,84874.03,3548.69,4140.68,1688.59
2024-06,Brand A - Cheese,A-01,HoReCa,213,134929.7,7244.41,127685.29,72508.62,2555.71,4529.42,1660.33
2024-07,Brand A - Cheese,A-01,HoReCa,274,173692.91,4666.46,169026.45,100036.25,2841.65,5175.31,3032.74
2024-08,Brand A - Cheese,A-01,HoReCa,226,143333.05,4403.01,138930.04,82349.56,3527.84,4369.38,3361.25
2024-09,Brand A - Cheese,A-01,HoReCa,236,149738.43,5357.48,144380.95,85313.65,3960.99,7008.27,1936.95
2024-10,Brand A - Cheese,A-01,HoReCa,246,156032.72,7083.22,148949.5,84101.02,2705.32,4300.17,3251.21
2024-11,Brand A - Cheese,A-01,HoReCa,228,144657.91,9578.25,135079.66,78317.68,2028.3,3904.54,2040.05
2024-12,Brand A - Cheese,A-01,HoReCa,189,119778.13,6885.02,112893.11,64103.11,1739.84,5053.71,1741.57
2025-01,Brand A - Cheese,A-01,HoReCa,206,130602.37,4195.16,126407.21,72448.98,2410.01,4466.21,1738.66
2025-02,Brand A - Cheese,A-01,HoReCa,236,149803.14,11897.74,137905.4,82289.02,3625.82,6610.68,3217.48
2025-03,Brand A - Cheese,A-01,HoReCa,265,168134.75,6500.85,161633.9,92605.8,4296.81,8043.43,1818.17
2025-04,Brand A - Cheese,A-01,HoReCa,264,167646.38,6445.74,161200.64,93682.81,2748.52,4283.38,3701.83
2025-05,Brand A - Cheese,A-01,HoReCa,298,188941.54,5097.55,183843.99,109278.0,3076.4,9143.17,2566.05
2025-06,Brand A - Cheese,A-01,HoReCa,318,201544.7,6101.42,195443.28,113185.25,3423.86,7277.17,4775.86
2025-07,Brand A - Cheese,A-01,HoReCa,260,165191.13,10288.72,154902.41,87990.75,3297.65,7638.21,2601.76
2025-08,Brand A - Cheese,A-01,HoReCa,297,188643.54,6441.89,182201.65,103097.57,4037.67,3848.53,3275.42
2025-09,Brand A - Cheese,A-01,HoReCa,281,178028.66,12072.55,165956.12,96436.07,4707.19,3851.29,2614.73
2025-10,Brand A - Cheese,A-01,HoReCa,211,134102.66,3494.41,130608.24,75799.49,4043.11,5386.69,2454.74
2025-11,Brand A - Cheese,A-01,HoReCa,250,158559.37,12516.85,146042.52,87575.29,3870.24,5278.27,1763.5
2025-12,Brand A - Cheese,A-01,HoReCa,255,161991.96,11761.6,150230.37,89995.02,4226.78,4777.56,2710.13
2024-01,Brand A - Cheese,A-01,E-commerce,131,83144.82,4073.05,79071.77,47061.19,1213.78,3267.91,1262.56
2024-02,Brand A - Cheese,A-01,E-commerce,147,93164.46,2567.55,90596.91,52167.21,1616.34,2695.38,918.67
2024-03,Brand A - Cheese,A-01,E-commerce,142,90083.35,3225.58,86857.77,52007.67,1689.12,2843.5,1579.2
2024-04,Brand A - Cheese,A-01,E-commerce,155,98588.03,5393.37,93194.66,55246.17,2064.35,3172.06,1391.13
2024-05,Brand A - Cheese,A-01,E-commerce,162,102794.5,3294.86,99499.64,57940.84,1049.91,2838.11,2099.95
2024-06,Brand A - Cheese,A-01,E-commerce,161,101920.25,5426.41,96493.84,58647.96,1730.0,2558.56,1475.08
2024-07,Brand A - Cheese,A-01,E-commerce,171,108195.91,7849.34,100346.57,60574.23,1506.32,4461.66,2188.5
2024-08,Brand A - Cheese,A-01,E-commerce,158,100448.4,5876.81,94571.59,54565.52,1654.9,4536.9,2332.81
2024-09,Brand A - Cheese,A-01,E-commerce,145,92171.45,5913.37,86258.08,52410.13,1208.48,2995.61,1977.23
2024-10,Brand A - Cheese,A-01,E-commerce,152,96214.23,2869.7,93344.52,56255.34,1267.23,2872.28,2103.39
2024-11,Brand A - Cheese,A-01,E-commerce,156,99061.53,2307.92,96753.61,54806.53,1764.43,2472.41,1195.62
2024-12,Brand A - Cheese,A-01,E-commerce,143,90904.84,3850.79,87054.05,51847.11,1148.46,2437.4,1815.31
2025-01,Brand A - Cheese,A-01,E-commerce,129,81704.17,2500.17,79204.0,46054.21,922.32,2642.67,1640.38
2025-02,Brand A - Cheese,A-01,E-commerce,164,104298.87,3617.96,100680.91,57880.29,1720.57,3096.13,1066.36
2025-03,Brand A - Cheese,A-01,E-commerce,156,99058.07,6424.1,92633.97,54450.14,1250.03,3739.02,1164.52
2025-04,Brand A - Cheese,A-01,E-commerce,214,135737.01,5122.49,130614.53,76090.67,2244.39,4293.48,1974.28
2025-05,Brand A - Cheese,A-01,E-commerce,198,125607.69,9756.92,115850.78,65603.47,1603.48,5067.39,1852.8
2025-06,Brand A - Cheese,A-01,E-commerce,179,113767.59,5494.18,108273.41,61093.52,1263.72,3285.25,1495.5
2025-07,Brand A - Cheese,A-01,E-commerce,171,108359.16,2412.86,105946.3,59645.13,2273.42,2463.0,2510.21
2025-08,Brand A - Cheese,A-01,E-commerce,150,95340.9,2155.68,93185.23,55355.33,2029.45,3297.89,941.8
2025-09,Brand A - Cheese,A-01,E-commerce,180,114057.95,4298.18,109759.76,61951.16,2458.73,4463.53,1793.33
2025-10,Brand A - Cheese,A-01,E-commerce,163,103616.76,8148.23,95468.53,56923.17,1218.52,2071.19,2257.21
2025-11,Brand A - Cheese,A-01,E-commerce,152,96663.96,5798.45,90865.5,55052.72,1645.2,2015.78,938.77
2025-12,Brand A - Cheese,A-01,E-commerce,167,105605.58,7663.85,97941.73,58056.14,1912.67,2306.93,1092.01
2024-01,Brand A - Cheese,A-02,Modern Trade,981,511550.59,10808.16,500742.43,299180.15,6804.38,23135.55,6800.82
2024-02,Brand A - Cheese,A-02,Modern Trade,1285,669683.48,42019.47,627664.0,366314.1,13704.95,13108.14,13225.05
2024-03,Brand A - Cheese,A-02,Modern Trade,1439,750394.55,15299.56,735095.0,416958.56,19850.04,23968.68,12926.16
2024-04,Brand A - Cheese,A-02,Modern Trade,1293,674001.87,20000.76,654001.11,391707.16,10880.59,25804.98,15998.37
2024-05,Brand A - Cheese,A-02,Modern Trade,1506,785107.13,42558.49,742548.64,431391.42,9172.11,33391.53,16028.07
2024-06,Brand A - Cheese,A-02,Modern Trade,1611,839856.76,49680.94,790175.82,480285.52,15420.17,35832.69,17426.99
2024-07,Brand A - Cheese,A-02,Modern Trade,1406,733142.34,15683.23,717459.11,415074.14,9157.2,31208.55,9790.64
2024-08,Brand A - Cheese,A-02,Modern Trade,1368,712996.4,31533.34,681463.06,389953.75,8657.51,26501.65,9427.48
2024-09,Brand A - Cheese,A-02,Modern Trade,1459,760605.33,16285.26,744320.07,419202.06,19800.58,19800.84,11776.62
2024-10,Brand A - Cheese,A-02,Modern Trade,1569,818169.41,32119.41,786050.0,455711.33,11649.12,36913.26,10748.8
2024-11,Brand A - Cheese,A-02,Modern Trade,1306,680734.49,22263.82,658470.67,393270.4,8293.79,31075.55,9905.83
2024-12,Brand A - Cheese,A-02,Modern Trade,1360,709006.32,43372.47,665633.85,399486.34,11811.68,29283.85,9601.75
2025-01,Brand A - Cheese,A-02,Modern Trade,1287,670942.45,49119.66,621822.8,363222.04,9642.88,22411.53,9976.66
2025-02,Brand A - Cheese,A-02,Modern Trade,1387,723286.23,56227.64,667058.58,387839.38,17224.7,28348.03,15289.71
2025-03,Brand A - Cheese,A-02,Modern Trade,1379,718717.43,39964.23,678753.2,409657.81,9290.49,18113.35,8481.39
2025-04,Brand A - Cheese,A-02,Modern Trade,1620,844709.28,56140.17,788569.11,450904.94,10441.69,36423.58,9243.13
2025-05,Brand A - Cheese,A-02,Modern Trade,1657,864077.83,18968.54,845109.29,514625.28,17610.9,31286.14,16737.45
2025-06,Brand A - Cheese,A-02,Modern Trade,1799,937964.95,33127.37,904837.58,550445.43,21243.29,43411.05,22063.3
2025-07,Brand A - Cheese,A-02,Modern Trade,1963,1023122.52,71893.49,951229.02,571323.23,22271.77,45271.2,19974.6
2025-08,Brand A - Cheese,A-02,Modern Trade,1725,899041.31,29878.21,869163.09,505284.74,17524.18,31824.11,12519.14
2025-09,Brand A - Cheese,A-02,Modern Trade,1426,743370.04,39367.2,704002.85,405774.04,9483.37,16529.52,8438.91
2025-10,Brand A - Cheese,A-02,Modern Trade,1538,801886.23,21308.0,780578.23,466430.78,20262.97,27362.87,16157.76
2025-11,Brand A - Cheese,A-02,Modern Trade,1547,806689.44,30565.51,776123.93,447634.83,18643.25,18115.46,15810.67
2025-12,Brand A - Cheese,A-02,Modern Trade,1397,728512.08,24315.0,704197.08,417402.47,16847.12,18823.0,14978.84
2024-01,Brand A - Cheese,A-02,Wholesale,790,411696.92,19504.82,392192.11,228774.61,7160.68,15952.28,7123.93
2024-02,Brand A - Cheese,A-02,Wholesale,1162,606016.79,19743.83,586272.96,336758.6,12777.81,17114.67,14215.04
2024-03,Brand A - Cheese,A-02,Wholesale,978,509757.2,19974.48,489782.72,287225.45,9257.86,15190.94,10003.12
2024-04,Brand A - Cheese,A-02,Wholesale,913,476200.22,13688.27,462511.95,270274.91,11774.15,16638.71,5868.68
2024-05,Brand A - Cheese,A-02,Wholesale,1309,682265.69,35232.95,647032.74,390749.6,16423.22,26026.79,8570.89
2024-06,Brand A - Cheese,A-02,Wholesale,1293,674253.49,25408.71,648844.78,376139.46,8898.67,19309.37,8897.59
2024-07,Brand A - Cheese,A-02,Wholesale,1095,570687.27,43903.73,526783.55,297142.74,7438.62,26014.29,11604.63
2024-08,Brand A - Cheese,A-02,Wholesale,1303,679203.15,48688.53,630514.62,376903.33,11669.46,17174.88,8898.46
2024-09,Brand A - Cheese,A-02,Wholesale,1202,626693.67,13226.46,613467.21,366553.97,7472.81,20310.62,12171.19
2024-10,Brand A - Cheese,A-02,Wholesale,1162,605765.77,17046.4,588719.37,339383.67,12469.47,29122.45,12466.02
2024-11,Brand A - Cheese,A-02,Wholesale,963,501803.25,12093.86,489709.39,292729.81,11173.81,11012.54,11051.7
2024-12,Brand A - Cheese,A-02,Wholesale,1068,556538.67,20633.28,535905.38,319915.36,7838.58,19879.97,9577.36
2025-01,Brand A - Cheese,A-02,Wholesale,1011,526915.61,13673.93,513241.68,295317.62,8444.48,16129.05,8780.51
2025-02,Brand A - Cheese,A-02,Wholesale,930,485023.14,15470.52,469552.62,271753.79,8113.68,12545.24,6307.45
2025-03,Brand A - Cheese,A-02,Wholesale,1313,684638.98,21416.6,663222.38,379186.37,15265.21,18517.49,9021.6
2025-04,Brand A - Cheese,A-02,Wholesale,1205,628363.03,49293.83,579069.19,327268.08,11666.31,12200.64,8959.09
2025-05,Brand A - Cheese,A-02,Wholesale,1200,625741.98,18043.63,607698.35,367590.95,16668.73,23274.34,13952.69
2025-06,Brand A - Cheese,A-02,Wholesale,1317,686693.3,53331.89,633361.41,375503.47,17355.91,12967.66,11372.15
2025-07,Brand A - Cheese,A-02,Wholesale,1197,624026.75,43526.69,580500.06,349769.72,13196.94,17826.92,7570.6
2025-08,Brand A - Cheese,A-02,Wholesale,1236,644535.43,24756.05,619779.38,361509.05,12045.34,24855.64,6571.1
2025-09,Brand A - Cheese,A-02,Wholesale,1257,655205.54,25742.83,629462.71,359011.5,10948.12,29293.77,12493.79
2025-10,Brand A - Cheese,A-02,Wholesale,1105,576304.02,12908.87,563395.15,322604.27,11162.1,18615.75,12472.44
2025-11,Brand A - Cheese,A-02,Wholesale,935,487191.41,29633.86,457557.55,272545.71,8901.23,17689.72,11303.83
2025-12,Brand A - Cheese,A-02,Wholesale,1101,574064.95,18879.72,555185.23,328606.42,6888.41,18630.95,12705.3
2024-01,Brand A - Cheese,A-02,HoReCa,303,157708.06,7255.81,150452.25,86911.08,3805.6,6364.57,1541.67
2024-02,Brand A - Cheese,A-02,HoReCa,394,205351.84,13446.68,191905.16,108918.53,3688.59,5194.1,4531.19
2024-03,Brand A - Cheese,A-02,HoReCa,400,208560.24,9521.48,199038.76,112601.19,5416.53,5643.96,4858.53
2024-04,Brand A - Cheese,A-02,HoReCa,396,206539.51,8303.67,198235.84,113872.21,5605.53,4649.6,2001.18
2024-05,Brand A - Cheese,A-02,HoReCa,426,221958.64,15730.11,206228.54,118918.14,4959.38,10172.64,5104.81
2024-06,Brand A - Cheese,A-02,HoReCa,403,209908.33,7298.54,202609.78,121245.57,6487.6,5376.75,3431.84
2024-07,Brand A - Cheese,A-02,HoReCa,486,253115.01,7434.89,245680.13,143385.26,9458.97,8531.71,5828.37
2024-08,Brand A - Cheese,A-02,HoReCa,495,258172.73,15847.03,242325.7,142983.18,4579.17,10407.31,4738.08
2024-09,Brand A - Cheese,A-02,HoReCa,346,180614.53,11364.12,169250.41,102336.08,5520.22,5846.73,2205.69
2024-10,Brand A - Cheese,A-02,HoReCa,326,170176.12,9846.63,160329.49,95918.15,4068.04,4419.71,2204.17
2024-11,Brand A - Cheese,A-02,HoReCa,369,192601.63,8326.63,184275.0,108191.03,6942.06,5714.06,4237.94
2024-12,Brand A - Cheese,A-02,HoReCa,260,135307.82,8947.23,126360.59,75866.15,4035.77,2756.93,1390.72
2025-01,Brand A - Cheese,A-02,HoReCa,314,163757.72,3835.07,159922.65,95142.45,3194.76,7399.24,2552.56
2025-02,Brand A - Cheese,A-02,HoReCa,376,196104.07,14621.68,181482.39,109309.63,6945.99,7544.26,4272.24
2025-03,Brand A - Cheese,A-02,HoReCa,392,204466.11,16005.78,188460.33,111627.01,4434.77,8697.3,2878.93
2025-04,Brand A - Cheese,A-02,HoReCa,388,202175.65,14986.85,187188.8,109897.81,6068.48,5652.27,4598.93
2025-05,Brand A - Cheese,A-02,HoReCa,488,254486.86,5489.56,248997.3,147073.58,7776.31,8030.24,5893.04
2025-06,Brand A - Cheese,A-02,HoReCa,448,233769.86,17535.59,216234.27,122231.29,5014.16,8974.13,2341.89
2025-07,Brand A - Cheese,A-02,HoReCa,416,216758.16,4470.61,212287.54,122928.45,6130.93,8133.13,4810.58
2025-08,Brand A - Cheese,A-02,HoReCa,394,205212.4,13557.77,191654.63,114624.95,5788.11,6667.89,4281.49
2025-09,Brand A - Cheese,A-02,HoReCa,446,232718.17,15527.17,217191.0,129882.58,4985.79,7316.15,3272.64
2025-10,Brand A - Cheese,A-02,HoReCa,399,207900.78,6748.86,201151.92,114513.48,3697.92,8886.4,4469.56
2025-11,Brand A - Cheese,A-02,HoReCa,384,200021.55,11746.45,188275.1,113944.18,5153.08,6451.46,3753.71
2025-12,Brand A - Cheese,A-02,HoReCa,403,210254.53,9966.06,200288.48,115448.33,4996.13,4243.45,4895.11
2024-01,Brand A - Cheese,A-02,E-commerce,170,88665.2,5661.9,83003.3,46921.5,1061.76,2347.84,935.14
2024-02,Brand A - Cheese,A-02,E-commerce,222,115776.36,5009.01,110767.35,66339.14,2934.1,5450.64,1776.46
2024-03,Brand A - Cheese,A-02,E-commerce,224,116696.22,9258.23,107437.99,65001.56,2019.42,5046.09,2125.45
2024-04,Brand A - Cheese,A-02,E-commerce,210,109236.86,8575.67,100661.19,60601.37,2660.71,2139.37,1634.1
2024-05,Brand A - Cheese,A-02,E-commerce,296,154375.42,4491.26,149884.16,90132.13,3641.15,4387.87,1939.19
2024-06,Brand A - Cheese,A-02,E-commerce,299,155917.09,6139.87,149777.22,86508.57,3570.81,4551.78,2340.72
2024-07,Brand A - Cheese,A-02,E-commerce,322,167889.74,11583.41,156306.33,89325.25,3118.33,4001.65,2578.62
2024-08,Brand A - Cheese,A-02,E-commerce,278,145137.99,5708.8,139429.19,83267.36,3794.6,5517.68,3334.2
2024-09,Brand A - Cheese,A-02,E-commerce,244,127366.08,6568.16,120797.92,71937.32,3327.37,3524.38,2938.65
2024-10,Brand A - Cheese,A-02,E-commerce,261,136152.11,3451.68,132700.43,79917.11,1706.35,6057.62,2743.27
2024-11,Brand A - Cheese,A-02,E-commerce,249,129946.98,7284.52,122662.46,73999.4,3176.47,3031.04,2801.13
2024-12,Brand A - Cheese,A-02,E-commerce,280,146006.23,6489.31,139516.91,81824.62,3296.16,4399.96,1927.37
2025-01,Brand A - Cheese,A-02,E-commerce,176,91967.37,6619.62,85347.75,48328.86,2303.46,3660.72,879.72
2025-02,Brand A - Cheese,A-02,E-commerce,259,135180.77,9105.57,126075.2,76585.46,1876.11,3786.89,1600.41
2025-03,Brand A - Cheese,A-02,E-commerce,281,146443.4,3554.42,142888.98,82152.27,1705.57,3088.63,1895.93
2025-04,Brand A - Cheese,A-02,E-commerce,258,134648.07,2874.25,131773.82,76364.96,2233.42,5035.98,2500.45
2025-05,Brand A - Cheese,A-02,E-commerce,337,175845.04,8357.14,167487.91,94633.58,2605.23,3588.97,3137.7
2025-06,Brand A - Cheese,A-02,E-commerce,298,155584.22,9121.52,146462.7,87044.84,3362.28,4398.32,2932.15
2025-07,Brand A - Cheese,A-02,E-commerce,311,162001.09,5381.69,156619.4,89468.3,4029.58,6584.4,3850.24
2025-08,Brand A - Cheese,A-02,E-commerce,348,181167.49,6699.81,174467.68,104517.56,3185.94,4048.14,4335.77
2025-09,Brand A - Cheese,A-02,E-commerce,266,138483.17,8741.76,129741.41,76196.65,1703.42,4296.59,1777.38
2025-10,Brand A - Cheese,A-02,E-commerce,306,159375.22,8986.65,150388.57,88375.22,3552.9,3920.36,2901.22
2025-11,Brand A - Cheese,A-02,E-commerce,275,143403.85,11365.61,132038.24,75409.42,2078.86,3227.75,1682.33
2025-12,Brand A - Cheese,A-02,E-commerce,205,107096.85,5773.64,101323.21,58871.74,2670.45,3007.3,1366.19
2024-01,Brand A - Cheese,A-03,Modern Trade,2869,709227.66,65304.74,643922.92,363744.91,19184.06,64849.22,15907.99
2024-02,Brand A - Cheese,A-03,Modern Trade,2675,661107.29,62808.26,598299.03,346702.25,33535.01,45602.86,12109.36
2024-03,Brand A - Cheese,A-03,Modern Trade,2626,649027.0,74935.8,574091.2,347608.01,25823.66,50959.38,6778.32
2024-04,Brand A - Cheese,A-03,Modern Trade,3211,793614.99,118698.68,674916.31,398694.14,24628.62,76595.74,9251.02
2024-05,Brand A - Cheese,A-03,Modern Trade,3794,937774.19,86959.89,850814.31,483759.68,50204.99,82004.77,14097.91
2024-06,Brand A - Cheese,A-03,Modern Trade,3736,923502.79,133195.49,790307.3,480871.35,49017.8,81408.48,13683.71
2024-07,Brand A - Cheese,A-03,Modern Trade,3671,907300.57,75612.31,831688.25,472644.93,46891.99,97565.25,12836.78
2024-08,Brand A - Cheese,A-03,Modern Trade,3567,881577.39,112360.15,769217.24,440421.0,28106.51,76583.07,8148.62
2024-09,Brand A - Cheese,A-03,Modern Trade,3543,875635.26,71722.95,803912.31,474246.28,27042.98,88894.81,12192.29
2024-10,Brand A - Cheese,A-03,Modern Trade,3519,869687.81,129870.17,739817.64,434829.34,32572.16,47943.94,11070.13
2024-11,Brand A - Cheese,A-03,Modern Trade,2774,685738.23,96936.51,588801.72,338258.63,34817.13,35804.72,14202.8
2024-12,Brand A - Cheese,A-03,Modern Trade,2543,628652.93,59275.47,569377.46,344151.52,26177.57,68311.86,8903.13
2025-01,Brand A - Cheese,A-03,Modern Trade,2953,729800.2,62128.89,667671.3,379545.05,18646.81,72311.45,10228.98
2025-02,Brand A - Cheese,A-03,Modern Trade,3156,780082.35,89477.06,690605.29,401761.29,39054.04,58570.1,14970.17
2025-03,Brand A - Cheese,A-03,Modern Trade,3759,929058.54,79481.03,849577.51,492786.34,38300.77,100583.45,10863.26
2025-04,Brand A - Cheese,A-03,Modern Trade,3984,984640.15,103021.42,881618.73,505312.77,24873.11,61207.16,18155.05
2025-05,Brand A - Cheese,A-03,Modern Trade,4059,1003198.65,148631.66,854567.0,495878.1,40219.24,78957.9,10448.26
2025-06,Brand A - Cheese,A-03,Modern Trade,3565,881020.12,120302.32,760717.8,436557.05,42735.32,45751.86,16004.02
2025-07,Brand A - Cheese,A-03,Modern Trade,4508,1114256.72,177084.22,937172.5,550875.48,29858.74,74344.37,17569.49
2025-08,Brand A - Cheese,A-03,Modern Trade,3850,951653.87,97977.06,853676.81,485354.03,30662.82,97586.6,8683.84
2025-09,Brand A - Cheese,A-03,Modern Trade,4306,1064208.87,126200.46,938008.41,564519.77,39940.13,63453.94,17212.78
2025-10,Brand A - Cheese,A-03,Modern Trade,3364,831360.09,100979.01,730381.08,415825.04,41391.27,67668.61,13286.08
2025-11,Brand A - Cheese,A-03,Modern Trade,3545,876071.58,101585.49,774486.09,464348.24,35948.28,47685.82,11513.93
2025-12,Brand A - Cheese,A-03,Modern Trade,3357,829826.67,100448.97,729377.69,437252.73,27164.74,78290.68,10059.77
2024-01,Brand A - Cheese,A-03,Wholesale,2047,506001.14,63490.24,442510.9,268004.78,22861.6,34450.69,10828.67
2024-02,Brand A - Cheese,A-03,Wholesale,2371,586081.64,70505.65,515575.99,302706.09,23253.54,59260.92,6650.21
2024-03,Brand A - Cheese,A-03,Wholesale,2926,723260.48,76093.63,647166.86,391591.25,22532.86,50293.27,11276.13
2024-04,Brand A - Cheese,A-03,Wholesale,2754,680568.81,56473.46,624095.35,374683.68,19085.17,66427.42,7271.91
2024-05,Brand A - Cheese,A-03,Wholesale,2847,703745.69,89919.22,613826.47,370198.26,29128.43,65600.32,15131.87
2024-06,Brand A - Cheese,A-03,Wholesale,2718,671771.35,66799.91,604971.44,345906.98,29479.26,40351.05,12277.0
2024-07,Brand A - Cheese,A-03,Wholesale,2860,706963.02,109771.96,597191.07,338423.99,39364.28,71115.66,7110.13
2024-08,Brand A - Cheese,A-03,Wholesale,2635,651245.17,63872.12,587373.05,355326.36,16182.89,68158.35,10433.72
2024-09,Brand A - Cheese,A-03,Wholesale,2576,636751.34,89480.61,547270.73,308545.21,30045.11,46922.72,11674.47
2024-10,Brand A - Cheese,A-03,Wholesale,2060,509232.01,79149.58,430082.43,249034.05,21456.48,26725.19,9236.0
2024-11,Brand A - Cheese,A-03,Wholesale,2464,608909.96,80156.59,528753.37,303142.89,30967.07,49943.54,8271.01
2024-12,Brand A - Cheese,A-03,Wholesale,2404,594063.98,54101.16,539962.82,304908.66,33134.74,42134.25,9718.75
2025-01,Brand A - Cheese,A-03,Wholesale,2823,697620.09,91466.34,606153.74,366838.04,32558.05,55803.67,7544.9
2025-02,Brand A - Cheese,A-03,Wholesale,2385,589510.98,51714.99,537796.0,313401.1,16402.74,59357.63,13438.11
2025-03,Brand A - Cheese,A-03,Wholesale,2522,623408.03,50943.76,572464.26,342239.65,18645.37,50201.61,9687.18
2025-04,Brand A - Cheese,A-03,Wholesale,2974,734944.44,74892.78,660051.66,401227.86,33436.75,41347.21,16499.38
2025-05,Brand A - Cheese,A-03,Wholesale,2980,736531.49,63255.3,673276.19,394268.47,19072.47,73056.52,7374.39
2025-06,Brand A - Cheese,A-03,Wholesale,2962,732049.42,115266.8,616782.62,364035.89,38879.37,72216.1,8011.98
2025-07,Brand A - Cheese,A-03,Wholesale,3369,832590.67,91437.6,741153.07,417996.51,39606.35,63404.43,11025.32
2025-08,Brand A - Cheese,A-03,Wholesale,3454,853696.24,76054.65,777641.59,442580.41,32267.14,60463.43,8757.27
2025-09,Brand A - Cheese,A-03,Wholesale,3303,816501.32,125848.31,690653.01,417971.6,24560.23,48340.53,7611.64
2025-10,Brand A - Cheese,A-03,Wholesale,2979,736313.23,82869.79,653443.44,384864.69,34995.89,39515.07,7129.45
2025-11,Brand A - Cheese,A-03,Wholesale,2199,543621.14,72917.3,470703.83,273890.45,29264.5,44256.21,9255.8
2025-12,Brand A - Cheese,A-03,Wholesale,3008,743460.76,88485.45,654975.31,369875.77,35641.59,51787.02,15081.7
2024-01,Brand A - Cheese,A-03,HoReCa,841,207781.21,28889.86,178891.36,108146.28,12739.76,20881.86,2783.72
2024-02,Brand A - Cheese,A-03,HoReCa,774,191223.84,30383.7,160840.14,93067.25,9373.46,10353.17,3526.1
2024-03,Brand A - Cheese,A-03,HoReCa,656,162035.06,15627.96,146407.1,82482.8,10535.45,14046.07,2830.32
2024-04,Brand A - Cheese,A-03,HoReCa,907,224184.86,35835.02,188349.84,110205.86,16688.92,13219.48,3125.12
2024-05,Brand A - Cheese,A-03,HoReCa,907,224092.3,25544.05,198548.25,114829.82,12353.89,20249.0,4928.49
2024-06,Brand A - Cheese,A-03,HoReCa,944,233391.43,25878.06,207513.37,122783.81,17638.84,22147.33,4332.99
2024-07,Brand A - Cheese,A-03,HoReCa,1063,262696.2,37344.02,225352.17,129663.98,13672.6,19790.6,4339.32
2024-08,Brand A - Cheese,A-03,HoReCa,947,234002.32,24092.81,209909.52,122193.32,17514.02,15155.74,3332.54
2024-09,Brand A - Cheese,A-03,HoReCa,786,194171.23,26723.06,167448.17,100234.95,13636.8,10689.36,3875.12
2024-10,Brand A - Cheese,A-03,HoReCa,835,206266.22,23402.74,182863.48,104211.96,15915.37,13690.74,4170.35
2024-11,Brand A - Cheese,A-03,HoReCa,739,182562.73,19973.3,162589.43,98067.8,7110.02,10044.5,3126.78
2024-12,Brand A - Cheese,A-03,HoReCa,851,210298.06,29388.44,180909.62,104908.09,10681.82,16589.92,2528.57
2025-01,Brand A - Cheese,A-03,HoReCa,857,211932.36,19803.75,192128.61,115708.37,13039.68,19477.37,3618.05
2025-02,Brand A - Cheese,A-03,HoReCa,887,219135.7,33354.29,185781.41,106182.0,10891.04,14027.97,2126.0
2025-03,Brand A - Cheese,A-03,HoReCa,937,231651.33,24412.24,207239.09,117582.7,10253.1,16538.9,2529.96
2025-04,Brand A - Cheese,A-03,HoReCa,1141,282036.15,37847.7,244188.45,143536.16,17719.9,15826.94,2764.98
2025-05,Brand A - Cheese,A-03,HoReCa,1021,252303.62,33523.82,218779.8,123404.14,9367.22,21405.75,3923.89
2025-06,Brand A - Cheese,A-03,HoReCa,946,233849.72,21271.06,212578.66,127530.5,15967.46,19263.85,5270.35
2025-07,Brand A - Cheese,A-03,HoReCa,966,238675.28,25776.22,212899.06,123457.93,14647.0,20421.01,4138.97
2025-08,Brand A - Cheese,A-03,HoReCa,1065,263186.24,22705.91,240480.33,141784.88,12185.51,21571.79,4604.43
2025-09,Brand A - Cheese,A-03,HoReCa,909,224757.87,31130.0,193627.87,110694.89,14324.89,15591.07,4353.55
2025-10,Brand A - Cheese,A-03,HoReCa,862,213149.95,28760.05,184389.9,107804.49,16619.28,19440.21,4397.34
2025-11,Brand A - Cheese,A-03,HoReCa,856,211613.49,28102.66,183510.83,104940.75,10772.43,16949.79,2983.19
2025-12,Brand A - Cheese,A-03,HoReCa,866,214043.54,26812.66,187230.87,113102.15,16591.1,18451.15,2854.77
2024-01,Brand A - Cheese,A-03,E-commerce,540,133588.43,16877.63,116710.8,70390.18,5379.4,9717.76,1874.25
2024-02,Brand A - Cheese,A-03,E-commerce,619,153001.49,21054.24,131947.26,74382.6,6244.69,9745.68,3297.23
2024-03,Brand A - Cheese,A-03,E-commerce,530,130884.25,16602.56,114281.7,64846.3,6387.27,10431.03,1669.62
2024-04,Brand A - Cheese,A-03,E-commerce,658,162704.73,15041.65,147663.08,86148.22,6670.82,9541.54,3251.41
2024-05,Brand A - Cheese,A-03,E-commerce,632,156185.82,19288.56,136897.27,78168.88,4983.01,9459.45,1469.86
2024-06,Brand A - Cheese,A-03,E-commerce,602,148828.3,21769.78,127058.52,71658.76,5188.17,13282.18,2424.57
2024-07,Brand A - Cheese,A-03,E-commerce,796,196805.3,26243.51,170561.79,101014.17,5114.13,13251.24,4227.7
2024-08,Brand A - Cheese,A-03,E-commerce,558,137872.63,19472.06,118400.57,70311.28,3530.6,10718.01,2569.29
2024-09,Brand A - Cheese,A-03,E-commerce,616,152367.88,14958.14,137409.74,80311.59,8342.2,14925.4,3306.25
2024-10,Brand A - Cheese,A-03,E-commerce,553,136749.84,15263.14,121486.7,72894.99,5613.76,8876.63,1340.98
2024-11,Brand A - Cheese,A-03,E-commerce,538,132911.02,13120.19,119790.83,69564.59,6268.58,12378.19,1311.42
2024-12,Brand A - Cheese,A-03,E-commerce,516,127445.83,15555.43,111890.4,63849.93,6064.32,10538.56,1953.14
2025-01,Brand A - Cheese,A-03,E-commerce,444,109761.51,16742.9,93018.61,52427.24,5665.11,9058.03,2069.04
2025-02,Brand A - Cheese,A-03,E-commerce,608,150254.63,18609.48,131645.15,75661.55,3956.35,12313.8,3290.94
2025-03,Brand A - Cheese,A-03,E-commerce,578,142807.7,11472.61,131335.09,79532.34,6939.54,12042.53,2044.6
2025-04,Brand A - Cheese,A-03,E-commerce,729,180134.39,28080.18,152054.21,86485.28,7597.66,12778.36,2875.19
2025-05,Brand A - Cheese,A-03,E-commerce,771,190457.6,22482.63,167974.97,94917.8,8851.41,15814.27,3905.29
2025-06,Brand A - Cheese,A-03,E-commerce,713,176167.85,21001.31,155166.54,89755.32,5855.16,17541.48,2595.83
2025-07,Brand A - Cheese,A-03,E-commerce,681,168329.2,22404.99,145924.21,84606.16,5148.98,16790.76,3423.85
2025-08,Brand A - Cheese,A-03,E-commerce,603,148971.37,16770.69,132200.68,78922.62,6335.95,10953.65,1660.07
2025-09,Brand A - Cheese,A-03,E-commerce,726,179348.75,27931.76,151416.98,92023.54,4543.28,13725.15,3625.37
2025-10,Brand A - Cheese,A-03,E-commerce,547,135190.11,20027.18,115162.93,66605.31,5263.54,7846.2,1514.68
2025-11,Brand A - Cheese,A-03,E-commerce,575,142024.6,11880.76,130143.84,77971.6,5222.82,10985.44,2633.3
2025-12,Brand A - Cheese,A-03,E-commerce,637,157375.0,16895.57,140479.42,79503.65,8752.42,13144.99,1798.24
2024-01,Brand A - Cheese,A-04,Modern Trade,2665,1247529.49,48831.84,1198697.66,722750.21,29486.69,59445.88,14311.08
2024-02,Brand A - Cheese,A-04,Modern Trade,2609,1221393.74,68472.87,1152920.87,692068.46,17487.85,55457.86,23324.65
2024-03,Brand A - Cheese,A-04,Modern Trade,2649,1240193.66,60214.94,1179978.72,684317.23,19193.74,29438.33,20681.66
2024-04,Brand A - Cheese,A-04,Modern Trade,3395,1589539.53,55838.57,1533700.95,929149.7,27061.91,75773.1,26829.23
2024-05,Brand A - Cheese,A-04,Modern Trade,2853,1335694.01,36205.63,1299488.38,751261.3,20476.24,29148.43,28013.72
2024-06,Brand A - Cheese,A-04,Modern Trade,3362,1574091.97,46373.93,1527718.04,898671.01,34218.84,43473.97,28841.72
2024-07,Brand A - Cheese,A-04,Modern Trade,2986,1398105.5,64525.46,1333580.04,758609.73,30726.58,63006.21,15666.36
2024-08,Brand A - Cheese,A-04,Modern Trade,3430,1605828.81,84764.96,1521063.85,909423.15,44583.28,42024.85,21099.81
2024-09,Brand A - Cheese,A-04,Modern Trade,3000,1404768.21,75533.59,1329234.62,794659.79,28867.35,41172.43,14317.0
2024-10,Brand A - Cheese,A-04,Modern Trade,2761,1292676.73,63788.29,1228888.44,713862.81,27893.06,57330.29,23164.97
2024-11,Brand A - Cheese,A-04,Modern Trade,2569,1203027.18,55157.34,1147869.84,686031.63,29732.15,49944.17,27053.52
2024-12,Brand A - Cheese,A-04,Modern Trade,2713,1269994.39,78993.21,1191001.18,710029.22,19397.3,27437.06,15796.04
2025-01,Brand A - Cheese,A-04,Modern Trade,2609,1221394.22,32028.58,1189365.64,670177.77,33169.91,48089.87,24102.49
2025-02,Brand A - Cheese,A-04,Modern Trade,2983,1396628.06,102651.92,1293976.15,774956.87,31099.25,60116.02,31309.64
2025-03,Brand A - Cheese,A-04,Modern Trade,2625,1228826.99,72839.61,1155987.38,683280.61,29170.67,41690.98,28001.87
2025-04,Brand A - Cheese,A-04,Modern Trade,3149,1474258.48,66971.39,1407287.09,800727.23,31830.14,31324.16,15738.5
2025-05,Brand A - Cheese,A-04,Modern Trade,3667,1717004.08,103881.51,1613122.57,948890.55,45699.86,60507.07,30766.22
2025-06,Brand A - Cheese,A-04,Modern Trade,3643,1705859.53,82274.44,1623585.1,967271.91,42417.15,37797.27,33868.3
2025-07,Brand A - Cheese,A-04,Modern Trade,3611,1690838.66,44948.49,1645890.17,945292.64,39299.72,46428.58,34766.37
2025-08,Brand A - Cheese,A-04,Modern Trade,3586,1679181.11,108616.12,1570564.99,930247.71,33708.48,50617.76,36820.74
2025-09,Brand A - Cheese,A-04,Modern Trade,3327,1557594.23,97298.8,1460295.43,862786.4,23736.03,68883.71,25097.43
2025-10,Brand A - Cheese,A-04,Modern Trade,2982,1396032.4,29378.07,1366654.33,805725.34,18763.15,48370.7,30000.54
2025-11,Brand A - Cheese,A-04,Modern Trade,3220,1507649.68,115094.6,1392555.08,791301.82,32517.39,49621.35,34512.22
2025-12,Brand A - Cheese,A-04,Modern Trade,3379,1582081.44,40790.36,1541291.07,923795.91,26350.16,41132.68,29920.26
2024-01,Brand A - Cheese,A-04,Wholesale,1661,777587.53,53236.19,724351.34,423606.32,20190.2,20362.17,14070.37
2024-02,Brand A - Cheese,A-04,Wholesale,1999,936090.13,19201.57,916888.56,530830.97,24720.43,23279.03,19064.75
2024-03,Brand A - Cheese,A-04,Wholesale,1802,843754.09,17396.16,826357.93,484050.41,16141.07,22165.82,8523.88
2024-04,Brand A - Cheese,A-04,Wholesale,2055,961996.74,65596.59,896400.15,510451.92,14410.17,32193.78,20653.11
2024-05,Brand A - Cheese,A-04,Wholesale,2449,1146603.97,88176.8,1058427.16,635886.56,23555.18,42422.41,17449.47
2024-06,Brand A - Cheese,A-04,Wholesale,2524,1181554.86,35449.95,1146104.91,646606.09,21650.61,47058.86,26084.9
2024-07,Brand A - Cheese,A-04,Wholesale,2515,1177467.41,67023.6,1110443.81,675623.13,23468.21,44942.51,12110.18
2024-08,Brand A - Cheese,A-04,Wholesale,2293,1073509.1,36640.0,1036869.1,614166.56,24871.26,39510.84,24728.3
2024-09,Brand A - Cheese,A-04,Wholesale,2400,1123780.48,80867.55,1042912.93,628549.05,31315.94,36898.15,16135.37
2024-10,Brand A - Cheese,A-04,Wholesale,1941,908820.2,69621.79,839198.41,490883.03,25499.93,20201.01,11418.26
2024-11,Brand A - Cheese,A-04,Wholesale,1813,848680.09,28940.22,819739.87,494871.53,25304.07,21169.72,18485.46
2024-12,Brand A - Cheese,A-04,Wholesale,2616,1224776.56,27134.66,1197641.9,687498.67,19117.76,43821.01,20674.74
2025-01,Brand A - Cheese,A-04,Wholesale,2160,1011410.51,34359.21,977051.3,575560.72,25624.39,30254.84,20802.88
2025-02,Brand A - Cheese,A-04,Wholesale,2233,1045283.64,63890.44,981393.21,582371.75,29079.44,47063.32,12231.61
2025-03,Brand A - Cheese,A-04,Wholesale,2390,1119103.38,86046.93,1033056.45,588632.75,20072.88,25516.87,23714.92
2025-04,Brand A - Cheese,A-04,Wholesale,2637,1234763.11,98288.31,1136474.8,670377.38,34337.37,26655.44,21984.96
2025-05,Brand A - Cheese,A-04,Wholesale,2534,1186492.44,61362.83,1125129.62,635128.51,30965.38,48969.46,17925.41
2025-06,Brand A - Cheese,A-04,Wholesale,2578,1207017.19,93426.69,1113590.5,642054.42,18064.09,36019.88,15421.86
2025-07,Brand A - Cheese,A-04,Wholesale,2946,1379099.71,31493.55,1347606.16,774152.82,29363.21,38718.45,17559.99
2025-08,Brand A - Cheese,A-04,Wholesale,2564,1200240.58,93400.37,1106840.21,657542.74,16900.41,29354.05,22680.93
2025-09,Brand A - Cheese,A-04,Wholesale,2850,1334583.75,105571.84,1229011.91,693698.86,37492.14,40710.44,26346.85
2025-10,Brand A - Cheese,A-04,Wholesale,2321,1086503.02,67879.3,1018623.73,609726.5,29921.82,21743.39,13688.21
2025-11,Brand A - Cheese,A-04,Wholesale,2304,1078714.73,80046.65,998668.08,597939.81,23141.47,43910.53,19891.46
2025-12,Brand A - Cheese,A-04,Wholesale,2682,1255712.41,62553.97,1193158.43,707489.78,25470.2,31452.85,18268.37
2024-01,Brand A - Cheese,A-04,HoReCa,550,257683.6,12894.69,244788.91,138702.56,5466.0,9586.13,3485.41
2024-02,Brand A - Cheese,A-04,HoReCa,840,393107.13,14021.52,379085.61,222425.11,10214.15,9026.65,5670.35
2024-03,Brand A - Cheese,A-04,HoReCa,690,323128.41,10572.8,312555.61,188265.01,6052.61,8976.08,5677.92
2024-04,Brand A - Cheese,A-04,HoReCa,780,364987.15,14053.7,350933.45,208981.34,12899.26,9979.57,6214.46
2024-05,Brand A - Cheese,A-04,HoReCa,845,395746.96,19398.6,376348.36,228021.43,9088.96,8043.17,8459.72
2024-06,Brand A - Cheese,A-04,HoReCa,873,408757.54,16858.59,391898.96,220805.11,17048.31,12225.38,8834.32
2024-07,Brand A - Cheese,A-04,HoReCa,662,310179.51,21911.87,288267.64,170846.44,10905.53,7019.0,3524.15
2024-08,Brand A - Cheese,A-04,HoReCa,981,459156.41,35944.91,423211.5,250181.15,16996.97,12974.51,8522.31
2024-09,Brand A - Cheese,A-04,HoReCa,835,391169.35,9082.92,382086.43,230230.96,7191.38,9538.54,7820.63
2024-10,Brand A - Cheese,A-04,HoReCa,690,323130.3,8911.79,314218.52,189024.2,8080.26,9219.8,5101.94
2024-11,Brand A - Cheese,A-04,HoReCa,605,283153.86,13461.24,269692.62,154719.9,8147.9,10508.48,5969.09
2024-12,Brand A - Cheese,A-04,HoReCa,630,294775.37,17493.57,277281.8,166451.29,9379.54,10020.91,4780.73
2025-01,Brand A - Cheese,A-04,HoReCa,664,310774.92,12396.08,298378.84,181141.12,11987.07,8891.94,4752.24
2025-02,Brand A - Cheese,A-04,HoReCa,767,359329.83,28401.12,330928.71,201398.82,11421.24,8214.56,3760.14
2025-03,Brand A - Cheese,A-04,HoReCa,754,353103.08,15898.05,337205.03,199143.99,6949.96,14143.08,5568.88
2025-04,Brand A - Cheese,A-04,HoReCa,868,406180.39,15215.79,390964.59,236813.08,12030.7,17765.44,7322.53
2025-05,Brand A - Cheese,A-04,HoReCa,958,448714.55,9343.62,439370.93,257010.92,10759.72,14900.47,9717.93
2025-06,Brand A - Cheese,A-04,HoReCa,942,441009.59,25548.73,415460.85,249669.86,10731.56,14421.99,4436.26
2025-07,Brand A - Cheese,A-04,HoReCa,1019,477021.55,22898.54,454123.0,269779.92,19944.02,10538.95,5858.07
2025-08,Brand A - Cheese,A-04,HoReCa,939,439556.29,28172.25,411384.04,234025.91,16754.61,12511.82,5790.64
2025-09,Brand A - Cheese,A-04,HoReCa,767,358880.31,13840.4,345039.91,198206.53,11835.04,13537.21,6383.58
2025-10,Brand A - Cheese,A-04,HoReCa,769,360269.57,21696.66,338572.91,190871.96,10939.03,11205.71,7685.84
2025-11,Brand A - Cheese,A-04,HoReCa,722,337959.83,19953.85,318005.98,185087.91,13127.26,15821.62,6590.3
2025-12,Brand A - Cheese,A-04,HoReCa,838,392234.7,10146.27,382088.43,217788.64,12993.36,8545.6,6505.77
2024-01,Brand A - Cheese,A-04,E-commerce,426,199608.34,4087.65,195520.7,115021.26,3310.64,4936.83,1963.41
2024-02,Brand A - Cheese,A-04,E-commerce,451,210983.08,12014.9,198968.17,113999.68,5892.11,5488.33,4736.65
2024-03,Brand A - Cheese,A-04,E-commerce,494,231482.62,9907.72,221574.9,133515.71,3681.15,7624.61,2639.54
2024-04,Brand A - Cheese,A-04,E-commerce,397,185670.22,6957.18,178713.04,107887.76,5385.62,4590.33,4275.88
2024-05,Brand A - Cheese,A-04,E-commerce,525,246019.52,12479.15,233540.37,136632.31,3162.6,9550.61,2632.04
2024-06,Brand A - Cheese,A-04,E-commerce,638,298818.71,23430.38,275388.33,161908.88,6853.72,11699.45,5030.75
2024-07,Brand A - Cheese,A-04,E-commerce,588,275361.13,7924.94,267436.2,157035.14,3742.01,9036.07,4477.72
2024-08,Brand A - Cheese,A-04,E-commerce,537,251211.91,7859.47,243352.44,142419.23,5530.01,10168.69,2810.76
2024-09,Brand A - Cheese,A-04,E-commerce,416,194963.91,13415.03,181548.88,109087.48,4138.76,3958.99,3733.42
2024-10,Brand A - Cheese,A-04,E-commerce,483,225941.4,12124.77,213816.63,121720.69,3231.61,7564.72,2551.6
2024-11,Brand A - Cheese,A-04,E-commerce,522,244615.34,13763.67,230851.67,130043.69,7229.81,10715.84,2743.63
2024-12,Brand A - Cheese,A-04,E-commerce,547,256126.34,14812.06,241314.28,137033.96,6445.86,12064.59,5253.15
2025-01,Brand A - Cheese,A-04,E-commerce,456,213437.02,7697.79,205739.22,124221.09,3818.26,8066.19,2098.11
2025-02,Brand A - Cheese,A-04,E-commerce,498,233084.97,8410.71,224674.25,135293.69,3251.96,9852.55,3115.95
2025-03,Brand A - Cheese,A-04,E-commerce,517,242208.3,8546.18,233662.13,137910.29,5006.7,8506.65,5433.18
2025-04,Brand A - Cheese,A-04,E-commerce,582,272627.72,21723.35,250904.37,148892.06,6741.68,6460.9,3324.28
2025-05,Brand A - Cheese,A-04,E-commerce,668,312712.67,13469.97,299242.7,178831.03,8194.38,12948.69,7168.95
2025-06,Brand A - Cheese,A-04,E-commerce,631,295517.13,9753.79,285763.34,165814.35,6649.57,6778.83,2957.63
2025-07,Brand A - Cheese,A-04,E-commerce,601,281334.63,9075.72,272258.91,164190.69,7855.42,6744.55,4488.16
2025-08,Brand A - Cheese,A-04,E-commerce,642,300514.61,7429.13,293085.48,171139.36,6638.29,6923.9,3773.57
2025-09,Brand A - Cheese,A-04,E-commerce,575,269377.62,11842.72,257534.9,153462.14,5598.58,10128.06,6162.1
2025-10,Brand A - Cheese,A-04,E-commerce,506,236726.52,7407.05,229319.47,133093.29,4016.82,5539.21,4647.72
2025-11,Brand A - Cheese,A-04,E-commerce,568,266150.86,12727.0,253423.85,153578.3,6850.84,10976.31,5993.27
2025-12,Brand A - Cheese,A-04,E-commerce,548,256716.89,5718.49,250998.4,144887.75,4410.2,6521.35,5169.44
2024-01,Brand A - Cheese,A-05,Modern Trade,3269,3044734.29,213358.23,2831376.06,1660353.93,41565.1,78288.5,68109.32
2024-02,Brand A - Cheese,A-05,Modern Trade,3218,2996856.45,149850.56,2847005.88,1707009.88,33844.67,123983.58,57892.34
2024-03,Brand A - Cheese,A-05,Modern Trade,3072,2861320.4,226865.02,2634455.37,1513838.4,21729.72,98659.87,47178.2
2024-04,Brand A - Cheese,A-05,Modern Trade,3984,3710806.97,281624.33,3429182.64,2057334.86,47948.54,138155.1,39845.23
2024-05,Brand A - Cheese,A-05,Modern Trade,4469,4161835.38,105331.38,4056504.0,2414753.24,35058.24,160572.69,47312.83
2024-06,Brand A - Cheese,A-05,Modern Trade,4197,3908923.74,160728.23,3748195.5,2211226.8,50703.77,166177.69,38607.78
2024-07,Brand A - Cheese,A-05,Modern Trade,4370,4070356.84,290713.48,3779643.35,2154851.48,40087.03,98009.86,49858.06
2024-08,Brand A - Cheese,A-05,Modern Trade,3800,3539260.68,253954.69,3285305.99,1992777.8,52641.27,117879.72,36073.2
2024-09,Brand A - Cheese,A-05,Modern Trade,3733,3476459.04,193881.68,3282577.36,1883424.65,30767.54,85323.28,34299.44
2024-10,Brand A - Cheese,A-05,Modern Trade,3564,3319661.25,197272.76,3122388.5,1886280.17,34564.9,95877.84,45011.4
2024-11,Brand A - Cheese,A-05,Modern Trade,3365,3134209.32,187448.19,2946761.13,1710154.61,22520.22,80060.05,52605.07
2024-12,Brand A - Cheese,A-05,Modern Trade,3681,3428108.33,273380.49,3154727.84,1786299.78,26688.23,100801.4,61184.95
2025-01,Brand A - Cheese,A-05,Modern Trade,3181,2962470.76,191634.34,2770836.43,1572703.39,43896.27,58409.55,38334.96
2025-02,Brand A - Cheese,A-05,Modern Trade,3349,3119295.39,216139.16,2903156.23,1649366.31,29539.05,65566.73,43689.53
2025-03,Brand A - Cheese,A-05,Modern Trade,4043,3765564.11,259153.71,3506410.4,1976274.68,29751.88,118614.09,82649.95
2025-04,Brand A - Cheese,A-05,Modern Trade,4201,3912192.5,261357.27,3650835.22,2205735.56,48737.86,91444.37,50952.9
2025-05,Brand A - Cheese,A-05,Modern Trade,4961,4620906.25,111275.05,4509631.2,2725721.5,55901.97,184125.34,84054.03
2025-06,Brand A - Cheese,A-05,Modern Trade,4474,4166876.14,233633.54,3933242.6,2348466.65,36783.99,138201.91,92749.61
2025-07,Brand A - Cheese,A-05,Modern Trade,4379,4078015.91,95777.33,3982238.57,2241288.18,40293.83,143124.45,42175.69
2025-08,Brand A - Cheese,A-05,Modern Trade,4408,4105185.69,110606.14,3994579.55,2385571.53,30234.67,178121.85,75961.74
2025-09,Brand A - Cheese,A-05,Modern Trade,4499,4190321.33,133666.06,4056655.27,2294511.78,46818.43,196758.79,55911.92
2025-10,Brand A - Cheese,A-05,Modern Trade,3520,3278050.43,156666.74,3121383.69,1826294.07,27091.92,143434.11,66177.83
2025-11,Brand A - Cheese,A-05,Modern Trade,3818,3555898.72,179918.56,3375980.17,1969382.49,32086.0,76457.96,78521.63
2025-12,Brand A - Cheese,A-05,Modern Trade,3738,3481255.93,114794.59,3366461.34,2023554.12,41357.31,114576.37,48990.84
2024-01,Brand A - Cheese,A-05,Wholesale,2665,2482131.42,105062.55,2377068.88,1346393.67,24732.45,58996.99,55809.16
2024-02,Brand A - Cheese,A-05,Wholesale,2617,2437144.33,68890.9,2368253.43,1428964.38,31617.74,67482.32,48645.16
2024-03,Brand A - Cheese,A-05,Wholesale,2456,2287824.73,157741.93,2130082.8,1294473.88,21508.95,88202.06,42534.34
2024-04,Brand A - Cheese,A-05,Wholesale,2643,2461539.45,161801.42,2299738.03,1308239.87,24613.42,49033.64,40568.15
2024-05,Brand A - Cheese,A-05,Wholesale,3245,3022310.27,103213.37,2919096.9,1702881.03,41100.63,115292.47,53486.23
2024-06,Brand A - Cheese,A-05,Wholesale,2539,2364455.05,84321.96,2280133.09,1351363.84,25631.55,81671.92,44918.32
2024-07,Brand A - Cheese,A-05,Wholesale,3581,3335612.45,181274.4,3154338.05,1827415.59,30795.04,154427.57,77502.75
2024-08,Brand A - Cheese,A-05,Wholesale,3337,3107686.45,122744.69,2984941.76,1816630.54,25284.91,126117.01,67247.66
2024-09,Brand A - Cheese,A-05,Wholesale,3563,3318405.82,186684.91,3131720.91,1897256.36,28827.08,122428.42,38801.39
2024-10,Brand A - Cheese,A-05,Wholesale,2670,2486845.72,104562.53,2382283.18,1400089.49,16765.05,64340.19,53923.09
2024-11,Brand A - Cheese,A-05,Wholesale,2457,2287913.03,121465.27,2166447.76,1251096.56,21885.59,106701.19,32665.66
2024-12,Brand A - Cheese,A-05,Wholesale,2215,2063105.4,106194.12,1956911.28,1111374.7,24099.43,75347.61,31572.04
2025-01,Brand A - Cheese,A-05,Wholesale,2965,2761864.44,197167.57,2564696.87,1470984.26,31401.53,113536.07,61801.35
2025-02,Brand A - Cheese,A-05,Wholesale,2662,2479105.98,92832.49,2386273.49,1403521.83,37104.19,85788.06,58297.94
2025-03,Brand A - Cheese,A-05,Wholesale,3520,3278008.06,169224.76,3108783.3,1784939.1,36920.19,130026.98,43399.93
2025-04,Brand A - Cheese,A-05,Wholesale,3215,2994767.04,205461.11,2789305.92,1645778.2,41287.28,79997.58,57142.97
2025-05,Brand A - Cheese,A-05,Wholesale,3684,3431242.63,86193.56,3345049.07,1918178.44,40703.92,161823.08,54914.97
2025-06,Brand A - Cheese,A-05,Wholesale,3507,3266395.44,182157.28,3084238.16,1818787.84,22435.75,131972.93,52920.33
2025-07,Brand A - Cheese,A-05,Wholesale,3141,2925363.24,134734.72,2790628.52,1657474.49,26102.37,72067.61,53228.48
2025-08,Brand A - Cheese,A-05,Wholesale,2975,2770997.3,91219.63,2679777.66,1523022.38,19725.36,95593.5,28309.55
2025-09,Brand A - Cheese,A-05,Wholesale,3393,3160239.68,105545.63,3054694.04,1754677.59,22061.29,61591.45,46500.82
2025-10,Brand A - Cheese,A-05,Wholesale,3134,2918485.67,102077.97,2816407.7,1625128.46,26971.41,75741.02,39940.37
2025-11,Brand A - Cheese,A-05,Wholesale,3094,2881397.23,76467.8,2804929.43,1686736.88,30249.15,61363.17,31065.39
2025-12,Brand A - Cheese,A-05,Wholesale,2672,2488358.59,107566.05,2380792.54,1446905.41,24789.26,65112.94,55156.33
2024-01,Brand A - Cheese,A-05,HoReCa,931,866869.67,51315.16,815554.51,459853.66,8038.7,16899.58,8453.01
2024-02,Brand A - Cheese,A-05,HoReCa,715,665920.87,42466.99,623453.87,351458.87,10962.08,13664.52,13707.93
2024-03,Brand A - Cheese,A-05,HoReCa,1055,982418.64,24625.28,957793.35,576506.09,18850.12,33117.35,16778.58
2024-04,Brand A - Cheese,A-05,HoReCa,975,908347.44,18832.1,889515.34,509960.42,13805.6,20346.15,10564.82
2024-05,Brand A - Cheese,A-05,HoReCa,1004,934641.63,43323.95,891317.68,531217.77,14275.75,44067.62,10588.71
2024-06,Brand A - Cheese,A-05,HoReCa,1111,1034739.35,34764.95,999974.4,583420.28,18404.12,48946.46,11508.28
2024-07,Brand A - Cheese,A-05,HoReCa,976,909202.67,71288.83,837913.84,476739.75,8558.06,38704.28,16389.31
2024-08,Brand A - Cheese,A-05,HoReCa,1139,1060949.23,24157.61,1036791.62,613914.89,16136.37,29542.86,15053.08
2024-09,Brand A - Cheese,A-05,HoReCa,908,846055.62,40605.07,805450.56,479560.52,8506.11,33293.52,13307.77
2024-10,Brand A - Cheese,A-05,HoReCa,973,906243.0,24045.87,882197.13,503734.95,14044.05,40950.72,11704.19
2024-11,Brand A - Cheese,A-05,HoReCa,959,892727.25,47954.15,844773.1,487512.54,13238.98,36718.74,12410.09
2024-12,Brand A - Cheese,A-05,HoReCa,803,747719.41,44183.37,703536.04,405909.28,12958.31,15246.34,11973.44
2025-01,Brand A - Cheese,A-05,HoReCa,884,823156.74,47723.14,775433.6,446124.72,12073.4,22729.03,15506.36
2025-02,Brand A - Cheese,A-05,HoReCa,969,902846.55,38983.3,863863.25,524419.09,12923.94,38827.77,18822.8
2025-03,Brand A - Cheese,A-05,HoReCa,1065,992179.17,56359.46,935819.71,564322.98,19451.42,40966.63,21947.67
2025-04,Brand A - Cheese,A-05,HoReCa,1256,1170099.25,39048.46,1131050.78,660280.29,17522.43,37661.19,28259.94
2025-05,Brand A - Cheese,A-05,HoReCa,1124,1046534.71,60663.65,985871.06,597847.29,11673.06,28430.42,23697.91
2025-06,Brand A - Cheese,A-05,HoReCa,1198,1115826.62,32536.87,1083289.74,659685.59,20488.58,33456.0,23165.13
2025-07,Brand A - Cheese,A-05,HoReCa,1193,1111381.33,65114.87,1046266.46,631523.69,17367.85,31552.58,17182.83
2025-08,Brand A - Cheese,A-05,HoReCa,1033,961739.89,25158.17,936581.71,536167.15,13522.5,41482.41,19157.12
2025-09,Brand A - Cheese,A-05,HoReCa,1145,1066421.09,37575.11,1028845.98,611880.08,16005.54,39500.37,10620.62
2025-10,Brand A - Cheese,A-05,HoReCa,1043,971394.46,46453.32,924941.14,523537.02,14364.07,46165.97,10934.17
2025-11,Brand A - Cheese,A-05,HoReCa,1116,1039424.18,31028.72,1008395.46,573209.5,14170.36,43293.45,22313.08
2025-12,Brand A - Cheese,A-05,HoReCa,1012,942646.67,69016.79,873629.88,495263.79,13598.78,36537.39,10836.62
2024-01,Brand A - Cheese,A-05,E-commerce,638,594455.95,37350.39,557105.56,331591.86,3964.74,27575.93,8279.43
2024-02,Brand A - Cheese,A-05,E-commerce,550,511916.68,12676.26,499240.42,291044.06,7640.39,19413.25,5686.89
2024-03,Brand A - Cheese,A-05,E-commerce,605,563160.79,43392.89,519767.91,314828.75,8319.48,24976.06,7871.92
2024-04,Brand A - Cheese,A-05,E-commerce,628,584856.36,21479.07,563377.29,342140.4,6107.66,24741.52,11323.07
2024-05,Brand A - Cheese,A-05,E-commerce,715,666008.71,15586.73,650421.98,374874.14,6184.51,15318.43,12155.19
2024-06,Brand A - Cheese,A-05,E-commerce,730,679802.87,16293.75,663509.12,382246.14,6324.02,28004.53,8291.14
2024-07,Brand A - Cheese,A-05,E-commerce,658,613291.59,22187.42,591104.16,348593.87,5608.71,28921.93,9788.13
2024-08,Brand A - Cheese,A-05,E-commerce,739,688677.86,15072.61,673605.26,395422.06,5851.24,14842.55,12959.15
2024-09,Brand A - Cheese,A-05,E-commerce,698,649771.71,39045.36,610726.35,345002.15,5077.7,12433.16,12910.09
2024-10,Brand A - Cheese,A-05,E-commerce,739,688621.49,18113.87,670507.62,392996.79,10200.22,24845.89,15482.19
2024-11,Brand A - Cheese,A-05,E-commerce,606,564712.25,12277.95,552434.3,319673.67,7597.32,20591.8,10309.98
2024-12,Brand A - Cheese,A-05,E-commerce,580,539728.82,20320.91,519407.91,301036.41,7355.64,18437.94,7721.0
2025-01,Brand A - Cheese,A-05,E-commerce,617,574748.63,20624.72,554123.91,320682.71,4805.16,22264.97,6655.82
2025-02,Brand A - Cheese,A-05,E-commerce,656,610951.22,15347.31,595603.91,356655.32,7126.36,18789.45,14459.49
2025-03,Brand A - Cheese,A-05,E-commerce,735,684915.87,21199.48,663716.38,397887.95,4778.96,18421.97,8371.24
2025-04,Brand A - Cheese,A-05,E-commerce,775,721638.44,44939.37,676699.06,398905.03,5755.66,29544.87,9527.21
2025-05,Brand A - Cheese,A-05,E-commerce,831,774289.74,50912.89,723376.85,421327.94,10450.67,34134.71,17456.71
2025-06,Brand A - Cheese,A-05,E-commerce,837,779848.9,32080.75,747768.15,448326.86,7348.62,28648.66,7835.61
2025-07,Brand A - Cheese,A-05,E-commerce,779,725420.79,19855.77,705565.02,414827.3,9951.61,33986.09,17501.26
2025-08,Brand A - Cheese,A-05,E-commerce,721,671830.36,25253.3,646577.07,383412.43,8103.24,17786.15,10948.4
2025-09,Brand A - Cheese,A-05,E-commerce,692,644872.13,26849.62,618022.51,363402.36,5706.63,17982.33,6436.52
2025-10,Brand A - Cheese,A-05,E-commerce,603,561197.73,16411.6,544786.13,320875.33,5892.85,13731.17,11702.16
2025-11,Brand A - Cheese,A-05,E-commerce,684,637288.83,41949.6,595339.23,357650.42,7883.98,18258.3,7209.66
2025-12,Brand A - Cheese,A-05,E-commerce,574,534228.29,22452.2,511776.1,305132.91,3539.11,25361.82,10312.63
2024-01,Brand A - Cheese,A-06,Modern Trade,700,128053.66,11105.49,116948.18,71156.63,9786.23,10975.6,2850.01
2024-02,Brand A - Cheese,A-06,Modern Trade,709,129681.5,17315.84,112365.66,65974.42,5283.11,11760.19,2086.21
2024-03,Brand A - Cheese,A-06,Modern Trade,711,130137.67,20794.42,109343.24,61920.89,9691.3,7678.55,2238.26
2024-04,Brand A - Cheese,A-06,Modern Trade,831,152045.99,12969.35,139076.63,84442.51,6901.18,11429.05,1664.56
2024-05,Brand A - Cheese,A-06,Modern Trade,983,179886.58,15187.32,164699.26,97646.36,8515.55,12513.58,1798.53
2024-06,Brand A - Cheese,A-06,Modern Trade,891,162997.01,19659.77,143337.24,85304.25,10719.1,13718.9,2255.5
2024-07,Brand A - Cheese,A-06,Modern Trade,1046,191411.39,28295.35,163116.03,98299.29,13072.72,12251.42,2157.4
2024-08,Brand A - Cheese,A-06,Modern Trade,896,163904.69,20477.54,143427.15,84942.44,8475.52,9314.46,2101.23
2024-09,Brand A - Cheese,A-06,Modern Trade,974,178214.33,24191.71,154022.62,87377.93,10440.31,10410.09,2297.69
2024-10,Brand A - Cheese,A-06,Modern Trade,880,161035.09,13044.26,147990.83,89590.24,9192.96,10300.91,2522.86
2024-11,Brand A - Cheese,A-06,Modern Trade,888,162543.87,20042.86,142501.01,83770.57,7936.42,14032.36,2986.22
2024-12,Brand A - Cheese,A-06,Modern Trade,611,111758.76,10739.43,101019.33,57466.2,5051.37,10847.84,2335.85
2025-01,Brand A - Cheese,A-06,Modern Trade,800,146477.43,16408.44,130068.99,76413.98,9345.2,11714.45,1939.86
2025-02,Brand A - Cheese,A-06,Modern Trade,841,153878.81,13610.14,140268.67,83077.33,7313.71,11896.35,2345.72
2025-03,Brand A - Cheese,A-06,Modern Trade,996,182209.73,21004.8,161204.93,91371.82,10520.55,16018.41,2357.9
2025-04,Brand A - Cheese,A-06,Modern Trade,1044,191038.18,18485.59,172552.59,97388.29,10278.61,19058.04,1807.15
2025-05,Brand A - Cheese,A-06,Modern Trade,881,161241.2,19610.46,141630.74,84287.01,10424.95,10014.27,3071.97
2025-06,Brand A - Cheese,A-06,Modern Trade,1137,208079.63,18258.36,189821.28,111519.89,7721.25,20376.03,3034.78
2025-07,Brand A - Cheese,A-06,Modern Trade,1158,211908.73,19626.12,192282.61,111173.8,14937.51,14378.14,4335.98
2025-08,Brand A - Cheese,A-06,Modern Trade,1023,187238.48,24850.4,162388.09,96909.61,10901.2,11185.05,2485.76
2025-09,Brand A - Cheese,A-06,Modern Trade,1052,192520.98,17981.15,174539.83,102211.88,8148.44,11694.55,2106.32
2025-10,Brand A - Cheese,A-06,Modern Trade,968,177206.6,16025.91,161180.69,95832.23,10344.88,15479.63,3497.58
2025-11,Brand A - Cheese,A-06,Modern Trade,947,173396.2,20550.21,152845.99,89391.7,10044.99,14912.27,3379.83
2025-12,Brand A - Cheese,A-06,Modern Trade,917,167886.53,24308.51,143578.02,83634.41,12032.22,15796.31,1780.56
2024-01,Brand A - Cheese,A-06,Wholesale,549,100501.85,11694.2,88807.65,52694.87,6511.02,5663.54,1450.89
2024-02,Brand A - Cheese,A-06,Wholesale,601,110056.49,11344.53,98711.96,58553.02,6407.29,6775.38,1843.31
2024-03,Brand A - Cheese,A-06,Wholesale,600,109740.75,9787.21,99953.54,56651.8,5501.01,6642.81,1695.2
2024-04,Brand A - Cheese,A-06,Wholesale,683,125091.13,15907.02,109184.11,62887.64,5705.4,11873.86,1396.03
2024-05,Brand A - Cheese,A-06,Wholesale,781,143026.52,11483.7,131542.82,75270.39,5176.96,9405.2,2024.49
2024-06,Brand A - Cheese,A-06,Wholesale,624,114202.02,14622.96,99579.06,58452.96,5109.12,9332.43,1672.56
2024-07,Brand A - Cheese,A-06,Wholesale,740,135461.52,19808.59,115652.93,66325.83,9754.9,12090.24,2713.55
2024-08,Brand A - Cheese,A-06,Wholesale,704,128903.35,13015.25,115888.09,68278.44,4798.37,7843.26,2652.53
2024-09,Brand A - Cheese,A-06,Wholesale,727,133016.82,18334.56,114682.26,68207.34,4627.53,10119.58,1388.53
2024-10,Brand A - Cheese,A-06,Wholesale,734,134375.58,12831.83,121543.76,69108.68,7284.95,12471.1,1673.83
2024-11,Brand A - Cheese,A-06,Wholesale,522,95550.6,8153.59,87397.02,50261.19,4236.45,5340.41,1660.79
2024-12,Brand A - Cheese,A-06,Wholesale,651,119182.36,18107.0,101075.36,57136.35,4686.85,6921.24,2123.83
2025-01,Brand A - Cheese,A-06,Wholesale,683,124989.15,11360.66,113628.49,67508.43,5863.8,7345.75,2767.0
2025-02,Brand A - Cheese,A-06,Wholesale,744,136166.07,14097.67,122068.4,73911.05,5644.84,9179.16,1357.51
2025-03,Brand A - Cheese,A-06,Wholesale,813,148830.2,22263.17,126567.03,75937.55,10980.57,10826.11,2734.46
2025-04,Brand A - Cheese,A-06,Wholesale,834,152586.77,21815.63,130771.13,74613.64,9393.55,12485.63,1440.95
2025-05,Brand A - Cheese,A-06,Wholesale,784,143489.95,12492.46,130997.48,74075.06,5346.45,9247.03,2832.88
2025-06,Brand A - Cheese,A-06,Wholesale,884,161816.07,18407.26,143408.81,81936.73,8539.94,15940.94,2419.59
2025-07,Brand A - Cheese,A-06,Wholesale,784,143573.32,19488.37,124084.96,71515.7,7615.72,13308.5,1431.64
2025-08,Brand A - Cheese,A-06,Wholesale,804,147225.1,14797.08,132428.02,76148.71,8656.93,8359.0,1551.29
2025-09,Brand A - Cheese,A-06,Wholesale,781,142884.68,19933.68,122951.0,70986.38,7067.97,10548.82,2887.4
2025-10,Brand A - Cheese,A-06,Wholesale,655,119918.25,15166.39,104751.86,63364.5,4364.39,9810.3,1367.33
2025-11,Brand A - Cheese,A-06,Wholesale,739,135320.12,13945.82,121374.3,73373.75,6923.38,9950.78,1834.93
2025-12,Brand A - Cheese,A-06,Wholesale,734,134315.66,13192.97,121122.69,71849.21,5866.27,13957.17,2720.41
2024-01,Brand A - Cheese,A-06,HoReCa,178,32601.78,4041.91,28559.87,17217.46,3424.76,3364.47,547.55
2024-02,Brand A - Cheese,A-06,HoReCa,226,41416.72,3761.51,37655.2,22006.26,3573.61,4322.48,712.73
2024-03,Brand A - Cheese,A-06,HoReCa,243,44551.1,5863.17,38687.93,23419.29,2138.63,3578.07,550.61
2024-04,Brand A - Cheese,A-06,HoReCa,217,39781.71,4115.37,35666.34,21426.72,2862.9,2962.83,748.72
2024-05,Brand A - Cheese,A-06,HoReCa,267,48951.96,6702.56,42249.4,24672.62,4736.16,3088.36,769.16
2024-06,Brand A - Cheese,A-06,HoReCa,265,48444.42,7437.8,41006.62,24105.14,3636.95,4216.86,706.94
2024-07,Brand A - Cheese,A-06,HoReCa,232,42492.3,6554.69,35937.61,20941.83,3408.98,4119.08,775.25
2024-08,Brand A - Cheese,A-06,HoReCa,253,46394.38,3723.61,42670.77,25960.63,3528.28,4234.81,766.32
2024-09,Brand A - Cheese,A-06,HoReCa,224,40970.85,6429.36,34541.49,20270.28,3011.46,3034.9,596.75
2024-10,Brand A - Cheese,A-06,HoReCa,216,39463.68,5512.64,33951.05,19959.18,3810.86,2559.18,638.89
2024-11,Brand A - Cheese,A-06,HoReCa,214,39080.6,6023.63,33056.97,19841.8,3995.76,3570.19,813.64
2024-12,Brand A - Cheese,A-06,HoReCa,195,35662.86,4028.42,31634.45,18795.48,3716.13,2863.27,673.14
2025-01,Brand A - Cheese,A-06,HoReCa,229,41970.13,5579.73,36390.4,20881.96,4311.1,2577.83,874.29
2025-02,Brand A - Cheese,A-06,HoReCa,237,43452.54,4819.13,38633.4,22461.37,2285.51,3420.6,692.0
2025-03,Brand A - Cheese,A-06,HoReCa,276,50451.05,6155.38,44295.67,24981.35,5073.38,3292.65,1022.16
2025-04,Brand A - Cheese,A-06,HoReCa,253,46254.18,6357.99,39896.18,22910.61,4116.09,4295.89,928.31
2025-05,Brand A - Cheese,A-06,HoReCa,305,55776.36,7810.39,47965.96,27603.88,4020.27,3440.54,768.51
2025-06,Brand A - Cheese,A-06,HoReCa,286,52334.07,5686.56,46647.51,27168.68,2830.73,3122.1,535.27
2025-07,Brand A - Cheese,A-06,HoReCa,230,42175.72,3716.95,38458.78,23175.75,3768.36,4505.47,578.16
2025-08,Brand A - Cheese,A-06,HoReCa,306,56040.89,7415.05,48625.84,29148.43,5193.34,4833.24,989.66
2025-09,Brand A - Cheese,A-06,HoReCa,273,49872.43,5030.35,44842.07,25898.23,2739.98,3777.03,722.62
2025-10,Brand A - Cheese,A-06,HoReCa,242,44311.9,5628.48,38683.42,22534.53,2383.45,3676.44,402.12
2025-11,Brand A - Cheese,A-06,HoReCa,219,40134.23,3238.62,36895.6,21207.42,4032.06,2744.55,626.55
2025-12,Brand A - Cheese,A-06,HoReCa,245,44830.04,6267.68,38562.36,23236.16,2747.98,4208.14,401.35
2024-01,Brand A - Cheese,A-06,E-commerce,140,25624.11,2916.92,22707.19,12903.78,1958.13,2053.99,458.73
2024-02,Brand A - Cheese,A-06,E-commerce,158,28929.93,4583.95,24345.98,13736.9,1428.62,1558.8,282.12
2024-03,Brand A - Cheese,A-06,E-commerce,151,27581.18,2387.04,25194.14,14765.74,1198.76,2104.95,362.79
2024-04,Brand A - Cheese,A-06,E-commerce,151,27623.38,3269.19,24354.2,13762.49,1860.05,1987.64,409.7
2024-05,Brand A - Cheese,A-06,E-commerce,142,25928.84,3571.68,22357.16,12875.17,1295.86,1418.45,296.64
2024-06,Brand A - Cheese,A-06,E-commerce,183,33528.37,3528.12,30000.24,17789.61,1815.33,3320.08,380.68
2024-07,Brand A - Cheese,A-06,E-commerce,206,37626.39,4494.16,33132.24,19631.77,1592.48,3379.79,571.75
2024-08,Brand A - Cheese,A-06,E-commerce,149,27242.43,2290.65,24951.78,14851.67,1497.18,1582.34,396.12
2024-09,Brand A - Cheese,A-06,E-commerce,158,28913.03,3070.06,25842.97,14940.41,1335.2,1962.94,322.76
2024-10,Brand A - Cheese,A-06,E-commerce,139,25379.9,2305.56,23074.34,13446.44,1411.53,2328.3,419.71
2024-11,Brand A - Cheese,A-06,E-commerce,142,25979.37,2810.61,23168.76,14041.87,1339.57,1635.48,395.38
2024-12,Brand A - Cheese,A-06,E-commerce,150,27378.2,2341.48,25036.72,14504.42,1275.07,1581.12,414.39
2025-01,Brand A - Cheese,A-06,E-commerce,149,27247.16,3004.44,24242.72,13885.82,921.28,2476.21,510.27
2025-02,Brand A - Cheese,A-06,E-commerce,141,25802.91,2410.43,23392.48,13499.66,1494.28,2345.57,523.42
2025-03,Brand A - Cheese,A-06,E-commerce,171,31252.21,4475.86,26776.35,15930.2,1154.71,1903.13,333.27
2025-04,Brand A - Cheese,A-06,E-commerce,151,27589.28,4262.83,23326.45,13418.32,948.93,1471.48,501.83
2025-05,Brand A - Cheese,A-06,E-commerce,194,35421.41,5446.73,29974.68,17451.03,2340.9,3278.11,538.66
2025-06,Brand A - Cheese,A-06,E-commerce,173,31705.32,3464.29,28241.03,16642.94,1946.34,2161.47,622.55
2025-07,Brand A - Cheese,A-06,E-commerce,180,33017.21,2922.67,30094.55,18324.96,2344.74,3490.91,333.05
2025-08,Brand A - Cheese,A-06,E-commerce,210,38346.93,4468.16,33878.77,20282.84,1876.2,3077.1,824.87
2025-09,Brand A - Cheese,A-06,E-commerce,198,36146.93,4935.85,31211.09,17857.79,1287.39,3086.73,337.08
2025-10,Brand A - Cheese,A-06,E-commerce,142,25969.9,4051.19,21918.71,12483.33,1407.28,2169.71,398.4
2025-11,Brand A - Cheese,A-06,E-commerce,157,28698.21,3531.77,25166.44,15183.88,2194.79,2671.0,327.97
2025-12,Brand A - Cheese,A-06,E-commerce,137,25077.57,3089.46,21988.11,12564.29,1691.78,1823.9,255.83
2024-01,Brand A - Cheese,A-07,Modern Trade,3107,1911139.5,149015.06,1762124.44,1013895.41,20578.47,76439.47,41041.32
2024-02,Brand A - Cheese,A-07,Modern Trade,3660,2251586.98,145760.4,2105826.58,1251215.68,25634.34,80572.06,48793.75
2024-03,Brand A - Cheese,A-07,Modern Trade,3774,2321345.52,180470.64,2140874.89,1225585.01,42163.77,76479.84,34523.72
2024-04,Brand A - Cheese,A-07,Modern Trade,4283,2634767.37,126469.4,2508297.96,1486264.11,38968.09,84404.08,43841.42
2024-05,Brand A - Cheese,A-07,Modern Trade,4149,2552026.63,174213.02,2377813.61,1393265.82,55940.58,90509.43,56791.06
2024-06,Brand A - Cheese,A-07,Modern Trade,4913,3022023.26,71505.3,2950517.96,1666595.92,57281.51,117050.52,55520.26
2024-07,Brand A - Cheese,A-07,Modern Trade,3825,2352995.66,132252.03,2220743.63,1315293.46,32955.08,76961.1,24667.63
2024-08,Brand A - Cheese,A-07,Modern Trade,3741,2301153.26,81794.53,2219358.74,1307077.73,42838.17,79300.73,42495.95
2024-09,Brand A - Cheese,A-07,Modern Trade,4139,2546162.38,134058.83,2412103.55,1392291.62,38227.12,55806.13,58370.03
2024-10,Brand A - Cheese,A-07,Modern Trade,4433,2727129.38,213440.38,2513689.0,1425395.28,49130.2,93588.36,52476.12
2024-11,Brand A - Cheese,A-07,Modern Trade,3507,2157609.45,75689.61,2081919.84,1247746.16,29872.7,44884.62,51705.98
2024-12,Brand A - Cheese,A-07,Modern Trade,4599,2828809.67,183530.44,2645279.24,1520660.15,39131.31,83347.48,56382.43
2025-01,Brand A - Cheese,A-07,Modern Trade,4311,2651641.68,70460.91,2581180.78,1512803.82,30285.17,120125.93,54191.01
2025-02,Brand A - Cheese,A-07,Modern Trade,4370,2688317.84,195941.58,2492376.25,1441605.43,31762.39,97224.74,46343.37
2025-03,Brand A - Cheese,A-07,Modern Trade,4446,2735210.4,172442.81,2562767.59,1513816.46,48230.41,67968.43,30811.19
2025-04,Brand A - Cheese,A-07,Modern Trade,4606,2833244.01,85110.42,2748133.59,1616445.28,43045.21,94807.51,50774.65
2025-05,Brand A - Cheese,A-07,Modern Trade,5256,3233457.02,100983.26,3132473.75,1901640.43,34737.16,116242.05,69013.71
2025-06,Brand A - Cheese,A-07,Modern Trade,4896,3011499.44,170012.74,2841486.7,1703204.4,56089.46,87480.13,44427.0
2025-07,Brand A - Cheese,A-07,Modern Trade,5363,3299228.02,88892.47,3210335.55,1934783.1,48302.33,151139.68,72369.04
2025-08,Brand A - Cheese,A-07,Modern Trade,4672,2873713.73,147779.45,2725934.29,1611973.64,37856.54,64448.84,28791.42
2025-09,Brand A - Cheese,A-07,Modern Trade,4646,2858187.16,74299.62,2783887.54,1660291.84,47689.88,68265.82,43242.56
2025-10,Brand A - Cheese,A-07,Modern Trade,4814,2961285.41,120813.84,2840471.57,1658058.35,66725.1,91400.23,58570.13
2025-11,Brand A - Cheese,A-07,Modern Trade,4892,3009246.86,210035.05,2799211.81,1694435.38,38091.05,99155.65,55984.81
2025-12,Brand A - Cheese,A-07,Modern Trade,4007,2464898.91,173056.57,2291842.34,1296871.97,54064.13,84878.53,37477.76
2024-01,Brand A - Cheese,A-07,Wholesale,2615,1608558.27,66099.97,1542458.3,892602.19,16882.14,47869.34,26782.48
2024-02,Brand A - Cheese,A-07,Wholesale,3153,1939700.21,133402.19,1806298.03,1068673.13,21780.91,73327.73,28848.03
2024-03,Brand A - Cheese,A-07,Wholesale,2873,1767044.09,94578.69,1672465.4,951582.53,26237.38,57272.17,22689.86
2024-04,Brand A - Cheese,A-07,Wholesale,2933,1804138.59,72306.34,1731832.26,1001991.34,34900.19,58573.42,39690.9
2024-05,Brand A - Cheese,A-07,Wholesale,3728,2293516.12,125021.79,2168494.33,1270840.52,28260.47,101495.07,38771.49
2024-06,Brand A - Cheese,A-07,Wholesale,3367,2071400.63,79160.02,1992240.61,1137187.95,35148.57,78676.32,34297.66
2024-07,Brand A - Cheese,A-07,Wholesale,3549,2183465.94,120002.57,2063463.37,1173242.1,35861.49,47576.61,28326.91
2024-08,Brand A - Cheese,A-07,Wholesale,3255,2002541.29,60246.41,1942294.88,1106539.39,28764.66,85024.6,31425.64
2024-09,Brand A - Cheese,A-07,Wholesale,3410,2097463.41,114418.45,1983044.96,1166430.11,20752.09,72319.64,34925.24
2024-10,Brand A - Cheese,A-07,Wholesale,2946,1812173.87,78803.68,1733370.19,985229.7,21244.02,47185.63,22007.44
2024-11,Brand A - Cheese,A-07,Wholesale,2501,1538524.03,55142.51,1483381.52,876783.86,22131.51,51524.23,28243.14
2024-12,Brand A - Cheese,A-07,Wholesale,2866,1762900.95,139160.01,1623740.94,933845.61,37367.02,36712.94,29297.41
2025-01,Brand A - Cheese,A-07,Wholesale,2929,1801682.16,67652.0,1734030.16,976176.44,30079.91,77451.36,17442.73
2025-02,Brand A - Cheese,A-07,Wholesale,3531,2171970.49,92684.6,2079285.89,1243966.15,41312.11,62318.44,42634.69
2025-03,Brand A - Cheese,A-07,Wholesale,3436,2113513.08,137842.94,1975670.15,1159735.72,35368.03,93272.85,45007.98
2025-04,Brand A - Cheese,A-07,Wholesale,4381,2694950.62,131783.86,2563166.76,1451425.53,44402.03,102573.33,42988.61
2025-05,Brand A - Cheese,A-07,Wholesale,3635,2236182.0,153054.66,2083127.33,1203970.5,34630.12,98536.77,38698.29
2025-06,Brand A - Cheese,A-07,Wholesale,3797,2335729.61,170528.32,2165201.28,1283590.18,50807.11,72164.54,41660.9
2025-07,Brand A - Cheese,A-07,Wholesale,4258,2619076.1,170035.4,2449040.69,1442160.86,31048.66,82039.05,35734.01
2025-08,Brand A - Cheese,A-07,Wholesale,3861,2374916.73,104567.18,2270349.55,1334455.2,42301.61,46446.96,28492.97
2025-09,Brand A - Cheese,A-07,Wholesale,3507,2157522.93,107333.91,2050189.02,1222580.35,23766.99,46033.34,50810.0
2025-10,Brand A - Cheese,A-07,Wholesale,3189,1961960.3,111843.05,1850117.25,1046628.2,37819.14,71912.75,37761.61
2025-11,Brand A - Cheese,A-07,Wholesale,2856,1756998.37,137467.56,1619530.82,973253.41,20959.46,39990.52,25945.98
2025-12,Brand A - Cheese,A-07,Wholesale,3611,2221453.17,73899.64,2147553.53,1265008.41,32265.14,50197.6,31086.53
2024-01,Brand A - Cheese,A-07,HoReCa,1059,651342.76,50582.09,600760.67,362173.6,11307.81,20529.48,6121.17
2024-02,Brand A - Cheese,A-07,HoReCa,1087,668532.13,32952.41,635579.72,379151.55,13971.13,15540.75,10495.93
2024-03,Brand A - Cheese,A-07,HoReCa,1043,641730.41,48814.32,592916.08,355721.45,10328.19,25408.99,10403.13
2024-04,Brand A - Cheese,A-07,HoReCa,1170,719858.36,21665.89,698192.47,425187.36,16771.14,26024.54,15693.4
2024-05,Brand A - Cheese,A-07,HoReCa,1215,747412.86,46171.5,701241.36,414210.76,16101.68,23978.55,16418.19
2024-06,Brand A - Cheese,A-07,HoReCa,1141,702187.68,40016.28,662171.39,373851.54,16868.13,18329.84,16498.69
2024-07,Brand A - Cheese,A-07,HoReCa,1430,879488.07,35837.52,843650.56,492648.3,20094.78,41684.58,10051.71
2024-08,Brand A - Cheese,A-07,HoReCa,1178,724486.51,41329.81,683156.69,399729.77,22200.07,21300.31,12532.26
2024-09,Brand A - Cheese,A-07,HoReCa,1276,785114.57,24588.12,760526.45,446990.53,15983.1,28115.63,11860.8
2024-10,Brand A - Cheese,A-07,HoReCa,1201,738530.63,58533.85,679996.78,412969.65,19646.82,29400.29,12943.71
2024-11,Brand A - Cheese,A-07,HoReCa,1043,641874.24,50418.36,591455.89,335688.14,10647.5,12529.4,7871.77
2024-12,Brand A - Cheese,A-07,HoReCa,990,608978.7,17100.07,591878.64,347550.12,11129.76,21502.76,11488.07
2025-01,Brand A - Cheese,A-07,HoReCa,1120,688820.79,27432.93,661387.86,393901.72,12179.57,14896.63,12185.42
2025-02,Brand A - Cheese,A-07,HoReCa,1215,747204.9,33775.08,713429.82,420717.81,13916.75,23089.5,15110.4
2025-03,Brand A - Cheese,A-07,HoReCa,1236,760393.87,24539.5,735854.37,445782.44,17992.15,25755.68,13248.61
2025-04,Brand A - Cheese,A-07,HoReCa,1204,740448.9,44371.03,696077.87,423265.55,14013.77,20609.38,10847.61
2025-05,Brand A - Cheese,A-07,HoReCa,1302,800630.08,27934.9,772695.17,456812.36,19341.56,31009.26,8296.46
2025-06,Brand A - Cheese,A-07,HoReCa,1353,832581.06,37891.5,794689.55,465493.01,14430.56,32434.67,9882.64
2025-07,Brand A - Cheese,A-07,HoReCa,1237,761138.03,19746.41,741391.62,429581.55,16145.13,15292.16,13801.98
2025-08,Brand A - Cheese,A-07,HoReCa,1377,846952.74,44618.36,802334.38,455108.88,24661.05,37628.67,11736.82
2025-09,Brand A - Cheese,A-07,HoReCa,1214,746761.1,31110.54,715650.56,429177.38,23140.5,15143.29,16208.27
2025-10,Brand A - Cheese,A-07,HoReCa,1055,648701.04,40008.84,608692.21,368651.27,15390.9,21546.78,6410.03
2025-11,Brand A - Cheese,A-07,HoReCa,1137,699270.26,36293.14,662977.11,393557.47,18103.98,13786.12,7885.04
2025-12,Brand A - Cheese,A-07,HoReCa,1194,734437.09,39434.0,695003.09,410466.03,20667.11,26340.79,10418.66
2024-01,Brand A - Cheese,A-07,E-commerce,618,379876.93,24533.1,355343.83,207267.11,4682.63,13427.36,8778.93
2024-02,Brand A - Cheese,A-07,E-commerce,564,347148.22,24560.13,322588.09,193676.35,7076.25,14289.86,6928.7
2024-03,Brand A - Cheese,A-07,E-commerce,794,488302.38,26758.28,461544.1,278723.03,9615.94,21487.74,9823.05
2024-04,Brand A - Cheese,A-07,E-commerce,665,409058.64,22073.71,386984.93,222787.11,8199.02,16415.07,8426.86
2024-05,Brand A - Cheese,A-07,E-commerce,765,470842.91,10046.96,460795.95,273039.57,7056.1,15760.98,8068.77
2024-06,Brand A - Cheese,A-07,E-commerce,992,610071.43,47040.72,563030.72,326929.67,7853.64,15703.29,12723.21
2024-07,Brand A - Cheese,A-07,E-commerce,779,478940.12,29310.68,449629.44,264835.53,7812.33,20562.16,4959.1
2024-08,Brand A - Cheese,A-07,E-commerce,760,467303.11,31091.11,436212.0,262684.04,9076.18,18624.36,7786.74
2024-09,Brand A - Cheese,A-07,E-commerce,745,458560.13,18719.58,439840.55,267639.48,7390.29,9885.19,5916.68
2024-10,Brand A - Cheese,A-07,E-commerce,684,420505.19,16065.25,404439.95,234488.39,5329.32,11551.58,6592.64
2024-11,Brand A - Cheese,A-07,E-commerce,716,440474.89,22430.66,418044.23,253892.46,5977.5,19266.39,6413.18
2024-12,Brand A - Cheese,A-07,E-commerce,717,440771.16,34610.97,406160.19,237459.92,8684.21,11755.94,9773.34
2025-01,Brand A - Cheese,A-07,E-commerce,667,410093.44,28079.94,382013.5,218647.57,9161.74,14609.74,9169.88
2025-02,Brand A - Cheese,A-07,E-commerce,744,457674.64,21966.93,435707.71,249440.23,8419.08,14112.18,8260.28
2025-03,Brand A - Cheese,A-07,E-commerce,802,493307.82,12241.98,481065.84,274332.11,6740.75,14467.82,9152.28
2025-04,Brand A - Cheese,A-07,E-commerce,812,499649.98,37637.28,462012.7,272085.91,8475.23,15121.87,6587.16
2025-05,Brand A - Cheese,A-07,E-commerce,897,551608.99,20482.95,531126.04,304939.38,7854.68,14944.09,9309.32
2025-06,Brand A - Cheese,A-07,E-commerce,916,563184.16,36738.46,526445.7,313373.07,10901.28,21062.35,7699.63
2025-07,Brand A - Cheese,A-07,E-commerce,894,549876.51,13207.57,536668.94,315250.11,6862.76,25221.62,5802.18
2025-08,Brand A - Cheese,A-07,E-commerce,764,470009.14,30305.91,439703.23,259435.63,5559.96,14298.51,5996.32
2025-09,Brand A - Cheese,A-07,E-commerce,964,593304.03,27470.36,565833.67,326118.93,10249.22,12928.2,9731.33
2025-10,Brand A - Cheese,A-07,E-commerce,736,452830.89,20855.88,431975.01,246810.97,9533.87,16469.99,5950.4
2025-11,Brand A - Cheese,A-07,E-commerce,800,492172.05,21638.47,470533.59,266872.62,7898.36,23388.58,7490.55
2025-12,Brand A - Cheese,A-07,E-commerce,862,530540.62,23089.21,507451.41,297300.66,10295.69,19059.65,11098.16
2024-01,Brand A - Cheese,A-08,Modern Trade,2882,588874.48,45524.43,543350.05,311102.05,19493.61,13858.68,10739.66
2024-02,Brand A - Cheese,A-08,Modern Trade,3011,615117.71,21811.23,593306.48,340772.39,37958.11,28397.33,13207.45
2024-03,Brand A - Cheese,A-08,Modern Trade,2361,482402.89,20682.49,461720.4,269995.59,23038.99,21206.02,7482.2
2024-04,Brand A - Cheese,A-08,Modern Trade,3166,646902.51,14193.05,632709.45,365313.11,33303.4,28745.93,6336.56
2024-05,Brand A - Cheese,A-08,Modern Trade,3920,801048.68,41596.5,759452.18,438195.58,47618.6,16289.01,18955.18
2024-06,Brand A - Cheese,A-08,Modern Trade,3596,734727.32,18112.18,716615.14,414730.3,26840.07,24397.92,10329.54
2024-07,Brand A - Cheese,A-08,Modern Trade,3944,805887.79,60213.85,745673.94,420441.98,49765.77,24458.94,11129.34
2024-08,Brand A - Cheese,A-08,Modern Trade,3627,740992.53,55094.94,685897.58,400589.19,46359.23,24846.63,12120.82
2024-09,Brand A - Cheese,A-08,Modern Trade,3214,656701.34,34883.42,621817.91,352446.74,44497.96,21680.96,6729.0
2024-10,Brand A - Cheese,A-08,Modern Trade,3317,677662.15,20009.76,657652.4,373518.31,34519.14,19185.42,10752.02
2024-11,Brand A - Cheese,A-08,Modern Trade,2832,578574.49,38494.6,540079.88,308569.24,21710.72,14628.01,10246.71
2024-12,Brand A - Cheese,A-08,Modern Trade,3546,724630.31,17305.51,707324.8,407929.43,28814.09,33318.79,12802.54
2025-01,Brand A - Cheese,A-08,Modern Trade,2858,584031.98,18621.7,565410.28,326959.48,29125.68,21175.0,12246.3
2025-02,Brand A - Cheese,A-08,Modern Trade,2985,609812.88,32722.93,577089.95,337776.36,37389.25,14910.37,12836.87
2025-03,Brand A - Cheese,A-08,Modern Trade,3332,680820.77,33456.9,647363.88,388681.43,26103.87,24831.22,7360.84
2025-04,Brand A - Cheese,A-08,Modern Trade,3886,794049.25,20295.0,773754.25,437937.36,42828.73,32276.65,17708.11
2025-05,Brand A - Cheese,A-08,Modern Trade,4025,822450.56,18942.11,803508.46,485092.76,52014.47,33639.53,19606.03
2025-06,Brand A - Cheese,A-08,Modern Trade,4038,824974.1,37394.0,787580.09,473463.04,34090.2,31870.51,12903.65
2025-07,Brand A - Cheese,A-08,Modern Trade,4023,821971.01,61669.19,760301.82,446313.9,46237.48,37273.86,11781.81
2025-08,Brand A - Cheese,A-08,Modern Trade,4022,821798.55,32205.92,789592.63,479122.61,37382.48,24923.3,9034.04
2025-09,Brand A - Cheese,A-08,Modern Trade,3753,766883.24,37665.92,729217.32,411695.1,38181.87,22599.98,12505.59
2025-10,Brand A - Cheese,A-08,Modern Trade,3827,781878.54,43454.29,738424.26,423672.37,29729.02,22067.04,13791.17
2025-11,Brand A - Cheese,A-08,Modern Trade,3393,693309.01,21103.48,672205.53,388974.01,30806.3,31573.0,11860.41
2025-12,Brand A - Cheese,A-08,Modern Trade,2862,584690.18,38052.63,546637.55,319735.87,38405.91,22081.69,9793.41
2024-01,Brand A - Cheese,A-08,Wholesale,2206,450701.39,20741.46,429959.93,254295.03,16084.89,21141.82,4444.23
2024-02,Brand A - Cheese,A-08,Wholesale,2168,443026.34,24071.83,418954.52,242936.26,19839.53,10390.15,9666.05
2024-03,Brand A - Cheese,A-08,Wholesale,2814,574926.62,27458.86,547467.75,320461.88,18592.46,14556.8,8621.17
2024-04,Brand A - Cheese,A-08,Wholesale,3239,661767.34,18467.91,643299.43,371223.83,31410.98,27513.85,15790.73
2024-05,Brand A - Cheese,A-08,Wholesale,2504,511547.7,16436.62,495111.08,290060.0,18895.84,12567.42,6540.21
2024-06,Brand A - Cheese,A-08,Wholesale,2884,589244.96,29611.97,559633.0,315274.11,25087.77,12511.07,11323.55
2024-07,Brand A - Cheese,A-08,Wholesale,2909,594415.57,20206.5,574209.07,333092.78,25633.48,25056.83,7825.09
2024-08,Brand A - Cheese,A-08,Wholesale,3059,624990.0,37538.37,587451.62,331472.54,35843.59,24323.2,9394.32
2024-09,Brand A - Cheese,A-08,Wholesale,2496,510004.65,26760.96,483243.69,282510.34,28835.0,23842.5,7972.29
2024-10,Brand A - Cheese,A-08,Wholesale,2733,558334.08,13475.0,544859.08,310607.24,32537.87,13135.06,7365.83
2024-11,Brand A - Cheese,A-08,Wholesale,2072,423353.13,30383.08,392970.05,239144.32,14649.47,10932.8,4167.86
2024-12,Brand A - Cheese,A-08,Wholesale,2837,579578.58,23244.1,556334.48,322492.08,24495.87,23681.66,7249.48
2025-01,Brand A - Cheese,A-08,Wholesale,2588,528798.07,17261.53,511536.54,304077.23,31709.01,16515.77,11029.86
2025-02,Brand A - Cheese,A-08,Wholesale,2649,541307.27,37050.3,504256.96,298647.86,19871.7,11771.13,7578.76
2025-03,Brand A - Cheese,A-08,Wholesale,3119,637252.56,27069.19,610183.37,345382.73,26797.21,22449.92,12786.91
2025-04,Brand A - Cheese,A-08,Wholesale,2801,572295.1,45612.74,526682.35,317342.33,33399.07,22238.57,6161.94
2025-05,Brand A - Cheese,A-08,Wholesale,3323,679037.1,31739.71,647297.39,392973.02,28974.06,15568.76,13895.04
2025-06,Brand A - Cheese,A-08,Wholesale,3485,712028.04,47929.87,664098.17,398939.31,41789.3,17895.76,6935.67
2025-07,Brand A - Cheese,A-08,Wholesale,2923,597306.3,31512.67,565793.63,333594.74,28195.95,14789.88,13108.47
2025-08,Brand A - Cheese,A-08,Wholesale,3244,662894.66,34983.2,627911.47,355070.85,34632.08,30295.76,11097.83
2025-09,Brand A - Cheese,A-08,Wholesale,2785,569096.69,36407.09,532689.6,305803.25,18932.06,22418.53,12495.43
2025-10,Brand A - Cheese,A-08,Wholesale,2766,565090.63,42575.09,522515.54,310512.75,23972.67,23597.89,12929.2
2025-11,Brand A - Cheese,A-08,Wholesale,2816,575413.62,26293.8,549119.83,316522.15,31311.52,23508.13,7847.76
2025-12,Brand A - Cheese,A-08,Wholesale,2834,579071.52,27496.17,551575.35,316271.23,18447.71,24070.99,8551.03
2024-01,Brand A - Cheese,A-08,HoReCa,767,156817.41,10709.44,146107.97,88426.05,7619.49,3611.52,2135.03
2024-02,Brand A - Cheese,A-08,HoReCa,845,172671.59,3829.08,168842.51,96417.53,14269.17,4991.56,3238.84
2024-03,Brand A - Cheese,A-08,HoReCa,767,156694.61,5199.27,151495.33,85323.95,7533.05,3491.81,2936.21
2024-04,Brand A - Cheese,A-08,HoReCa,963,196820.93,15299.69,181521.24,103611.08,10679.66,8374.55,2002.3
2024-05,Brand A - Cheese,A-08,HoReCa,890,181916.73,10043.3,171873.43,102390.13,16761.48,7428.62,2240.85
2024-06,Brand A - Cheese,A-08,HoReCa,942,192556.81,14610.95,177945.86,108185.35,18287.59,8539.59,2597.02
2024-07,Brand A - Cheese,A-08,HoReCa,841,171928.58,3518.35,168410.22,99950.38,13009.54,5061.17,3142.08
2024-08,Brand A - Cheese,A-08,HoReCa,1034,211259.24,13638.84,197620.4,119437.3,14508.2,8276.35,2378.86
2024-09,Brand A - Cheese,A-08,HoReCa,852,173983.25,3491.2,170492.05,96534.42,7961.12,7119.37,4135.69
2024-10,Brand A - Cheese,A-08,HoReCa,778,158910.96,12391.36,146519.61,84222.82,8596.97,5094.56,1568.13
2024-11,Brand A - Cheese,A-08,HoReCa,775,158370.18,4682.87,153687.31,87204.43,9744.71,6418.8,3513.69
2024-12,Brand A - Cheese,A-08,HoReCa,842,172015.18,13754.11,158261.07,95937.37,9377.05,7455.3,1582.87
2025-01,Brand A - Cheese,A-08,HoReCa,747,152652.71,3354.63,149298.07,89506.76,13036.55,6156.39,2110.35
2025-02,Brand A - Cheese,A-08,HoReCa,994,203187.73,15382.61,187805.11,106170.62,11994.26,5584.3,3886.0
2025-03,Brand A - Cheese,A-08,HoReCa,914,186752.95,9880.59,176872.36,102189.06,9154.54,5088.64,2077.47
2025-04,Brand A - Cheese,A-08,HoReCa,1120,228862.28,8447.83,220414.45,127894.49,19016.59,9977.42,5194.32
2025-05,Brand A - Cheese,A-08,HoReCa,1052,214876.05,8228.95,206647.09,121155.54,12786.93,10097.69,3181.48
2025-06,Brand A - Cheese,A-08,HoReCa,1096,224014.5,16051.13,207963.37,119518.21,14203.0,9876.65,3751.08
2025-07,Brand A - Cheese,A-08,HoReCa,1050,214601.59,14633.05,199968.54,119456.75,11929.39,9797.05,4036.05
2025-08,Brand A - Cheese,A-08,HoReCa,1197,244644.51,14405.19,230239.32,131523.8,17885.26,8324.14,2684.13
2025-09,Brand A - Cheese,A-08,HoReCa,973,198728.99,10629.52,188099.46,107042.08,10512.55,5134.82,2368.59
2025-10,Brand A - Cheese,A-08,HoReCa,1083,221316.93,4767.54,216549.39,124886.67,12395.42,9083.75,2265.94
2025-11,Brand A - Cheese,A-08,HoReCa,845,172598.07,5771.63,166826.44,95798.68,14107.46,5594.2,3019.79
2025-12,Brand A - Cheese,A-08,HoReCa,957,195565.62,6025.84,189539.78,108904.35,14494.07,4977.15,3019.4
2024-01,Brand A - Cheese,A-08,E-commerce,464,94903.59,3704.88,91198.72,53455.19,5091.56,4451.46,1077.45
2024-02,Brand A - Cheese,A-08,E-commerce,505,103260.19,4118.13,99142.07,59301.5,6153.69,2644.98,2353.64
2024-03,Brand A - Cheese,A-08,E-commerce,535,109385.09,2222.23,107162.86,62846.83,3994.12,4967.49,1539.87
2024-04,Brand A - Cheese,A-08,E-commerce,590,120592.7,3819.15,116773.55,70558.6,4279.43,4604.82,1342.58
2024-05,Brand A - Cheese,A-08,E-commerce,617,126152.83,5848.53,120304.3,70045.36,4114.48,3666.16,2572.97
2024-06,Brand A - Cheese,A-08,E-commerce,678,138453.07,5561.98,132891.09,80024.94,5656.81,4661.05,1470.86
2024-07,Brand A - Cheese,A-08,E-commerce,653,133359.8,9298.39,124061.41,73274.44,6914.56,5923.1,2823.27
2024-08,Brand A - Cheese,A-08,E-commerce,737,150577.48,3102.77,147474.7,88792.28,6557.68,7138.67,2916.33
2024-09,Brand A - Cheese,A-08,E-commerce,526,107379.68,3309.9,104069.79,60604.01,7331.25,2416.05,2119.23
2024-10,Brand A - Cheese,A-08,E-commerce,566,115659.63,2573.14,113086.49,66597.7,7529.88,2309.88,1185.29
2024-11,Brand A - Cheese,A-08,E-commerce,586,119821.26,5750.47,114070.79,68473.97,8189.98,2298.26,2451.9
2024-12,Brand A - Cheese,A-08,E-commerce,562,114758.46,4320.08,110438.38,66456.02,6066.66,4603.8,1527.62
2025-01,Brand A - Cheese,A-08,E-commerce,519,106011.88,2444.45,103567.43,59192.19,5127.76,2562.8,1237.77
2025-02,Brand A - Cheese,A-08,E-commerce,668,136431.37,6521.47,129909.9,74840.63,4741.04,5501.19,1852.61
2025-03,Brand A - Cheese,A-08,E-commerce,537,109626.69,8339.82,101286.87,60475.12,4080.59,4701.51,1467.39
2025-04,Brand A - Cheese,A-08,E-commerce,650,132854.18,3695.29,129158.89,77366.94,7742.23,3280.94,3165.31
2025-05,Brand A - Cheese,A-08,E-commerce,745,152193.14,9769.42,142423.72,83874.26,5173.28,6391.93,2440.95
2025-06,Brand A - Cheese,A-08,E-commerce,697,142482.78,7350.94,135131.84,79598.84,8825.82,5048.37,3052.96
2025-07,Brand A - Cheese,A-08,E-commerce,683,139587.88,7826.4,131761.48,76905.33,7633.57,5869.84,2555.49
2025-08,Brand A - Cheese,A-08,E-commerce,691,141226.4,8485.29,132741.11,75641.43,6304.89,4318.1,1828.81
2025-09,Brand A - Cheese,A-08,E-commerce,683,139533.64,8346.84,131186.8,75870.05,4339.73,3296.39,2662.07
2025-10,Brand A - Cheese,A-08,E-commerce,658,134448.17,10116.57,124331.61,74159.91,9027.2,5957.16,2587.49
2025-11,Brand A - Cheese,A-08,E-commerce,645,131885.78,7364.86,124520.91,74041.6,8368.72,3380.67,2765.41
2025-12,Brand A - Cheese,A-08,E-commerce,636,129922.58,5039.84,124882.73,73365.72,5389.42,2798.18,1781.87
2024-01,Brand B - Yoghurt,B-01,Modern Trade,1352,1398984.8,79812.08,1319172.72,838481.53,11269.17,51158.26,29106.02
2024-02,Brand B - Yoghurt,B-01,Modern Trade,1380,1427939.41,46502.38,1381437.03,845198.66,11519.2,44959.06,34489.0
2024-03,Brand B - Yoghurt,B-01,Modern Trade,1505,1556783.72,73725.31,1483058.41,939794.48,15317.76,31324.72,17921.86
2024-04,Brand B - Yoghurt,B-01,Modern Trade,1854,1918286.57,140162.45,1778124.12,1101538.04,19053.29,62121.8,26377.61
2024-05,Brand B - Yoghurt,B-01,Modern Trade,1771,1832149.0,92543.05,1739605.95,1077923.05,18682.28,52158.41,39530.59
2024-06,Brand B - Yoghurt,B-01,Modern Trade,1848,1911545.2,119678.66,1791866.54,1135817.4,12028.18,48151.91,35492.95
2024-07,Brand B - Yoghurt,B-01,Modern Trade,1868,1932372.7,131701.21,1800671.49,1138375.97,25312.39,61244.26,38619.45
2024-08,Brand B - Yoghurt,B-01,Modern Trade,1598,1653637.22,87598.56,1566038.66,999096.61,9674.03,44220.61,27925.38
2024-09,Brand B - Yoghurt,B-01,Modern Trade,1595,1650058.72,70638.11,1579420.61,958318.9,13504.23,72195.12,36727.33
2024-10,Brand B - Yoghurt,B-01,Modern Trade,1681,1739060.59,105424.45,1633636.14,1011222.47,16385.96,59585.06,21352.23
2024-11,Brand B - Yoghurt,B-01,Modern Trade,1558,1612238.82,45134.26,1567104.56,1016814.12,19905.44,59279.97,30514.37
2024-12,Brand B - Yoghurt,B-01,Modern Trade,1556,1610201.92,92997.03,1517204.89,913165.73,19139.35,60868.54,17596.27
2025-01,Brand B - Yoghurt,B-01,Modern Trade,1468,1518424.14,51454.02,1466970.12,952844.2,19369.23,47704.76,34393.98
2025-02,Brand B - Yoghurt,B-01,Modern Trade,1659,1716117.44,106049.8,1610067.64,984419.08,10039.67,46462.31,36994.79
2025-03,Brand B - Yoghurt,B-01,Modern Trade,1883,1947725.13,41903.0,1905822.13,1211860.53,17030.11,86138.88,35371.22
2025-04,Brand B - Yoghurt,B-01,Modern Trade,1971,2039660.34,84584.16,1955076.18,1251245.69,19818.22,39939.8,41935.18
2025-05,Brand B - Yoghurt,B-01,Modern Trade,1946,2013346.87,53133.21,1960213.66,1209523.33,22754.75,86384.92,45490.07
2025-06,Brand B - Yoghurt,B-01,Modern Trade,2030,2100346.38,121173.26,1979173.12,1248031.68,14535.57,61386.38,46522.3
2025-07,Brand B - Yoghurt,B-01,Modern Trade,2242,2319386.95,125485.95,2193901.0,1357760.26,27253.9,51706.36,27726.52
2025-08,Brand B - Yoghurt,B-01,Modern Trade,1738,1798223.91,119256.7,1678967.22,1075325.06,22493.75,41937.34,30498.78
2025-09,Brand B - Yoghurt,B-01,Modern Trade,1846,1909580.78,146277.22,1763303.56,1068712.54,23600.44,86821.75,21148.72
2025-10,Brand B - Yoghurt,B-01,Modern Trade,1405,1453721.22,108292.33,1345428.89,836434.09,8796.7,48638.7,28610.27
2025-11,Brand B - Yoghurt,B-01,Modern Trade,1589,1644074.9,78526.5,1565548.41,1011900.04,15955.61,66112.98,28942.95
2025-12,Brand B - Yoghurt,B-01,Modern Trade,1859,1923367.83,105104.38,1818263.45,1181105.71,24699.89,69260.13,36047.36
2024-01,Brand B - Yoghurt,B-01,Wholesale,1025,1060267.05,46827.16,1013439.89,648930.92,13628.23,43282.78,13611.53
2024-02,Brand B - Yoghurt,B-01,Wholesale,1157,1196607.62,67721.73,1128885.89,684247.73,14357.4,30568.86,13162.79
2024-03,Brand B - Yoghurt,B-01,Wholesale,1040,1076115.74,60019.18,1016096.56,621127.95,10670.38,38567.04,24358.79
2024-04,Brand B - Yoghurt,B-01,Wholesale,1498,1550310.66,102647.24,1447663.41,937765.63,14491.37,44714.8,20277.56
2024-05,Brand B - Yoghurt,B-01,Wholesale,1430,1479488.27,107952.29,1371535.98,840199.21,15386.35,61492.16,17813.86
2024-06,Brand B - Yoghurt,B-01,Wholesale,1311,1356095.13,105184.59,1250910.54,805904.98,17889.79,40186.02,14034.14
2024-07,Brand B - Yoghurt,B-01,Wholesale,1265,1309218.47,70613.99,1238604.48,799911.87,8349.19,47033.69,15171.93
2024-08,Brand B - Yoghurt,B-01,Wholesale,1449,1498889.45,118154.5,1380734.95,834558.94,12756.99,37920.58,22324.3
2024-09,Brand B - Yoghurt,B-01,Wholesale,1240,1282539.4,37271.21,1245268.19,783724.65,13130.89,51383.14,19403.98
2024-10,Brand B - Yoghurt,B-01,Wholesale,1155,1194945.53,66698.23,1128247.3,685154.19,10851.83,24197.27,15035.55
2024-11,Brand B - Yoghurt,B-01,Wholesale,1273,1316801.6,26451.19,1290350.4,834961.94,13878.95,31143.11,30982.27
2024-12,Brand B - Yoghurt,B-01,Wholesale,1327,1373132.53,109580.84,1263551.69,805183.26,16106.75,35279.31,30229.05
2025-01,Brand B - Yoghurt,B-01,Wholesale,1107,1144777.6,81810.61,1062966.99,675486.63,12767.01,31283.08,16658.83
2025-02,Brand B - Yoghurt,B-01,Wholesale,1367,1413922.83,59814.35,1354108.48,864375.25,14093.5,41258.96,14937.19
2025-03,Brand B - Yoghurt,B-01,Wholesale,1333,1379588.34,76309.19,1303279.15,809270.21,9749.85,55465.92,25051.45
2025-04,Brand B - Yoghurt,B-01,Wholesale,1441,1490966.1,73894.59,1417071.5,898900.05,17855.74,45414.0,23993.98
2025-05,Brand B - Yoghurt,B-01,Wholesale,1604,1659044.69,73500.21,1585544.48,987672.54,14022.87,62665.62,16603.07
2025-06,Brand B - Yoghurt,B-01,Wholesale,1565,1618992.24,89791.81,1529200.43,940338.33,13431.81,45610.34,30355.02
2025-07,Brand B - Yoghurt,B-01,Wholesale,1678,1736057.57,123816.3,1612241.27,1044729.25,21972.75,68389.96,26675.97
2025-08,Brand B - Yoghurt,B-01,Wholesale,1658,1715268.05,129114.11,1586153.94,1010157.37,21128.06,62705.72,26884.41
2025-09,Brand B - Yoghurt,B-01,Wholesale,1357,1403504.13,104680.48,1298823.66,797583.48,9395.0,49748.18,25904.38
2025-10,Brand B - Yoghurt,B-01,Wholesale,1483,1534545.27,49443.21,1485102.07,901878.02,9887.34,58690.47,33251.35
2025-11,Brand B - Yoghurt,B-01,Wholesale,1257,1300441.88,28832.29,1271609.59,766225.46,10204.56,32993.34,24339.28
2025-12,Brand B - Yoghurt,B-01,Wholesale,1223,1265413.65,63528.8,1201884.85,758768.14,9463.64,57579.94,12391.89
2024-01,Brand B - Yoghurt,B-01,HoReCa,378,390948.33,14418.23,376530.1,234442.44,5502.12,15065.53,4209.1
2024-02,Brand B - Yoghurt,B-01,HoReCa,429,444175.07,10137.29,434037.77,273867.5,6184.45,17631.92,7463.88
2024-03,Brand B - Yoghurt,B-01,HoReCa,454,469239.5,12827.74,456411.76,275270.44,7652.84,12883.84,6112.04
2024-04,Brand B - Yoghurt,B-01,HoReCa,462,478028.92,20477.36,457551.56,284981.35,8733.67,12816.87,10734.82
2024-05,Brand B - Yoghurt,B-01,HoReCa,447,462688.01,32831.39,429856.62,274085.66,8213.3,18889.56,8959.79
2024-06,Brand B - Yoghurt,B-01,HoReCa,488,505373.53,40250.81,465122.73,287985.81,8845.31,15671.33,6989.16
2024-07,Brand B - Yoghurt,B-01,HoReCa,521,538585.72,34687.08,503898.64,306388.4,9264.24,24514.95,10127.18
2024-08,Brand B - Yoghurt,B-01,HoReCa,486,502843.12,16670.79,486172.34,308016.89,6585.36,12506.53,11269.62
2024-09,Brand B - Yoghurt,B-01,HoReCa,426,441188.01,25627.51,415560.51,262067.02,4998.41,15933.71,4877.5
2024-10,Brand B - Yoghurt,B-01,HoReCa,441,456356.75,17754.38,438602.37,271794.5,4746.88,9232.48,8501.82
2024-11,Brand B - Yoghurt,B-01,HoReCa,354,366088.38,13805.53,352282.85,219587.91,5330.02,11903.71,8307.98
2024-12,Brand B - Yoghurt,B-01,HoReCa,411,424871.78,26974.14,397897.64,254036.19,4054.23,15395.21,7172.03
2025-01,Brand B - Yoghurt,B-01,HoReCa,446,461109.32,25294.52,435814.8,275473.63,6281.38,13977.12,10035.44
2025-02,Brand B - Yoghurt,B-01,HoReCa,450,465626.05,17998.85,447627.2,278351.7,8351.06,17479.97,5610.58
2025-03,Brand B - Yoghurt,B-01,HoReCa,497,514607.4,37978.21,476629.19,291137.13,7972.41,16843.39,11292.98
2025-04,Brand B - Yoghurt,B-01,HoReCa,494,510871.11,26533.74,484337.37,306363.35,9619.9,23194.84,12005.89
2025-05,Brand B - Yoghurt,B-01,HoReCa,520,537691.23,28129.03,509562.2,307431.83,7881.2,23368.84,10502.07
2025-06,Brand B - Yoghurt,B-01,HoReCa,481,497832.48,19023.88,478808.6,309118.47,7911.77,16266.09,8667.36
2025-07,Brand B - Yoghurt,B-01,HoReCa,544,563077.5,37778.48,525299.02,324620.62,8954.64,18020.72,9540.67
2025-08,Brand B - Yoghurt,B-01,HoReCa,558,577660.41,17937.92,559722.49,355873.05,7364.35,14485.18,12667.93
2025-09,Brand B - Yoghurt,B-01,HoReCa,448,463343.91,14347.38,448996.54,276369.59,3915.88,17770.03,7752.0
2025-10,Brand B - Yoghurt,B-01,HoReCa,433,448140.77,15714.12,432426.65,277095.7,3667.76,10434.83,6443.59
2025-11,Brand B - Yoghurt,B-01,HoReCa,493,510450.19,34656.73,475793.46,308170.87,6734.36,21726.08,6571.12
2025-12,Brand B - Yoghurt,B-01,HoReCa,368,380895.76,19167.7,361728.06,220654.75,3134.91,13357.41,8286.81
2024-01,Brand B - Yoghurt,B-01,E-commerce,209,216441.99,13129.62,203312.37,130658.56,2904.39,9839.22,2092.55
2024-02,Brand B - Yoghurt,B-01,E-commerce,271,280839.96,6385.26,274454.69,176440.7,3474.5,5594.43,2970.45
2024-03,Brand B - Yoghurt,B-01,E-commerce,257,266234.02,17733.02,248501.01,155044.44,2972.32,10513.47,4485.63
2024-04,Brand B - Yoghurt,B-01,E-commerce,312,322706.21,25010.77,297695.44,193507.46,4084.38,9041.28,3890.17
2024-05,Brand B - Yoghurt,B-01,E-commerce,352,364107.56,12849.73,351257.83,224849.09,4370.67,9063.05,8418.79
2024-06,Brand B - Yoghurt,B-01,E-commerce,292,301594.47,20572.52,281021.95,180821.72,2924.76,11409.67,3470.42
2024-07,Brand B - Yoghurt,B-01,E-commerce,312,322571.54,8982.41,313589.13,197277.3,2773.08,7037.77,6289.87
2024-08,Brand B - Yoghurt,B-01,E-commerce,308,319115.75,23086.04,296029.71,189697.75,1918.68,13838.83,5755.59
2024-09,Brand B - Yoghurt,B-01,E-commerce,295,305568.59,14636.49,290932.1,184385.31,2939.79,7273.8,3087.48
2024-10,Brand B - Yoghurt,B-01,E-commerce,225,232488.48,12089.72,220398.76,136351.17,1588.21,9635.74,3480.25
2024-11,Brand B - Yoghurt,B-01,E-commerce,266,274947.22,14153.43,260793.79,163488.81,3109.62,5481.66,6100.43
2024-12,Brand B - Yoghurt,B-01,E-commerce,278,287940.49,13283.68,274656.82,166101.58,3180.94,10195.25,6781.21
2025-01,Brand B - Yoghurt,B-01,E-commerce,249,257742.56,8424.89,249317.67,152176.07,1632.76,8248.82,3461.03
2025-02,Brand B - Yoghurt,B-01,E-commerce,286,296096.15,9974.21,286121.94,180472.94,2975.15,13112.92,5759.87
2025-03,Brand B - Yoghurt,B-01,E-commerce,325,335730.76,16650.27,319080.5,200455.91,3576.84,8724.31,3681.42
2025-04,Brand B - Yoghurt,B-01,E-commerce,350,362362.54,18364.73,343997.81,217073.99,4042.62,17052.51,5851.15
2025-05,Brand B - Yoghurt,B-01,E-commerce,326,337691.66,21673.84,316017.82,193783.21,2019.55,10786.94,7193.74
2025-06,Brand B - Yoghurt,B-01,E-commerce,345,356844.2,24227.72,332616.49,207881.16,4428.4,9093.49,7711.94
2025-07,Brand B - Yoghurt,B-01,E-commerce,312,323141.2,18494.86,304646.34,189768.48,3908.03,7451.49,7268.2
2025-08,Brand B - Yoghurt,B-01,E-commerce,279,288870.63,8178.16,280692.47,170635.73,3023.32,13807.62,4071.91
2025-09,Brand B - Yoghurt,B-01,E-commerce,311,321290.75,23433.36,297857.38,191635.54,2095.4,12594.64,7162.06
2025-10,Brand B - Yoghurt,B-01,E-commerce,325,336679.57,7005.86,329673.71,204398.66,2138.46,13974.14,5344.14
2025-11,Brand B - Yoghurt,B-01,E-commerce,297,306821.47,21473.36,285348.11,175423.9,4100.48,11185.57,4486.88
2025-12,Brand B - Yoghurt,B-01,E-commerce,301,311524.02,21726.77,289797.25,174956.63,2539.73,12095.23,4427.64
2024-01,Brand B - Yoghurt,B-02,Modern Trade,2997,1439147.76,75240.28,1363907.48,862641.79,19312.63,43119.91,29740.53
2024-02,Brand B - Yoghurt,B-02,Modern Trade,2624,1259811.91,59598.44,1200213.47,726010.61,16491.79,33510.85,27978.91
2024-03,Brand B - Yoghurt,B-02,Modern Trade,4346,2086480.25,133573.19,1952907.06,1247420.36,57628.75,50435.68,28089.75
2024-04,Brand B - Yoghurt,B-02,Modern Trade,3812,1830343.72,50063.38,1780280.34,1156023.59,46474.42,88182.59,26235.25
2024-05,Brand B - Yoghurt,B-02,Modern Trade,4386,2106084.87,149720.79,1956364.08,1256909.64,41718.12,63729.89,44191.61
2024-06,Brand B - Yoghurt,B-02,Modern Trade,3382,1623755.31,85538.65,1538216.66,948132.82,37370.08,48632.08,16039.85
2024-07,Brand B - Yoghurt,B-02,Modern Trade,3694,1773727.69,140700.4,1633027.29,1061601.02,37794.66,36367.6,34564.32
2024-08,Brand B - Yoghurt,B-02,Modern Trade,3897,1871293.61,123733.82,1747559.78,1081092.6,53511.64,35192.57,24322.82
2024-09,Brand B - Yoghurt,B-02,Modern Trade,3166,1520319.64,30741.15,1489578.49,905509.24,19888.63,37955.71,32179.96
2024-10,Brand B - Yoghurt,B-02,Modern Trade,3586,1721578.45,81053.74,1640524.7,1025955.68,29430.87,64655.95,21333.25
2024-11,Brand B - Yoghurt,B-02,Modern Trade,3415,1639539.23,62014.76,1577524.47,962653.11,30999.25,31893.15,35744.33
2024-12,Brand B - Yoghurt,B-02,Modern Trade,3499,1679839.11,59804.64,1620034.47,1024566.51,43831.1,40797.18,31356.33
2025-01,Brand B - Yoghurt,B-02,Modern Trade,3394,1629390.47,73744.32,1555646.15,999112.97,35208.77,61511.15,28288.92
2025-02,Brand B - Yoghurt,B-02,Modern Trade,3447,1654944.86,114289.2,1540655.65,992127.38,45753.58,34118.99,28902.47
2025-03,Brand B - Yoghurt,B-02,Modern Trade,3677,1765513.43,119068.07,1646445.36,1025542.33,46049.07,78187.52,22021.21
2025-04,Brand B - Yoghurt,B-02,Modern Trade,4534,2176823.66,91050.21,2085773.45,1268020.17,31176.12,60478.85,25966.59
2025-05,Brand B - Yoghurt,B-02,Modern Trade,4963,2383096.71,124344.72,2258751.99,1372350.55,46092.14,76932.13,22698.44
2025-06,Brand B - Yoghurt,B-02,Modern Trade,4478,2149882.63,129566.67,2020315.95,1246623.45,57871.81,57665.84,50269.01
2025-07,Brand B - Yoghurt,B-02,Modern Trade,4543,2181325.16,163821.85,2017503.31,1245329.18,61727.74,100872.08,21415.39
2025-08,Brand B - Yoghurt,B-02,Modern Trade,4218,2025108.86,131817.12,1893291.74,1217941.51,41420.05,66887.11,45299.66
2025-09,Brand B - Yoghurt,B-02,Modern Trade,3981,1911573.22,93012.59,1818560.63,1157356.32,38314.15,88161.46,20441.19
2025-10,Brand B - Yoghurt,B-02,Modern Trade,3409,1636751.29,104858.99,1531892.3,985315.83,30057.81,34025.08,24457.87
2025-11,Brand B - Yoghurt,B-02,Modern Trade,3959,1900725.88,134706.38,1766019.51,1100083.28,41524.31,78590.87,28665.67
2025-12,Brand B - Yoghurt,B-02,Modern Trade,3083,1480252.3,82269.78,1397982.52,858954.49,34786.8,44853.94,26904.96
2024-01,Brand B - Yoghurt,B-02,Wholesale,2348,1127227.79,31970.76,1095257.03,678666.92,23326.31,28231.97,24094.44
2024-02,Brand B - Yoghurt,B-02,Wholesale,2384,1144446.22,37578.94,1106867.27,686452.05,14377.78,23091.03,20256.91
2024-03,Brand B - Yoghurt,B-02,Wholesale,2815,1351731.14,71645.81,1280085.32,787618.81,20732.68,60396.84,27051.56
2024-04,Brand B - Yoghurt,B-02,Wholesale,2707,1299637.58,37577.32,1262060.26,769925.45,21998.2,30899.89,24930.85
2024-05,Brand B - Yoghurt,B-02,Wholesale,2812,1349985.14,64634.1,1285351.05,816978.49,21176.69,30675.15,27944.94
2024-06,Brand B - Yoghurt,B-02,Wholesale,3337,1602093.44,33854.43,1568239.02,969680.0,41660.01,68767.65,32168.74
2024-07,Brand B - Yoghurt,B-02,Wholesale,2860,1373035.22,108723.02,1264312.2,795981.65,32518.11,42839.32,19576.98
2024-08,Brand B - Yoghurt,B-02,Wholesale,2707,1299651.69,49534.94,1250116.74,802189.7,31033.3,41423.4,24007.67
2024-09,Brand B - Yoghurt,B-02,Wholesale,3094,1485411.21,114953.26,1370457.95,828217.66,26437.82,46273.43,27224.97
2024-10,Brand B - Yoghurt,B-02,Wholesale,2503,1201956.38,43351.21,1158605.18,705089.32,22391.19,49271.64,21996.78
2024-11,Brand B - Yoghurt,B-02,Wholesale,2799,1343694.78,104998.5,1238696.27,804932.92,31763.49,31799.95,26661.16
2024-12,Brand B - Yoghurt,B-02,Wholesale,2751,1320657.5,52255.37,1268402.13,811879.5,29906.86,45236.7,23819.43
2025-01,Brand B - Yoghurt,B-02,Wholesale,2511,1205816.92,32219.84,1173597.07,729277.54,27928.64,28670.31,23978.28
2025-02,Brand B - Yoghurt,B-02,Wholesale,2803,1345995.65,38820.41,1307175.24,809621.35,26246.3,50169.92,17445.48
2025-03,Brand B - Yoghurt,B-02,Wholesale,3238,1554786.32,112244.67,1442541.65,886004.85,25024.85,52117.55,23074.77
2025-04,Brand B - Yoghurt,B-02,Wholesale,2765,1327670.08,69075.99,1258594.09,786782.44,37277.12,35999.22,14361.1
2025-05,Brand B - Yoghurt,B-02,Wholesale,3755,1803084.11,39228.21,1763855.89,1127031.93,41158.38,61460.94,32250.45
2025-06,Brand B - Yoghurt,B-02,Wholesale,3807,1827895.04,77190.18,1750704.87,1070689.04,49709.54,40315.59,41814.44
2025-07,Brand B - Yoghurt,B-02,Wholesale,2972,1427065.67,59618.46,1367447.21,832389.0,36410.15,46143.51,32756.57
2025-08,Brand B - Yoghurt,B-02,Wholesale,3262,1566134.31,104463.46,1461670.85,915815.02,28471.79,71685.0,18851.44
2025-09,Brand B - Yoghurt,B-02,Wholesale,3058,1468133.1,59600.53,1408532.56,904746.87,26496.34,43891.72,23632.88
2025-10,Brand B - Yoghurt,B-02,Wholesale,3226,1548914.7,58686.24,1490228.45,933527.16,27153.62,63373.43,15036.06
2025-11,Brand B - Yoghurt,B-02,Wholesale,2800,1344257.73,60888.86,1283368.87,793658.84,39068.57,46787.46,18356.84
2025-12,Brand B - Yoghurt,B-02,Wholesale,3101,1488750.71,114653.77,1374096.94,842473.79,23687.06,48692.96,13956.7
2024-01,Brand B - Yoghurt,B-02,HoReCa,859,412233.29,17223.3,395009.99,243200.58,11522.17,17925.47,7735.13
2024-02,Brand B - Yoghurt,B-02,HoReCa,942,452377.44,10904.88,441472.56,273803.65,11458.63,21038.02,7776.11
2024-03,Brand B - Yoghurt,B-02,HoReCa,919,441239.88,13641.38,427598.5,257286.16,12987.51,16273.54,9179.73
2024-04,Brand B - Yoghurt,B-02,HoReCa,1130,542352.77,20721.78,521630.99,334519.24,12133.45,24382.2,6774.02
2024-05,Brand B - Yoghurt,B-02,HoReCa,1207,579411.57,33439.9,545971.67,338065.48,14363.01,21749.36,11014.27
2024-06,Brand B - Yoghurt,B-02,HoReCa,1187,569836.25,21157.54,548678.71,332153.13,20750.21,21073.7,10664.27
2024-07,Brand B - Yoghurt,B-02,HoReCa,888,426143.57,32559.23,393584.33,241611.28,14098.21,16334.56,5688.08
2024-08,Brand B - Yoghurt,B-02,HoReCa,932,447690.79,14177.62,433513.17,281326.09,13393.36,20767.7,7496.07
2024-09,Brand B - Yoghurt,B-02,HoReCa,902,433108.26,22744.2,410364.06,260371.46,16216.57,11168.76,7455.81
2024-10,Brand B - Yoghurt,B-02,HoReCa,814,390877.03,19402.82,371474.21,228187.9,10139.97,17399.38,6184.43
2024-11,Brand B - Yoghurt,B-02,HoReCa,983,472213.29,35773.69,436439.6,266495.78,16190.09,19678.24,10632.11
2024-12,Brand B - Yoghurt,B-02,HoReCa,966,463901.23,32363.51,431537.73,263840.67,8177.4,19527.96,9904.89
2025-01,Brand B - Yoghurt,B-02,HoReCa,1005,482540.79,17422.61,465118.17,288479.64,16534.04,19257.7,8040.43
2025-02,Brand B - Yoghurt,B-02,HoReCa,1072,514733.2,26925.63,487807.57,310667.64,18568.5,15761.82,9594.27
2025-03,Brand B - Yoghurt,B-02,HoReCa,1064,510732.03,25918.72,484813.31,291724.85,20726.08,20230.4,5153.32
2025-04,Brand B - Yoghurt,B-02,HoReCa,1175,564085.62,31563.84,532521.78,329203.92,14764.94,17866.11,12774.08
2025-05,Brand B - Yoghurt,B-02,HoReCa,955,458757.38,18676.1,440081.28,265971.48,9115.51,19084.33,10992.3
2025-06,Brand B - Yoghurt,B-02,HoReCa,1247,598766.37,25881.88,572884.5,361644.78,18484.06,14012.32,6129.14
2025-07,Brand B - Yoghurt,B-02,HoReCa,1257,603310.77,31262.13,572048.64,360999.95,11301.2,28033.62,6604.84
2025-08,Brand B - Yoghurt,B-02,HoReCa,1105,530734.22,35917.74,494816.47,317828.99,12092.09,11631.09,10781.4
2025-09,Brand B - Yoghurt,B-02,HoReCa,1024,491768.08,24310.89,467457.19,300023.34,8913.94,19362.03,9561.24
2025-10,Brand B - Yoghurt,B-02,HoReCa,1024,491854.0,10833.37,481020.63,294138.18,13037.13,16561.43,10140.9
2025-11,Brand B - Yoghurt,B-02,HoReCa,1062,510001.13,39368.17,470632.96,292215.22,18719.64,20812.75,9136.93
2025-12,Brand B - Yoghurt,B-02,HoReCa,965,463477.93,34379.93,429098.0,258169.03,10247.98,18197.37,9000.9
2024-01,Brand B - Yoghurt,B-02,E-commerce,499,239394.65,18344.38,221050.27,137828.55,3034.5,8112.08,5182.31
2024-02,Brand B - Yoghurt,B-02,E-commerce,517,248359.05,19141.11,229217.94,146293.68,3762.97,5134.47,4033.98
2024-03,Brand B - Yoghurt,B-02,E-commerce,665,319059.02,22912.73,296146.3,182695.08,8736.83,8140.31,6792.04
2024-04,Brand B - Yoghurt,B-02,E-commerce,645,309726.32,15203.06,294523.26,181988.03,5057.78,11817.13,3960.52
2024-05,Brand B - Yoghurt,B-02,E-commerce,659,316496.16,10655.83,305840.33,196994.92,4992.58,11814.25,7132.13
2024-06,Brand B - Yoghurt,B-02,E-commerce,730,350557.69,17453.07,333104.62,207749.92,6086.88,13270.29,5862.58
2024-07,Brand B - Yoghurt,B-02,E-commerce,761,365582.47,25196.3,340386.17,207447.74,5428.94,15284.27,4021.37
2024-08,Brand B - Yoghurt,B-02,E-commerce,712,342092.49,15431.82,326660.68,209489.74,6140.05,6686.23,7807.26
2024-09,Brand B - Yoghurt,B-02,E-commerce,717,344324.63,24810.19,319514.43,203684.32,9881.1,12911.11,7809.34
2024-10,Brand B - Yoghurt,B-02,E-commerce,614,294694.15,16810.28,277883.87,177599.05,5961.1,8350.26,6854.32
2024-11,Brand B - Yoghurt,B-02,E-commerce,520,249550.08,17788.16,231761.92,149522.93,4901.66,6376.19,4290.32
2024-12,Brand B - Yoghurt,B-02,E-commerce,597,286425.51,10153.58,276271.93,174173.76,5961.88,10131.64,2850.1
2025-01,Brand B - Yoghurt,B-02,E-commerce,652,313283.47,17918.92,295364.54,190049.51,6682.95,12162.5,5141.0
2025-02,Brand B - Yoghurt,B-02,E-commerce,671,322138.38,7385.92,314752.46,199504.27,6734.87,9065.22,3643.26
2025-03,Brand B - Yoghurt,B-02,E-commerce,688,330141.19,26359.43,303781.76,184312.39,5963.43,11018.63,3548.14
2025-04,Brand B - Yoghurt,B-02,E-commerce,668,320711.07,9424.2,311286.87,198503.85,6911.09,14734.04,7074.39
2025-05,Brand B - Yoghurt,B-02,E-commerce,822,394690.83,24760.97,369929.86,234125.34,10904.48,15585.08,5026.16
2025-06,Brand B - Yoghurt,B-02,E-commerce,726,348555.56,21915.36,326640.2,196488.11,5482.45,10832.45,8017.92
2025-07,Brand B - Yoghurt,B-02,E-commerce,810,388823.61,10238.31,378585.31,246042.85,8098.04,8513.78,4721.97
2025-08,Brand B - Yoghurt,B-02,E-commerce,761,365468.48,25975.08,339493.4,206490.48,9923.94,13071.06,4988.25
2025-09,Brand B - Yoghurt,B-02,E-commerce,700,336065.05,16409.38,319655.68,206984.29,8511.08,13794.83,7752.53
2025-10,Brand B - Yoghurt,B-02,E-commerce,694,333035.07,18076.18,314958.89,197692.48,9335.33,12331.7,7673.55
2025-11,Brand B - Yoghurt,B-02,E-commerce,640,307305.68,20497.47,286808.21,182055.55,5321.93,10386.94,7004.69
2025-12,Brand B - Yoghurt,B-02,E-commerce,774,371607.95,10633.4,360974.55,220449.26,9373.21,13591.89,8132.4
2024-01,Brand B - Yoghurt,B-03,Modern Trade,1318,806028.67,24649.73,781378.94,496935.5,12288.26,30121.24,9642.8
2024-02,Brand B - Yoghurt,B-03,Modern Trade,1348,824211.72,59216.62,764995.1,467622.96,17337.17,17452.85,10729.72
2024-03,Brand B - Yoghurt,B-03,Modern Trade,1444,883157.76,65238.24,817919.52,526340.79,19584.39,36090.38,13345.24
2024-04,Brand B - Yoghurt,B-03,Modern Trade,1304,797173.98,63352.06,733821.92,442024.99,9038.54,33730.61,11507.76
2024-05,Brand B - Yoghurt,B-03,Modern Trade,1540,941762.39,46255.82,895506.57,552806.69,18359.64,33701.37,16799.17
2024-06,Brand B - Yoghurt,B-03,Modern Trade,1426,871896.22,67907.85,803988.38,515583.36,12155.09,32006.34,13990.72
2024-07,Brand B - Yoghurt,B-03,Modern Trade,1659,1014634.26,33778.92,980855.34,591121.51,14018.99,38609.47,20437.88
2024-08,Brand B - Yoghurt,B-03,Modern Trade,1578,965185.64,28072.58,937113.06,577855.15,10111.3,18862.86,9698.54
2024-09,Brand B - Yoghurt,B-03,Modern Trade,1116,682361.22,26714.15,655647.06,412183.63,7060.67,17411.62,14939.9
2024-10,Brand B - Yoghurt,B-03,Modern Trade,1264,772916.77,24149.69,748767.07,452314.79,12591.05,33804.33,10352.8
2024-11,Brand B - Yoghurt,B-03,Modern Trade,1204,736088.41,44537.92,691550.5,426132.47,15986.75,16760.05,14718.39
2024-12,Brand B - Yoghurt,B-03,Modern Trade,1091,667143.5,46972.45,620171.04,401102.12,7974.92,30136.82,12300.03
2025-01,Brand B - Yoghurt,B-03,Modern Trade,1361,832188.1,62234.34,769953.76,486069.99,14739.93,38050.11,16873.65
2025-02,Brand B - Yoghurt,B-03,Modern Trade,1313,802691.73,54931.73,747760.0,486344.24,9159.23,16083.27,10381.26
2025-03,Brand B - Yoghurt,B-03,Modern Trade,1636,1000450.87,78497.99,921952.88,566672.53,16370.45,34769.31,14738.12
2025-04,Brand B - Yoghurt,B-03,Modern Trade,1346,822797.85,30018.49,792779.36,478425.89,8932.17,16602.85,9571.05
2025-05,Brand B - Yoghurt,B-03,Modern Trade,1624,993354.26,76890.24,916464.02,571477.9,10466.48,39796.16,18657.71
2025-06,Brand B - Yoghurt,B-03,Modern Trade,1901,1162429.92,33037.4,1129392.52,719356.71,19324.3,35257.03,13540.98
2025-07,Brand B - Yoghurt,B-03,Modern Trade,1759,1075883.32,28016.51,1047866.81,667393.6,19373.62,31744.69,13411.41
2025-08,Brand B - Yoghurt,B-03,Modern Trade,1719,1051225.32,82041.27,969184.05,603164.88,22918.26,26945.72,23438.35
2025-09,Brand B - Yoghurt,B-03,Modern Trade,1481,905767.34,32218.26,873549.08,534697.46,17931.32,32852.09,14080.75
2025-10,Brand B - Yoghurt,B-03,Modern Trade,1644,1005538.87,24817.36,980721.51,615081.96,22762.25,48851.62,20423.85
2025-11,Brand B - Yoghurt,B-03,Modern Trade,1345,822384.56,16493.5,805891.06,518769.24,18255.28,39173.05,13433.96
2025-12,Brand B - Yoghurt,B-03,Modern Trade,1309,800417.4,58914.11,741503.29,460595.19,15219.49,36857.97,8192.16
2024-01,Brand B - Yoghurt,B-03,Wholesale,1199,733375.05,17379.11,715995.94,463690.57,13040.94,24439.07,9201.61
2024-02,Brand B - Yoghurt,B-03,Wholesale,845,516684.59,12382.06,504302.53,308647.49,5153.3,13703.56,9479.01
2024-03,Brand B - Yoghurt,B-03,Wholesale,1077,658300.08,19548.89,638751.2,395417.7,12983.48,17112.25,14573.06
2024-04,Brand B - Yoghurt,B-03,Wholesale,1169,714753.31,34554.94,680198.37,414044.54,9295.22,31682.91,16889.01
2024-05,Brand B - Yoghurt,B-03,Wholesale,1043,638054.11,22817.65,615236.47,387387.15,12503.75,19686.72,12184.03
2024-06,Brand B - Yoghurt,B-03,Wholesale,1175,718210.22,40670.49,677539.73,420581.58,9937.14,25506.15,7316.13
2024-07,Brand B - Yoghurt,B-03,Wholesale,1374,839985.24,48890.99,791094.25,503909.38,15343.07,22077.32,15096.21
2024-08,Brand B - Yoghurt,B-03,Wholesale,1148,702049.89,26147.78,675902.11,408389.61,15767.27,25452.0,8460.2
2024-09,Brand B - Yoghurt,B-03,Wholesale,1012,618812.27,28029.71,590782.56,381858.41,6441.73,28662.9,10427.36
2024-10,Brand B - Yoghurt,B-03,Wholesale,1059,647578.0,18443.46,629134.54,394750.79,10387.45,20061.02,7022.47
2024-11,Brand B - Yoghurt,B-03,Wholesale,1027,628036.31,38344.04,589692.27,368110.43,9560.62,19547.0,13292.45
2024-12,Brand B - Yoghurt,B-03,Wholesale,913,558009.43,43709.11,514300.32,311573.15,11868.74,18385.16,8844.28
2025-01,Brand B - Yoghurt,B-03,Wholesale,1157,707492.1,34348.84,673143.27,422750.54,11670.8,13996.31,9814.99
2025-02,Brand B - Yoghurt,B-03,Wholesale,1052,643391.46,37426.45,605965.01,377008.99,6324.42,23291.72,9803.99
2025-03,Brand B - Yoghurt,B-03,Wholesale,1084,662992.81,30447.73,632545.08,381038.26,9038.69,21642.09,15416.99
2025-04,Brand B - Yoghurt,B-03,Wholesale,1110,679027.16,26474.33,652552.83,405767.84,14948.54,31191.26,14734.28
2025-05,Brand B - Yoghurt,B-03,Wholesale,1279,782324.04,47335.52,734988.52,466229.96,9071.37,27014.98,15653.17
2025-06,Brand B - Yoghurt,B-03,Wholesale,1332,814735.33,50500.06,764235.27,490857.3,11449.86,35314.97,8194.76
2025-07,Brand B - Yoghurt,B-03,Wholesale,1323,808929.04,57767.43,751161.61,473804.12,8149.77,16734.86,11766.87
2025-08,Brand B - Yoghurt,B-03,Wholesale,1195,730862.91,31613.48,699249.43,442737.41,12506.62,25386.39,13304.49
2025-09,Brand B - Yoghurt,B-03,Wholesale,1170,715255.04,23679.39,691575.65,442928.72,9312.41,22280.13,10652.45
2025-10,Brand B - Yoghurt,B-03,Wholesale,1084,662747.12,48372.8,614374.32,398890.91,15087.56,27180.55,12796.48
2025-11,Brand B - Yoghurt,B-03,Wholesale,1117,682774.34,42608.22,640166.12,396184.14,7781.36,22323.71,13452.8
2025-12,Brand B - Yoghurt,B-03,Wholesale,1300,794907.67,63324.49,731583.18,469163.33,12958.06,17230.54,8595.07
2024-01,Brand B - Yoghurt,B-03,HoReCa,281,171567.18,5263.2,166303.98,108060.63,3801.05,4964.13,2171.82
2024-02,Brand B - Yoghurt,B-03,HoReCa,274,167667.06,8933.78,158733.29,99320.97,4155.84,7687.08,2222.71
2024-03,Brand B - Yoghurt,B-03,HoReCa,415,254057.77,6104.68,247953.09,160884.5,6225.93,11558.78,5772.6
2024-04,Brand B - Yoghurt,B-03,HoReCa,422,258100.15,18556.16,239543.99,155174.59,6894.34,6679.73,4011.6
2024-05,Brand B - Yoghurt,B-03,HoReCa,402,245866.73,10363.64,235503.1,152825.59,5133.43,10442.28,5597.3
2024-06,Brand B - Yoghurt,B-03,HoReCa,347,211986.44,15471.12,196515.32,122080.3,6221.2,4304.33,3154.2
2024-07,Brand B - Yoghurt,B-03,HoReCa,386,236148.81,11245.92,224902.89,146372.27,7544.87,8561.87,5614.41
2024-08,Brand B - Yoghurt,B-03,HoReCa,398,243337.68,8885.48,234452.19,149749.82,4264.89,8656.13,4705.63
2024-09,Brand B - Yoghurt,B-03,HoReCa,381,233260.41,6978.09,226282.32,136312.67,5017.74,11287.93,3455.54
2024-10,Brand B - Yoghurt,B-03,HoReCa,377,230533.09,18005.66,212527.43,132237.0,6009.12,5476.93,2928.49
2024-11,Brand B - Yoghurt,B-03,HoReCa,363,221731.95,5804.88,215927.06,130422.96,5058.33,6411.34,4008.29
2024-12,Brand B - Yoghurt,B-03,HoReCa,300,183253.62,13072.28,170181.34,105529.25,5433.34,8098.66,2754.52
2025-01,Brand B - Yoghurt,B-03,HoReCa,356,217918.1,4520.01,213398.09,131578.72,5985.95,6757.07,3510.43
2025-02,Brand B - Yoghurt,B-03,HoReCa,396,242124.51,11332.46,230792.04,147870.41,3953.56,9531.0,5136.23
2025-03,Brand B - Yoghurt,B-03,HoReCa,359,219298.31,7148.0,212150.32,136105.1,4898.05,7393.52,3690.45
2025-04,Brand B - Yoghurt,B-03,HoReCa,461,281625.04,22490.02,259135.02,166338.79,8589.43,7107.35,5813.6
2025-05,Brand B - Yoghurt,B-03,HoReCa,462,282563.72,11694.67,270869.05,169362.95,6632.96,7014.86,3027.07
2025-06,Brand B - Yoghurt,B-03,HoReCa,428,261510.15,13126.57,248383.58,159561.57,6662.19,9206.73,3727.54
2025-07,Brand B - Yoghurt,B-03,HoReCa,437,267177.42,10398.5,256778.92,166141.01,6716.34,5255.5,4765.19
2025-08,Brand B - Yoghurt,B-03,HoReCa,425,259914.31,8541.56,251372.75,151398.9,4030.91,11238.61,3966.18
2025-09,Brand B - Yoghurt,B-03,HoReCa,435,266063.57,5845.8,260217.77,159172.11,5820.66,9260.02,4718.84
2025-10,Brand B - Yoghurt,B-03,HoReCa,412,251918.34,11871.89,240046.45,154112.94,4865.8,7667.7,3366.42
2025-11,Brand B - Yoghurt,B-03,HoReCa,380,232653.86,12823.66,219830.2,138147.03,5563.93,8717.98,4314.05
2025-12,Brand B - Yoghurt,B-03,HoReCa,351,214803.52,12110.7,202692.82,131602.93,5606.31,4881.1,2630.36
2024-01,Brand B - Yoghurt,B-03,E-commerce,213,130297.93,9682.76,120615.16,74067.03,2746.18,4819.05,2121.25
2024-02,Brand B - Yoghurt,B-03,E-commerce,194,118562.63,4041.68,114520.95,71665.85,1519.67,3099.34,2277.99
2024-03,Brand B - Yoghurt,B-03,E-commerce,233,142668.14,8421.65,134246.49,82116.1,2273.9,6665.46,2368.45
2024-04,Brand B - Yoghurt,B-03,E-commerce,263,160806.65,4142.65,156664.0,96574.09,1798.78,4279.32,3689.58
2024-05,Brand B - Yoghurt,B-03,E-commerce,273,166898.91,12305.41,154593.49,98621.56,2949.46,6851.1,1892.86
2024-06,Brand B - Yoghurt,B-03,E-commerce,261,159616.51,4361.84,155254.66,100827.88,2321.85,4136.92,3015.91
2024-07,Brand B - Yoghurt,B-03,E-commerce,253,154832.69,7814.83,147017.87,92897.3,1948.83,4134.3,2738.45
2024-08,Brand B - Yoghurt,B-03,E-commerce,328,200632.9,13123.09,187509.8,120496.08,4006.68,8749.0,4510.7
2024-09,Brand B - Yoghurt,B-03,E-commerce,260,158959.68,9724.57,149235.11,90026.25,3474.57,7324.54,1862.53
2024-10,Brand B - Yoghurt,B-03,E-commerce,263,160702.34,7893.56,152808.78,94211.82,1835.86,7288.64,2093.8
2024-11,Brand B - Yoghurt,B-03,E-commerce,199,121382.2,3483.44,117898.76,71834.19,2504.45,4652.06,2165.98
2024-12,Brand B - Yoghurt,B-03,E-commerce,218,133402.45,7644.75,125757.7,81208.96,1324.02,2869.56,1546.35
2025-01,Brand B - Yoghurt,B-03,E-commerce,241,147547.3,9825.12,137722.19,84279.96,3164.04,6644.71,1565.74
2025-02,Brand B - Yoghurt,B-03,E-commerce,237,145059.91,8372.0,136687.91,85992.2,2218.53,3524.64,1595.9
2025-03,Brand B - Yoghurt,B-03,E-commerce,282,172564.13,4169.22,168394.91,104829.68,3887.25,8145.14,3551.12
2025-04,Brand B - Yoghurt,B-03,E-commerce,271,165489.12,5550.99,159938.13,100844.97,2934.33,4887.17,3179.07
2025-05,Brand B - Yoghurt,B-03,E-commerce,282,172652.74,12321.58,160331.17,97633.51,3787.54,6092.03,3659.32
2025-06,Brand B - Yoghurt,B-03,E-commerce,281,171992.01,12338.32,159653.7,98403.06,1973.79,7041.72,3631.24
2025-07,Brand B - Yoghurt,B-03,E-commerce,278,170201.26,6141.8,164059.46,106369.45,3818.45,4905.01,2688.07
2025-08,Brand B - Yoghurt,B-03,E-commerce,322,197204.17,7957.33,189246.83,115166.3,2274.96,5417.65,4075.6
2025-09,Brand B - Yoghurt,B-03,E-commerce,256,156264.43,7270.87,148993.55,94960.87,2461.47,4369.33,3647.85
2025-10,Brand B - Yoghurt,B-03,E-commerce,248,151711.35,6774.12,144937.23,91397.12,1907.77,4373.71,2209.24
2025-11,Brand B - Yoghurt,B-03,E-commerce,249,152190.87,11935.05,140255.82,86275.92,2928.31,5293.38,1422.37
2025-12,Brand B - Yoghurt,B-03,E-commerce,252,154130.7,10447.09,143683.6,90502.28,3427.75,4947.18,3327.55
2024-01,Brand B - Yoghurt,B-04,Modern Trade,461,141551.42,10723.48,130827.94,84237.15,4320.66,6525.3,2607.1
2024-02,Brand B - Yoghurt,B-04,Modern Trade,495,151986.55,7221.34,144765.2,89777.31,6062.59,6188.56,3285.25
2024-03,Brand B - Yoghurt,B-04,Modern Trade,534,164133.14,8358.71,155774.43,98093.09,7114.34,6748.06,3192.33
2024-04,Brand B - Yoghurt,B-04,Modern Trade,496,152307.29,9911.16,142396.13,88585.48,5865.13,4864.31,2665.57
2024-05,Brand B - Yoghurt,B-04,Modern Trade,504,154868.26,6394.64,148473.62,95428.85,6510.45,5706.93,1595.36
2024-06,Brand B - Yoghurt,B-04,Modern Trade,573,175993.9,7457.54,168536.36,105690.63,5804.84,4502.83,4183.69
2024-07,Brand B - Yoghurt,B-04,Modern Trade,524,161139.93,7581.81,153558.13,95668.42,4527.28,4880.49,1894.03
2024-08,Brand B - Yoghurt,B-04,Modern Trade,582,178883.99,10945.99,167938.0,102256.05,8130.29,6696.04,3004.03
2024-09,Brand B - Yoghurt,B-04,Modern Trade,557,171081.35,9430.04,161651.31,99297.39,7437.97,4956.99,2353.32
2024-10,Brand B - Yoghurt,B-04,Modern Trade,447,137400.79,5358.62,132042.17,81202.8,5565.18,5052.25,2541.35
2024-11,Brand B - Yoghurt,B-04,Modern Trade,496,152559.21,9183.79,143375.42,89213.96,4917.85,3491.62,3254.63
2024-12,Brand B - Yoghurt,B-04,Modern Trade,478,147007.01,7794.05,139212.96,85788.46,4688.06,6129.95,2497.87
2025-01,Brand B - Yoghurt,B-04,Modern Trade,460,141269.46,6777.65,134491.81,81893.41,3574.73,5471.34,2075.09
2025-02,Brand B - Yoghurt,B-04,Modern Trade,513,157700.11,3999.81,153700.29,96676.96,5888.71,7676.73,1657.48
2025-03,Brand B - Yoghurt,B-04,Modern Trade,551,169418.61,4316.55,165102.07,101272.91,5381.97,7625.71,3836.58
2025-04,Brand B - Yoghurt,B-04,Modern Trade,658,202156.25,4801.3,197354.95,122167.39,8241.21,8768.06,4419.58
2025-05,Brand B - Yoghurt,B-04,Modern Trade,757,232635.67,16229.61,216406.06,135420.74,9224.45,4852.0,3631.23
2025-06,Brand B - Yoghurt,B-04,Modern Trade,651,200093.49,16003.82,184089.68,116831.34,7286.85,3867.0,3954.01
2025-07,Brand B - Yoghurt,B-04,Modern Trade,624,191797.83,6147.02,185650.81,112793.88,4950.14,8982.57,3677.14
2025-08,Brand B - Yoghurt,B-04,Modern Trade,672,206544.67,14958.14,191586.53,117049.87,9283.03,8929.37,3415.27
2025-09,Brand B - Yoghurt,B-04,Modern Trade,552,169505.93,13289.95,156215.98,97338.82,4064.02,4126.97,2619.44
2025-10,Brand B - Yoghurt,B-04,Modern Trade,584,179380.36,8933.78,170446.58,102648.53,4027.12,8273.01,3752.84
2025-11,Brand B - Yoghurt,B-04,Modern Trade,478,146849.87,7447.79,139402.09,89154.23,3355.11,5016.49,3063.03
2025-12,Brand B - Yoghurt,B-04,Modern Trade,477,146594.77,6554.58,140040.2,91150.79,3725.88,3784.38,3306.33
2024-01,Brand B - Yoghurt,B-04,Wholesale,413,126916.75,9467.98,117448.77,72318.53,4475.49,3144.83,2791.64
2024-02,Brand B - Yoghurt,B-04,Wholesale,365,112072.63,7563.33,104509.3,66832.97,3680.3,3990.28,1753.25
2024-03,Brand B - Yoghurt,B-04,Wholesale,347,106587.22,5750.1,100837.11,63936.73,3898.95,3384.4,1483.72
2024-04,Brand B - Yoghurt,B-04,Wholesale,391,120261.78,4687.37,115574.41,72948.13,3007.3,4228.84,2597.32
2024-05,Brand B - Yoghurt,B-04,Wholesale,460,141235.14,4465.05,136770.1,86884.35,4353.34,5980.43,2417.14
2024-06,Brand B - Yoghurt,B-04,Wholesale,418,128353.54,5062.92,123290.61,76890.05,3078.18,3261.36,1747.27
2024-07,Brand B - Yoghurt,B-04,Wholesale,434,133246.88,3471.27,129775.6,78595.13,5277.37,5304.06,1540.09
2024-08,Brand B - Yoghurt,B-04,Wholesale,536,164848.03,7050.81,157797.22,99316.54,5955.59,7507.2,3674.55
2024-09,Brand B - Yoghurt,B-04,Wholesale,374,114924.72,7811.03,107113.69,69009.71,5230.74,5325.41,1473.67
2024-10,Brand B - Yoghurt,B-04,Wholesale,376,115694.42,5703.72,109990.7,67912.6,4350.46,4818.9,1565.22
2024-11,Brand B - Yoghurt,B-04,Wholesale,457,140419.63,5274.23,135145.39,81979.68,5117.09,5488.2,2999.94
2024-12,Brand B - Yoghurt,B-04,Wholesale,349,107200.37,3951.2,103249.18,66346.19,2966.25,5029.93,1447.13
2025-01,Brand B - Yoghurt,B-04,Wholesale,417,128243.65,9441.73,118801.93,74936.65,5780.97,3244.84,1555.61
2025-02,Brand B - Yoghurt,B-04,Wholesale,392,120571.22,2695.47,117875.76,70948.97,3900.15,4745.14,1333.7
2025-03,Brand B - Yoghurt,B-04,Wholesale,417,128238.67,7114.55,121124.12,77904.64,4849.08,3476.42,2454.13
2025-04,Brand B - Yoghurt,B-04,Wholesale,447,137464.18,8190.86,129273.32,78979.89,5802.63,4880.66,2976.11
2025-05,Brand B - Yoghurt,B-04,Wholesale,530,162776.41,8952.5,153823.91,96430.01,6758.29,5890.41,3829.49
2025-06,Brand B - Yoghurt,B-04,Wholesale,490,150692.17,9201.9,141490.27,92053.83,6606.91,3458.19,1669.77
2025-07,Brand B - Yoghurt,B-04,Wholesale,506,155386.66,4918.17,150468.49,97266.73,3546.29,5004.21,3631.98
2025-08,Brand B - Yoghurt,B-04,Wholesale,476,146291.79,9930.73,136361.06,83348.9,3413.75,5730.89,2389.11
2025-09,Brand B - Yoghurt,B-04,Wholesale,403,123892.07,3788.3,120103.77,77544.28,5263.39,5124.16,1555.51
2025-10,Brand B - Yoghurt,B-04,Wholesale,433,133097.05,3861.63,129235.42,79275.27,3237.95,3732.66,1627.3
2025-11,Brand B - Yoghurt,B-04,Wholesale,395,121451.37,9076.42,112374.94,70874.19,2770.1,3952.4,2735.46
2025-12,Brand B - Yoghurt,B-04,Wholesale,392,120581.42,8623.39,111958.02,68612.47,5361.94,2689.84,1175.64
2024-01,Brand B - Yoghurt,B-04,HoReCa,109,33599.34,1128.54,32470.8,20864.19,1812.64,1618.59,617.78
2024-02,Brand B - Yoghurt,B-04,HoReCa,123,37918.45,1204.77,36713.67,22128.27,1104.38,1179.6,417.2
2024-03,Brand B - Yoghurt,B-04,HoReCa,118,36245.53,1966.84,34278.68,21249.88,1934.04,895.47,835.11
2024-04,Brand B - Yoghurt,B-04,HoReCa,161,49336.7,1121.87,48214.83,30215.97,1913.06,1462.95,513.94
2024-05,Brand B - Yoghurt,B-04,HoReCa,133,41003.97,1820.29,39183.68,24334.08,2569.78,1299.76,670.51
2024-06,Brand B - Yoghurt,B-04,HoReCa,174,53621.42,1203.34,52418.08,32300.3,2573.68,2101.47,768.29
2024-07,Brand B - Yoghurt,B-04,HoReCa,151,46475.82,3039.03,43436.79,28182.37,2376.15,1881.99,923.31
2024-08,Brand B - Yoghurt,B-04,HoReCa,159,48887.6,3343.16,45544.44,29062.29,2207.35,1942.97,471.57
2024-09,Brand B - Yoghurt,B-04,HoReCa,164,50247.35,4003.39,46243.96,28186.89,2587.02,2269.72,532.58
2024-10,Brand B - Yoghurt,B-04,HoReCa,130,40062.4,3142.93,36919.47,23007.52,2532.76,1141.34,570.4
2024-11,Brand B - Yoghurt,B-04,HoReCa,134,41226.66,2701.59,38525.08,24522.7,1617.89,1881.94,518.84
2024-12,Brand B - Yoghurt,B-04,HoReCa,126,38682.41,1042.76,37639.65,22754.29,2070.48,1079.88,901.33
2025-01,Brand B - Yoghurt,B-04,HoReCa,150,46242.39,2784.31,43458.08,26952.12,1398.38,1864.91,572.45
2025-02,Brand B - Yoghurt,B-04,HoReCa,125,38328.18,2361.56,35966.62,22232.56,1130.53,833.42,457.85
2025-03,Brand B - Yoghurt,B-04,HoReCa,136,41829.74,1938.56,39891.17,25879.46,1962.25,1115.73,926.53
2025-04,Brand B - Yoghurt,B-04,HoReCa,175,53689.22,2001.72,51687.5,32340.51,2174.37,1593.25,723.39
2025-05,Brand B - Yoghurt,B-04,HoReCa,168,51731.09,3684.6,48046.49,31046.04,3243.84,1944.27,603.74
2025-06,Brand B - Yoghurt,B-04,HoReCa,164,50509.62,1797.86,48711.76,30967.97,2374.42,2192.64,769.42
2025-07,Brand B - Yoghurt,B-04,HoReCa,155,47496.81,3017.43,44479.38,28464.77,1741.83,1886.59,1091.61
2025-08,Brand B - Yoghurt,B-04,HoReCa,171,52483.93,2219.07,50264.86,31216.04,3180.72,2100.32,933.92
2025-09,Brand B - Yoghurt,B-04,HoReCa,143,44001.22,2895.9,41105.32,24988.07,2129.65,1607.14,791.43
2025-10,Brand B - Yoghurt,B-04,HoReCa,132,40454.6,1575.11,38879.49,23543.09,1316.09,1670.43,671.88
2025-11,Brand B - Yoghurt,B-04,HoReCa,141,43439.35,1800.84,41638.51,25897.98,2694.95,1225.72,894.08
2025-12,Brand B - Yoghurt,B-04,HoReCa,125,38550.38,2109.99,36440.39,23513.86,2405.33,999.9,651.48
2024-01,Brand B - Yoghurt,B-04,E-commerce,105,32117.83,1040.45,31077.38,18769.09,988.16,807.64,691.81
2024-02,Brand B - Yoghurt,B-04,E-commerce,76,23291.17,1047.2,22243.97,13634.87,1035.46,772.45,460.73
2024-03,Brand B - Yoghurt,B-04,E-commerce,90,27698.6,1357.55,26341.05,16078.35,776.17,1149.17,538.43
2024-04,Brand B - Yoghurt,B-04,E-commerce,98,30066.14,1946.05,28120.09,17004.52,1238.77,842.01,286.76
2024-05,Brand B - Yoghurt,B-04,E-commerce,100,30792.8,698.89,30093.9,18978.6,986.1,787.37,558.78
2024-06,Brand B - Yoghurt,B-04,E-commerce,105,32276.19,1382.46,30893.74,18946.46,885.86,1309.3,658.64
2024-07,Brand B - Yoghurt,B-04,E-commerce,109,33621.22,2369.44,31251.77,20257.48,1116.83,1454.67,347.22
2024-08,Brand B - Yoghurt,B-04,E-commerce,80,24468.75,640.41,23828.34,14683.9,923.49,782.17,501.48
2024-09,Brand B - Yoghurt,B-04,E-commerce,101,30982.22,2246.74,28735.48,18437.51,1108.74,835.37,656.13
2024-10,Brand B - Yoghurt,B-04,E-commerce,78,24084.76,1889.14,22195.63,13388.18,949.7,926.53,313.25
2024-11,Brand B - Yoghurt,B-04,E-commerce,85,26122.6,1584.48,24538.12,14800.22,789.95,639.73,328.39
2024-12,Brand B - Yoghurt,B-04,E-commerce,86,26570.0,836.68,25733.32,16487.74,1193.43,753.06,468.89
2025-01,Brand B - Yoghurt,B-04,E-commerce,90,27781.39,1276.2,26505.18,16169.14,744.37,636.85,463.25
2025-02,Brand B - Yoghurt,B-04,E-commerce,94,28949.69,1218.37,27731.32,17117.03,929.39,962.43,281.79
2025-03,Brand B - Yoghurt,B-04,E-commerce,98,30062.38,808.79,29253.6,17945.72,1324.69,974.26,526.15
2025-04,Brand B - Yoghurt,B-04,E-commerce,95,29106.13,732.59,28373.54,18431.82,1013.19,618.86,391.27
2025-05,Brand B - Yoghurt,B-04,E-commerce,119,36480.26,1586.29,34893.97,21849.54,930.5,1453.67,797.53
2025-06,Brand B - Yoghurt,B-04,E-commerce,108,33262.86,1948.62,31314.24,20222.86,922.62,848.63,396.12
2025-07,Brand B - Yoghurt,B-04,E-commerce,112,34379.68,872.19,33507.49,20420.6,720.36,1062.12,440.48
2025-08,Brand B - Yoghurt,B-04,E-commerce,97,29660.19,1787.28,27872.91,17009.95,927.12,895.34,301.54
2025-09,Brand B - Yoghurt,B-04,E-commerce,111,34074.33,708.33,33366.0,21195.47,1396.16,1150.4,650.75
2025-10,Brand B - Yoghurt,B-04,E-commerce,99,30406.79,1422.93,28983.86,18826.66,1154.75,1323.85,632.35
2025-11,Brand B - Yoghurt,B-04,E-commerce,92,28253.16,1815.59,26437.57,15976.16,1051.85,1266.64,289.0
2025-12,Brand B - Yoghurt,B-04,E-commerce,82,25058.74,767.7,24291.04,14980.71,596.37,766.76,589.54
2024-01,Brand B - Yoghurt,B-05,Modern Trade,1501,1189902.06,71480.84,1118421.22,710603.01,19230.48,41090.61,18394.97
2024-02,Brand B - Yoghurt,B-05,Modern Trade,2026,1606242.36,33771.31,1572471.05,961707.48,18569.33,48349.3,24229.48
2024-03,Brand B - Yoghurt,B-05,Modern Trade,1774,1405877.78,33594.17,1372283.62,883427.22,19093.97,31641.0,29375.39
2024-04,Brand B - Yoghurt,B-05,Modern Trade,2366,1875462.91,109698.39,1765764.52,1092753.64,25727.38,64084.58,32945.37
2024-05,Brand B - Yoghurt,B-05,Modern Trade,2431,1927408.99,136213.94,1791195.06,1142009.0,16977.65,59244.5,20999.35
2024-06,Brand B - Yoghurt,B-05,Modern Trade,2420,1918456.24,39122.12,1879334.12,1148591.2,16425.19,55518.55,20274.71
2024-07,Brand B - Yoghurt,B-05,Modern Trade,1990,1577647.23,75542.26,1502104.97,909102.89,26882.89,38921.58,18172.91
2024-08,Brand B - Yoghurt,B-05,Modern Trade,2276,1804565.52,50385.2,1754180.32,1064369.14,24499.9,62037.88,26172.03
2024-09,Brand B - Yoghurt,B-05,Modern Trade,2285,1811211.72,104292.95,1706918.77,1069721.95,22136.52,34636.56,18699.63
2024-10,Brand B - Yoghurt,B-05,Modern Trade,1824,1446064.36,80961.19,1365103.17,840333.47,24725.61,56218.2,26641.0
2024-11,Brand B - Yoghurt,B-05,Modern Trade,1832,1452258.5,46886.92,1405371.58,902992.83,12715.42,51388.02,34904.07
2024-12,Brand B - Yoghurt,B-05,Modern Trade,2229,1767295.94,105875.65,1661420.29,1056014.62,30934.46,52888.28,32007.77
2025-01,Brand B - Yoghurt,B-05,Modern Trade,1901,1506763.08,87561.18,1419201.91,871659.05,21443.0,54706.23,30097.8
2025-02,Brand B - Yoghurt,B-05,Modern Trade,2361,1871885.83,141325.93,1730559.91,1116977.03,19470.78,83632.97,31742.64
2025-03,Brand B - Yoghurt,B-05,Modern Trade,2167,1717598.88,137129.44,1580469.44,1022883.42,20893.35,40186.03,31505.2
2025-04,Brand B - Yoghurt,B-05,Modern Trade,2277,1805099.65,49621.62,1755478.02,1112649.08,20877.64,57401.08,43195.26
2025-05,Brand B - Yoghurt,B-05,Modern Trade,2625,2080892.88,111230.93,1969661.96,1227152.43,31680.93,87826.06,39614.45
2025-06,Brand B - Yoghurt,B-05,Modern Trade,2326,1843931.64,120401.77,1723529.87,1113669.63,29738.55,69768.02,29514.63
2025-07,Brand B - Yoghurt,B-05,Modern Trade,2000,1585195.28,74896.64,1510298.65,972980.33,15521.47,68472.62,24224.8
2025-08,Brand B - Yoghurt,B-05,Modern Trade,2568,2035986.61,142416.88,1893569.74,1167464.94,19305.52,38158.76,38626.22
2025-09,Brand B - Yoghurt,B-05,Modern Trade,2325,1843347.68,75087.17,1768260.51,1133330.68,28432.84,68274.36,38225.25
2025-10,Brand B - Yoghurt,B-05,Modern Trade,2047,1622447.85,52177.57,1570270.28,1003336.04,24296.41,32831.23,27458.02
2025-11,Brand B - Yoghurt,B-05,Modern Trade,1765,1399087.92,35698.29,1363389.63,847364.19,24285.65,45961.57,29246.6
2025-12,Brand B - Yoghurt,B-05,Modern Trade,2391,1895007.08,55974.0,1839033.08,1124297.16,27285.22,89225.08,22882.3
2024-01,Brand B - Yoghurt,B-05,Wholesale,1458,1155691.98,25966.48,1129725.49,726242.57,10143.14,33772.24,14411.86
2024-02,Brand B - Yoghurt,B-05,Wholesale,1386,1098804.33,25009.7,1073794.63,653859.11,18455.61,31124.95,21672.93
2024-03,Brand B - Yoghurt,B-05,Wholesale,1175,931242.86,66596.12,864646.74,547773.96,14780.61,42052.9,14899.44
2024-04,Brand B - Yoghurt,B-05,Wholesale,1618,1282955.46,76032.0,1206923.46,745486.63,22586.33,25811.26,18122.33
2024-05,Brand B - Yoghurt,B-05,Wholesale,1845,1462940.33,108254.59,1354685.74,825278.48,19801.04,45158.39,24773.21
2024-06,Brand B - Yoghurt,B-05,Wholesale,1860,1474394.47,66753.22,1407641.25,853157.7,17972.82,66434.85,30034.56
2024-07,Brand B - Yoghurt,B-05,Wholesale,1664,1319343.52,82836.76,1236506.76,799178.6,12841.69,54051.55,23157.09
2024-08,Brand B - Yoghurt,B-05,Wholesale,1405,1113769.53,84710.81,1029058.71,666750.28,14773.64,40730.22,12135.63
2024-09,Brand B - Yoghurt,B-05,Wholesale,1482,1175027.65,60963.1,1114064.55,709389.86,18373.47,37345.8,20075.8
2024-10,Brand B - Yoghurt,B-05,Wholesale,1603,1271023.2,75139.54,1195883.66,745974.19,14053.11,38847.52,22459.68
2024-11,Brand B - Yoghurt,B-05,Wholesale,1516,1201846.58,29113.03,1172733.55,726573.35,17654.69,25606.31,25434.56
2024-12,Brand B - Yoghurt,B-05,Wholesale,1546,1225337.31,80204.42,1145132.89,700341.1,14111.43,51799.22,18367.16
2025-01,Brand B - Yoghurt,B-05,Wholesale,1365,1082238.79,33929.38,1048309.41,677347.23,9510.47,49404.12,18295.58
2025-02,Brand B - Yoghurt,B-05,Wholesale,1535,1216605.04,42888.9,1173716.14,749873.06,14077.17,29411.37,15959.79
2025-03,Brand B - Yoghurt,B-05,Wholesale,1548,1227104.59,63358.85,1163745.74,749862.38,10546.41,46253.96,22499.15
2025-04,Brand B - Yoghurt,B-05,Wholesale,2058,1631603.68,47026.72,1584576.97,1007721.81,26442.35,33915.73,31390.07
2025-05,Brand B - Yoghurt,B-05,Wholesale,1924,1525258.1,81606.53,1443651.57,915147.56,17087.27,38670.67,18956.7
2025-06,Brand B - Yoghurt,B-05,Wholesale,2002,1586727.2,86156.95,1500570.25,919386.0,20688.64,42525.27,28422.96
2025-07,Brand B - Yoghurt,B-05,Wholesale,1881,1491059.0,54656.5,1436402.5,865769.56,12541.13,35492.7,20693.73
2025-08,Brand B - Yoghurt,B-05,Wholesale,1924,1524956.9,83958.84,1440998.06,898356.04,15503.51,50184.79,17707.15
2025-09,Brand B - Yoghurt,B-05,Wholesale,1769,1402524.17,90158.72,1312365.45,795918.21,11015.91,58812.52,25097.57
2025-10,Brand B - Yoghurt,B-05,Wholesale,1897,1503451.43,113984.78,1389466.66,892571.34,21224.64,52124.94,31871.22
2025-11,Brand B - Yoghurt,B-05,Wholesale,1696,1344595.1,50548.07,1294047.03,815794.01,20241.68,39587.03,27630.86
2025-12,Brand B - Yoghurt,B-05,Wholesale,1465,1160987.25,43784.87,1117202.38,701905.15,19659.64,24033.26,17606.63
2024-01,Brand B - Yoghurt,B-05,HoReCa,530,420345.88,30495.49,389850.39,235338.74,6520.87,13939.59,6387.08
2024-02,Brand B - Yoghurt,B-05,HoReCa,511,405330.95,11371.35,393959.6,248267.75,4961.13,10696.83,7430.12
2024-03,Brand B - Yoghurt,B-05,HoReCa,549,435589.25,34173.12,401416.12,246771.78,9012.55,11578.71,7603.41
2024-04,Brand B - Yoghurt,B-05,HoReCa,493,390584.21,18441.92,372142.28,228201.87,5434.12,18199.75,7776.39
2024-05,Brand B - Yoghurt,B-05,HoReCa,589,467188.35,9813.89,457374.46,293861.77,8091.89,16608.61,8307.87
2024-06,Brand B - Yoghurt,B-05,HoReCa,580,459806.52,20309.03,439497.49,284690.41,8949.79,21819.8,8094.07
2024-07,Brand B - Yoghurt,B-05,HoReCa,596,472378.25,35760.34,436617.91,265974.18,6935.45,16008.0,7998.51
2024-08,Brand B - Yoghurt,B-05,HoReCa,558,442482.84,25469.93,417012.91,255816.64,6679.26,19245.86,10353.04
2024-09,Brand B - Yoghurt,B-05,HoReCa,515,408253.37,30069.29,378184.08,233867.35,7421.85,15243.35,5203.25
2024-10,Brand B - Yoghurt,B-05,HoReCa,566,449020.16,10218.11,438802.05,283893.3,4834.98,10900.59,5525.79
2024-11,Brand B - Yoghurt,B-05,HoReCa,448,354796.09,11275.6,343520.49,223205.14,8332.81,9706.3,3576.38
2024-12,Brand B - Yoghurt,B-05,HoReCa,528,418556.56,18095.66,400460.9,251581.82,9025.07,16478.08,6816.95
2025-01,Brand B - Yoghurt,B-05,HoReCa,450,356514.33,19073.24,337441.09,205582.57,8656.21,11949.09,8412.66
2025-02,Brand B - Yoghurt,B-05,HoReCa,567,449135.5,22474.41,426661.09,262172.54,6878.27,13926.12,7684.15
2025-03,Brand B - Yoghurt,B-05,HoReCa,588,466210.25,17297.66,448912.59,284602.14,6622.09,19165.97,6235.81
2025-04,Brand B - Yoghurt,B-05,HoReCa,685,543217.84,22305.8,520912.04,325202.55,11646.31,22694.66,10239.17
2025-05,Brand B - Yoghurt,B-05,HoReCa,594,470873.14,18125.04,452748.09,274252.46,5573.18,18417.99,4942.95
2025-06,Brand B - Yoghurt,B-05,HoReCa,853,676571.79,46590.37,629981.42,396094.53,10572.91,19430.76,13783.26
2025-07,Brand B - Yoghurt,B-05,HoReCa,691,547995.44,25474.13,522521.31,331366.52,9950.84,21839.41,6749.31
2025-08,Brand B - Yoghurt,B-05,HoReCa,534,423701.81,29303.35,394398.46,245899.56,8928.62,12004.83,9377.49
2025-09,Brand B - Yoghurt,B-05,HoReCa,536,424855.95,16845.83,408010.12,261004.36,6374.37,17159.83,6631.86
2025-10,Brand B - Yoghurt,B-05,HoReCa,603,478095.87,16097.88,461997.99,299803.41,5799.03,12368.66,7463.83
2025-11,Brand B - Yoghurt,B-05,HoReCa,574,454632.06,34397.89,420234.18,270582.19,6527.42,15436.46,4340.25
2025-12,Brand B - Yoghurt,B-05,HoReCa,510,404163.44,20747.1,383416.35,235135.1,9270.22,16696.63,7714.23
2024-01,Brand B - Yoghurt,B-05,E-commerce,280,221718.85,7397.19,214321.65,139258.69,2372.88,9866.54,3980.49
2024-02,Brand B - Yoghurt,B-05,E-commerce,283,224358.99,17338.1,207020.89,131515.4,2701.39,6227.37,4661.01
2024-03,Brand B - Yoghurt,B-05,E-commerce,371,294122.12,6809.37,287312.75,174525.89,4660.17,12378.14,5749.98
2024-04,Brand B - Yoghurt,B-05,E-commerce,381,302074.28,22186.21,279888.08,178295.15,3398.2,13603.04,6311.5
2024-05,Brand B - Yoghurt,B-05,E-commerce,371,294023.47,16896.12,277127.34,169713.31,4060.76,13469.98,5444.0
2024-06,Brand B - Yoghurt,B-05,E-commerce,409,324080.47,17173.16,306907.31,191962.85,4251.4,13405.12,5481.7
2024-07,Brand B - Yoghurt,B-05,E-commerce,400,317368.93,7490.39,309878.55,188046.56,3231.52,14196.04,6971.92
2024-08,Brand B - Yoghurt,B-05,E-commerce,357,283120.16,8368.65,274751.51,173155.49,3473.75,12932.77,2912.86
2024-09,Brand B - Yoghurt,B-05,E-commerce,363,287909.88,10006.37,277903.51,167729.08,4891.62,6711.52,6825.02
2024-10,Brand B - Yoghurt,B-05,E-commerce,389,308441.63,7399.42,301042.21,185056.51,3768.92,9889.06,5520.96
2024-11,Brand B - Yoghurt,B-05,E-commerce,336,265987.1,10999.18,254987.92,165848.2,4228.44,11645.32,5411.21
2024-12,Brand B - Yoghurt,B-05,E-commerce,349,276379.45,20571.24,255808.21,165722.65,2277.63,5873.23,3076.45
2025-01,Brand B - Yoghurt,B-05,E-commerce,295,233504.43,15021.5,218482.93,132655.39,2022.9,5986.46,3784.61
2025-02,Brand B - Yoghurt,B-05,E-commerce,409,324517.1,17669.1,306848.0,185479.86,3467.02,14230.46,4812.19
2025-03,Brand B - Yoghurt,B-05,E-commerce,365,289365.51,16658.59,272706.92,169818.94,4252.7,8639.66,4316.43
2025-04,Brand B - Yoghurt,B-05,E-commerce,416,329908.24,10649.36,319258.88,194564.51,5101.08,6466.92,7282.59
2025-05,Brand B - Yoghurt,B-05,E-commerce,432,342261.0,23843.23,318417.77,201025.9,5523.71,14895.28,3917.92
2025-06,Brand B - Yoghurt,B-05,E-commerce,419,332253.97,17137.36,315116.6,199310.71,4533.13,10729.14,4618.31
2025-07,Brand B - Yoghurt,B-05,E-commerce,446,353783.84,12356.53,341427.31,215591.35,3046.74,16192.61,5431.46
2025-08,Brand B - Yoghurt,B-05,E-commerce,472,374464.7,18928.83,355535.87,222102.3,6419.88,12400.92,6437.95
2025-09,Brand B - Yoghurt,B-05,E-commerce,421,333355.42,14856.08,318499.34,192264.83,3723.89,10574.38,3850.01
2025-10,Brand B - Yoghurt,B-05,E-commerce,387,306658.15,14718.36,291939.79,176543.66,2327.43,13298.77,6960.98
2025-11,Brand B - Yoghurt,B-05,E-commerce,380,301390.67,11894.81,289495.86,186087.63,3654.65,10641.51,3153.48
2025-12,Brand B - Yoghurt,B-05,E-commerce,333,263912.72,21050.03,242862.68,149742.2,2811.23,8312.3,2776.55
2024-01,Brand C - Ice Cream,C-01,Modern Trade,1008,749294.69,48955.13,700339.55,448020.85,10345.24,30643.49,17386.54
2024-02,Brand C - Ice Cream,C-01,Modern Trade,1196,889175.4,59745.72,829429.67,546121.09,15386.31,35100.66,17795.31
2024-03,Brand C - Ice Cream,C-01,Modern Trade,1016,755324.48,38995.72,716328.76,467137.82,6666.44,24636.68,8996.28
2024-04,Brand C - Ice Cream,C-01,Modern Trade,1380,1025706.92,29484.27,996222.65,656660.65,17374.67,20707.17,11356.28
2024-05,Brand C - Ice Cream,C-01,Modern Trade,1487,1105907.86,36788.32,1069119.54,718227.25,9388.07,26278.64,14024.87
2024-06,Brand C - Ice Cream,C-01,Modern Trade,1423,1057791.06,23681.88,1034109.18,667461.49,18614.07,28322.81,19922.07
2024-07,Brand C - Ice Cream,C-01,Modern Trade,1484,1103378.12,30128.84,1073249.28,692314.48,16704.14,37852.65,16763.59
2024-08,Brand C - Ice Cream,C-01,Modern Trade,1519,1129125.81,54800.84,1074324.97,718602.93,9493.42,53127.54,12793.9
2024-09,Brand C - Ice Cream,C-01,Modern Trade,1283,953816.72,58904.91,894911.81,609092.28,16905.64,36292.01,15494.13
2024-10,Brand C - Ice Cream,C-01,Modern Trade,1058,786900.17,36262.15,750638.02,511606.67,11543.99,19501.81,10886.85
2024-11,Brand C - Ice Cream,C-01,Modern Trade,1103,820301.87,49038.29,771263.58,523735.46,9651.53,15626.9,16430.6
2024-12,Brand C - Ice Cream,C-01,Modern Trade,1101,818314.14,28349.35,789964.79,512990.95,8681.84,28377.08,16287.66
2025-01,Brand C - Ice Cream,C-01,Modern Trade,1125,836448.25,24680.65,811767.6,514492.49,13329.99,17790.01,15693.53
2025-02,Brand C - Ice Cream,C-01,Modern Trade,1479,1099568.75,32497.95,1067070.8,692419.76,18743.69,42130.93,23900.64
2025-03,Brand C - Ice Cream,C-01,Modern Trade,1520,1130437.53,27946.06,1102491.47,734297.2,15444.32,28396.21,25943.24
2025-04,Brand C - Ice Cream,C-01,Modern Trade,1425,1059195.98,32535.72,1026660.26,661856.83,10249.8,39413.27,12164.24
2025-05,Brand C - Ice Cream,C-01,Modern Trade,1502,1116538.64,46526.77,1070011.87,709065.59,9303.49,51212.61,17542.06
2025-06,Brand C - Ice Cream,C-01,Modern Trade,1419,1054840.02,72621.38,982218.65,626806.98,12039.63,25119.26,23739.36
2025-07,Brand C - Ice Cream,C-01,Modern Trade,1557,1157709.41,41811.25,1115898.16,710774.46,15191.14,49855.09,17395.9
2025-08,Brand C - Ice Cream,C-01,Modern Trade,1436,1067511.51,84540.49,982971.02,636472.99,19340.33,47430.5,22970.8
2025-09,Brand C - Ice Cream,C-01,Modern Trade,1571,1167950.52,25738.43,1142212.09,743532.05,14337.95,38451.83,24605.16
2025-10,Brand C - Ice Cream,C-01,Modern Trade,1269,943720.09,19620.72,924099.37,617288.2,11685.47,29720.0,16663.58
2025-11,Brand C - Ice Cream,C-01,Modern Trade,1183,879833.16,24453.51,855379.66,566961.77,11004.61,17312.2,17243.21
2025-12,Brand C - Ice Cream,C-01,Modern Trade,1099,817245.29,27099.13,790146.15,505996.4,12266.64,28476.23,9720.39
2024-01,Brand C - Ice Cream,C-01,Wholesale,655,486780.81,15920.39,470860.42,313667.55,7203.82,11751.5,7796.84
2024-02,Brand C - Ice Cream,C-01,Wholesale,798,593243.5,26209.51,567033.99,374635.65,8212.34,14717.36,9679.31
2024-03,Brand C - Ice Cream,C-01,Wholesale,930,691369.26,28327.96,663041.29,428171.66,12574.53,29442.39,14755.86
2024-04,Brand C - Ice Cream,C-01,Wholesale,1113,827279.05,63466.68,763812.37,500717.64,15212.05,30967.01,11560.5
2024-05,Brand C - Ice Cream,C-01,Wholesale,1181,877810.46,31031.82,846778.64,555330.28,15474.26,24573.47,20572.21
2024-06,Brand C - Ice Cream,C-01,Wholesale,1047,778432.59,51248.36,727184.23,472063.94,14044.46,17741.85,17128.65
2024-07,Brand C - Ice Cream,C-01,Wholesale,1180,877234.02,17634.57,859599.45,544989.18,12537.98,35926.8,21302.9
2024-08,Brand C - Ice Cream,C-01,Wholesale,1255,933175.37,41680.91,891494.46,583872.55,15065.55,36019.72,13651.19
2024-09,Brand C - Ice Cream,C-01,Wholesale,1015,754839.14,41366.58,713472.56,486697.09,13405.12,29511.62,7977.76
2024-10,Brand C - Ice Cream,C-01,Wholesale,820,609446.18,33060.2,576385.98,386216.53,9938.23,20029.94,7627.82
2024-11,Brand C - Ice Cream,C-01,Wholesale,998,742049.87,38342.03,703707.84,459396.48,8590.51,20728.93,14528.48
2024-12,Brand C - Ice Cream,C-01,Wholesale,999,742572.88,28744.63,713828.24,479768.13,9850.72,14512.84,13073.39
2025-01,Brand C - Ice Cream,C-01,Wholesale,1001,743918.11,54919.8,688998.3,439749.39,6167.46,18799.23,15410.45
2025-02,Brand C - Ice Cream,C-01,Wholesale,941,699749.66,16767.13,682982.53,461705.2,5825.31,14875.99,8249.3
2025-03,Brand C - Ice Cream,C-01,Wholesale,1259,935860.16,59159.9,876700.26,562517.94,17158.91,20915.63,19378.82
2025-04,Brand C - Ice Cream,C-01,Wholesale,1160,862472.26,34609.7,827862.56,545111.69,9996.91,19972.11,10110.02
2025-05,Brand C - Ice Cream,C-01,Wholesale,1170,870181.47,66343.34,803838.13,529852.46,7544.43,37002.85,14469.69
2025-06,Brand C - Ice Cream,C-01,Wholesale,1235,917999.53,70377.18,847622.35,577116.65,13307.65,26542.27,15148.67
2025-07,Brand C - Ice Cream,C-01,Wholesale,1190,884595.56,65170.14,819425.42,551701.09,11498.96,29194.5,15607.89
2025-08,Brand C - Ice Cream,C-01,Wholesale,1166,867097.07,19586.71,847510.36,565444.56,9322.21,29586.44,15071.52
2025-09,Brand C - Ice Cream,C-01,Wholesale,1171,870376.11,21657.17,848718.94,577955.34,11136.62,38727.82,15645.85
2025-10,Brand C - Ice Cream,C-01,Wholesale,1131,840604.36,54672.81,785931.55,498873.44,15320.27,38958.42,9153.33
2025-11,Brand C - Ice Cream,C-01,Wholesale,1013,752890.15,18155.22,734734.93,468474.98,10439.45,26824.33,17865.96
2025-12,Brand C - Ice Cream,C-01,Wholesale,846,629175.73,23088.57,606087.17,397762.02,11524.7,26354.12,7918.7
2024-01,Brand C - Ice Cream,C-01,HoReCa,246,182593.71,3980.2,178613.5,120190.89,4333.53,4805.95,3447.25
2024-02,Brand C - Ice Cream,C-01,HoReCa,309,229725.73,16587.37,213138.36,140250.29,4924.84,8862.32,3440.95
2024-03,Brand C - Ice Cream,C-01,HoReCa,340,252834.34,13346.22,239488.11,154323.59,4673.31,8101.82,5588.39
2024-04,Brand C - Ice Cream,C-01,HoReCa,361,268512.71,19197.79,249314.93,168843.72,4748.93,6975.95,5420.67
2024-05,Brand C - Ice Cream,C-01,HoReCa,346,257062.13,7906.94,249155.19,157317.25,6494.97,8253.05,4461.53
2024-06,Brand C - Ice Cream,C-01,HoReCa,367,273022.3,19421.51,253600.8,172615.29,5884.9,11038.33,5707.24
2024-07,Brand C - Ice Cream,C-01,HoReCa,328,243963.92,18268.52,225695.4,143672.19,6420.13,9559.34,4141.05
2024-08,Brand C - Ice Cream,C-01,HoReCa,335,249030.68,10944.19,238086.49,159518.88,5101.39,6854.49,4411.21
2024-09,Brand C - Ice Cream,C-01,HoReCa,351,261269.66,5744.13,255525.53,164866.97,4788.15,5997.02,6012.23
2024-10,Brand C - Ice Cream,C-01,HoReCa,354,263132.93,16257.94,246874.99,166986.0,4872.14,10060.47,2671.78
2024-11,Brand C - Ice Cream,C-01,HoReCa,279,207688.31,12542.45,195145.86,126911.9,3791.87,4138.94,2027.9
2024-12,Brand C - Ice Cream,C-01,HoReCa,305,227085.08,17761.64,209323.44,136474.57,2751.99,5132.01,3961.25
2025-01,Brand C - Ice Cream,C-01,HoReCa,351,261123.99,9404.2,251719.79,167481.78,3247.82,11223.08,6186.95
2025-02,Brand C - Ice Cream,C-01,HoReCa,353,262257.65,15057.42,247200.23,161331.07,5768.13,7707.47,4821.34
2025-03,Brand C - Ice Cream,C-01,HoReCa,382,284154.14,13407.97,270746.17,175012.82,4569.22,12784.6,6451.01
2025-04,Brand C - Ice Cream,C-01,HoReCa,357,265355.92,18267.29,247088.64,158986.75,3889.12,6801.03,3567.15
2025-05,Brand C - Ice Cream,C-01,HoReCa,397,295034.04,22543.57,272490.47,180360.9,3564.4,11022.76,2966.94
2025-06,Brand C - Ice Cream,C-01,HoReCa,405,301401.22,6865.97,294535.25,187829.11,4237.83,7680.67,3535.24
2025-07,Brand C - Ice Cream,C-01,HoReCa,340,252514.86,14459.81,238055.06,151733.16,3728.52,6165.74,3522.42
2025-08,Brand C - Ice Cream,C-01,HoReCa,369,274529.87,8469.3,266060.57,171361.7,4933.26,12318.82,4272.88
2025-09,Brand C - Ice Cream,C-01,HoReCa,400,297416.97,21565.92,275851.05,184742.35,3761.75,11049.65,2911.44
2025-10,Brand C - Ice Cream,C-01,HoReCa,391,290833.64,8693.39,282140.25,190157.37,7126.67,5817.21,5926.12
2025-11,Brand C - Ice Cream,C-01,HoReCa,373,277004.66,13925.19,263079.47,169091.82,7125.49,6780.29,5593.71
2025-12,Brand C - Ice Cream,C-01,HoReCa,386,287182.83,7254.96,279927.87,190944.66,3792.17,10843.02,4117.44
2024-01,Brand C - Ice Cream,C-01,E-commerce,210,156485.66,5776.57,150709.09,96214.77,2304.16,7371.72,2620.78
2024-02,Brand C - Ice Cream,C-01,E-commerce,188,140003.55,7818.0,132185.55,88874.97,1656.14,6252.54,2807.33
2024-03,Brand C - Ice Cream,C-01,E-commerce,178,132005.93,4776.66,127229.26,86481.8,1604.99,4768.67,2929.63
2024-04,Brand C - Ice Cream,C-01,E-commerce,232,172416.93,5925.84,166491.09,110307.58,2225.52,6726.97,4004.52
2024-05,Brand C - Ice Cream,C-01,E-commerce,287,213058.65,9389.43,203669.22,134056.95,3779.63,9737.68,2252.47
2024-06,Brand C - Ice Cream,C-01,E-commerce,235,174472.01,6865.97,167606.04,110174.38,2902.77,6147.04,2712.86
2024-07,Brand C - Ice Cream,C-01,E-commerce,278,206858.55,6600.69,200257.86,128349.59,2981.96,8194.18,2875.56
2024-08,Brand C - Ice Cream,C-01,E-commerce,237,176365.66,10227.14,166138.52,112453.18,2323.63,6787.21,1931.5
2024-09,Brand C - Ice Cream,C-01,E-commerce,194,144562.58,6783.46,137779.11,90112.27,1572.24,4300.45,1667.97
2024-10,Brand C - Ice Cream,C-01,E-commerce,175,130083.49,4661.64,125421.85,79845.61,2250.76,5313.27,2391.68
2024-11,Brand C - Ice Cream,C-01,E-commerce,216,160539.17,5864.95,154674.22,103241.5,2617.9,4654.22,3600.57
2024-12,Brand C - Ice Cream,C-01,E-commerce,193,143301.68,5388.92,137912.75,87029.74,2527.63,4874.87,1808.96
2025-01,Brand C - Ice Cream,C-01,E-commerce,238,176669.8,5748.61,170921.19,109122.1,2832.14,4343.06,3188.52
2025-02,Brand C - Ice Cream,C-01,E-commerce,176,130619.49,4615.79,126003.7,85597.36,1507.83,5326.6,2054.46
2025-03,Brand C - Ice Cream,C-01,E-commerce,217,161192.75,7780.92,153411.83,102543.84,1399.73,6441.53,3705.43
2025-04,Brand C - Ice Cream,C-01,E-commerce,251,186549.6,11672.32,174877.29,110889.14,1808.23,4651.69,1988.55
2025-05,Brand C - Ice Cream,C-01,E-commerce,277,205623.13,15403.47,190219.65,121721.78,3549.04,6721.8,3193.91
2025-06,Brand C - Ice Cream,C-01,E-commerce,278,206589.66,4763.12,201826.54,133351.98,2553.85,8304.52,2793.04
2025-07,Brand C - Ice Cream,C-01,E-commerce,258,191921.48,4896.98,187024.5,118004.66,1797.19,6885.69,3242.75
2025-08,Brand C - Ice Cream,C-01,E-commerce,259,192530.27,7765.05,184765.21,123200.03,2766.89,7050.68,1970.23
2025-09,Brand C - Ice Cream,C-01,E-commerce,270,200851.21,7781.06,193070.15,123435.39,3760.13,6627.66,3212.56
2025-10,Brand C - Ice Cream,C-01,E-commerce,247,183592.21,11204.26,172387.95,112450.25,2840.9,5657.28,2738.39
2025-11,Brand C - Ice Cream,C-01,E-commerce,226,168128.03,11309.29,156818.74,101243.83,2944.47,5568.53,3852.65
2025-12,Brand C - Ice Cream,C-01,E-commerce,194,143985.97,8970.61,135015.37,85819.76,1767.07,3251.96,3321.08
2024-01,Brand C - Ice Cream,C-02,Modern Trade,2404,672641.81,66738.58,605903.23,392538.05,21232.02,47924.49,9880.72
2024-02,Brand C - Ice Cream,C-02,Modern Trade,2596,726137.43,87510.93,638626.5,416749.41,23566.61,63762.18,6952.46
2024-03,Brand C - Ice Cream,C-02,Modern Trade,2360,660244.65,57317.43,602927.22,407346.62,28179.07,46245.61,7607.8
2024-04,Brand C - Ice Cream,C-02,Modern Trade,3079,861484.17,78755.77,782728.4,519877.66,37115.99,53123.81,16001.58
2024-05,Brand C - Ice Cream,C-02,Modern Trade,2964,829120.98,67889.47,761231.51,498761.32,37837.02,77747.9,8791.62
2024-06,Brand C - Ice Cream,C-02,Modern Trade,3354,938326.84,103253.99,835072.86,554282.86,34181.38,62775.67,11846.59
2024-07,Brand C - Ice Cream,C-02,Modern Trade,3611,1010122.95,144473.75,865649.2,559936.97,48286.47,99882.65,8656.62
2024-08,Brand C - Ice Cream,C-02,Modern Trade,2657,743295.86,86699.32,656596.54,442336.48,35143.48,50068.67,13207.42
2024-09,Brand C - Ice Cream,C-02,Modern Trade,2835,792961.33,96738.15,696223.19,474436.98,31229.19,83379.19,13357.8
2024-10,Brand C - Ice Cream,C-02,Modern Trade,2657,743187.9,95354.97,647832.93,437899.86,36394.2,62304.64,13208.87
2024-11,Brand C - Ice Cream,C-02,Modern Trade,2301,643731.05,78467.99,565263.06,365270.32,30940.23,51340.41,10604.7
2024-12,Brand C - Ice Cream,C-02,Modern Trade,2352,658061.57,103838.68,554222.89,352480.22,28088.66,47435.46,10901.28
2025-01,Brand C - Ice Cream,C-02,Modern Trade,2703,756209.7,68962.52,687247.17,439374.04,37736.93,70636.07,14791.36
2025-02,Brand C - Ice Cream,C-02,Modern Trade,2951,825659.24,100597.29,725061.95,462410.03,25093.23,61327.71,9608.5
2025-03,Brand C - Ice Cream,C-02,Modern Trade,3047,852360.2,135791.64,716568.56,482227.04,35252.69,48120.27,14804.38
2025-04,Brand C - Ice Cream,C-02,Modern Trade,3169,886429.66,100681.98,785747.68,514431.0,34957.13,72444.03,15739.93
2025-05,Brand C - Ice Cream,C-02,Modern Trade,3053,854148.82,107495.01,746653.81,508810.6,21587.47,58310.01,8681.02
2025-06,Brand C - Ice Cream,C-02,Modern Trade,3974,1111610.12,171754.95,939855.17,598314.97,33454.89,76892.98,11733.66
2025-07,Brand C - Ice Cream,C-02,Modern Trade,3807,1065072.86,135049.47,930023.39,589922.26,25656.88,60083.7,11095.32
2025-08,Brand C - Ice Cream,C-02,Modern Trade,3278,916976.26,92601.17,824375.09,525484.08,45638.18,79087.22,15761.56
2025-09,Brand C - Ice Cream,C-02,Modern Trade,3429,959258.75,144461.24,814797.51,521774.11,41144.07,67069.83,15292.96
2025-10,Brand C - Ice Cream,C-02,Modern Trade,2954,826518.17,75403.25,751114.92,496719.99,33854.42,89789.58,14754.81
2025-11,Brand C - Ice Cream,C-02,Modern Trade,2508,701713.18,80860.92,620852.25,419768.69,16149.45,46018.25,7633.04
2025-12,Brand C - Ice Cream,C-02,Modern Trade,2974,831913.15,72669.79,759243.36,504555.45,23293.6,89034.47,18801.71
2024-01,Brand C - Ice Cream,C-02,Wholesale,1650,461717.8,53541.57,408176.23,273649.26,16709.72,38599.43,6916.03
2024-02,Brand C - Ice Cream,C-02,Wholesale,2405,672884.85,103491.47,569393.38,361208.76,30112.07,35457.49,6802.17
2024-03,Brand C - Ice Cream,C-02,Wholesale,2283,638777.98,86651.21,552126.76,353797.11,22554.75,55769.79,13530.11
2024-04,Brand C - Ice Cream,C-02,Wholesale,2666,745725.87,93808.56,651917.31,414937.84,26522.52,68860.26,15497.77
2024-05,Brand C - Ice Cream,C-02,Wholesale,2212,618802.32,65916.24,552886.08,375973.65,15654.27,37436.98,7633.99
2024-06,Brand C - Ice Cream,C-02,Wholesale,2383,666572.55,82433.69,584138.86,382439.56,20424.1,35168.15,7175.48
2024-07,Brand C - Ice Cream,C-02,Wholesale,2510,702096.12,93949.51,608146.61,386707.79,33477.65,50239.44,6347.88
2024-08,Brand C - Ice Cream,C-02,Wholesale,2260,632170.31,52687.84,579482.47,376841.47,13772.85,66725.83,9328.39
2024-09,Brand C - Ice Cream,C-02,Wholesale,2151,601706.04,74168.57,527537.47,344338.14,15917.04,40462.95,8294.14
2024-10,Brand C - Ice Cream,C-02,Wholesale,2141,598857.3,58672.59,540184.7,357065.88,26022.33,63739.85,9163.56
2024-11,Brand C - Ice Cream,C-02,Wholesale,2252,629952.92,59425.44,570527.48,376125.8,25253.12,36600.85,11067.95
2024-12,Brand C - Ice Cream,C-02,Wholesale,2077,581048.44,76354.3,504694.14,326617.98,13102.6,52566.53,10623.3
2025-01,Brand C - Ice Cream,C-02,Wholesale,2021,565252.62,82234.04,483018.58,315208.31,22856.42,55386.42,8138.27
2025-02,Brand C - Ice Cream,C-02,Wholesale,2314,647292.59,88786.95,558505.64,357883.65,31900.63,49341.61,10578.94
2025-03,Brand C - Ice Cream,C-02,Wholesale,2464,689404.93,58120.67,631284.26,416109.81,26002.45,69925.56,10866.92
2025-04,Brand C - Ice Cream,C-02,Wholesale,2623,733840.05,79233.76,654606.3,434267.79,24549.45,67319.96,15863.25
2025-05,Brand C - Ice Cream,C-02,Wholesale,2462,688644.53,68819.46,619825.07,405216.33,20016.08,39213.29,15029.93
2025-06,Brand C - Ice Cream,C-02,Wholesale,2636,737331.3,100952.79,636378.51,417657.99,16573.25,52742.42,13329.91
2025-07,Brand C - Ice Cream,C-02,Wholesale,2762,772678.99,87471.41,685207.57,433758.99,18791.46,46829.91,10127.3
2025-08,Brand C - Ice Cream,C-02,Wholesale,2433,680752.25,66668.53,614083.72,416654.8,16466.35,62018.16,10202.52
2025-09,Brand C - Ice Cream,C-02,Wholesale,2806,784917.26,122641.71,662275.56,425360.12,19177.71,79239.32,8150.33
2025-10,Brand C - Ice Cream,C-02,Wholesale,2275,636407.47,90137.54,546269.93,362388.56,21582.9,54301.2,7807.21
2025-11,Brand C - Ice Cream,C-02,Wholesale,2218,620525.54,70595.57,549929.97,353266.37,17783.27,59002.65,10569.74
2025-12,Brand C - Ice Cream,C-02,Wholesale,2432,680378.92,97636.31,582742.61,393526.35,31460.99,39955.37,13812.46
2024-01,Brand C - Ice Cream,C-02,HoReCa,744,208117.96,33293.92,174824.04,111092.24,9397.94,17097.07,3465.34
2024-02,Brand C - Ice Cream,C-02,HoReCa,604,169044.83,21170.64,147874.19,95279.12,11257.41,16727.76,1489.85
2024-03,Brand C - Ice Cream,C-02,HoReCa,555,155376.75,17994.81,137381.94,93439.22,9420.43,14557.33,3406.14
2024-04,Brand C - Ice Cream,C-02,HoReCa,835,233461.16,26865.35,206595.81,130505.71,14127.03,18830.1,3000.2
2024-05,Brand C - Ice Cream,C-02,HoReCa,750,209812.48,19726.45,190086.03,120757.61,11819.87,16377.57,3406.57
2024-06,Brand C - Ice Cream,C-02,HoReCa,846,236672.52,30474.8,206197.72,135258.81,10272.78,19841.39,2973.54
2024-07,Brand C - Ice Cream,C-02,HoReCa,670,187550.5,23103.43,164447.07,105378.21,12430.31,15644.52,3353.01
2024-08,Brand C - Ice Cream,C-02,HoReCa,858,239975.44,33931.93,206043.5,131565.67,10519.23,14372.88,4709.01
2024-09,Brand C - Ice Cream,C-02,HoReCa,829,231909.43,26196.16,205713.27,136740.42,14461.78,12576.77,3689.13
2024-10,Brand C - Ice Cream,C-02,HoReCa,774,216465.23,27288.28,189176.95,121732.16,8862.65,19632.96,4571.38
2024-11,Brand C - Ice Cream,C-02,HoReCa,762,213272.58,32283.92,180988.66,122026.79,9770.57,14989.44,3400.69
2024-12,Brand C - Ice Cream,C-02,HoReCa,705,197278.84,19077.91,178200.94,120766.1,6943.04,18006.34,3160.21
2025-01,Brand C - Ice Cream,C-02,HoReCa,680,190125.69,25461.14,164664.55,104499.53,8235.5,10977.29,2229.84
2025-02,Brand C - Ice Cream,C-02,HoReCa,795,222499.01,30969.55,191529.46,125798.3,13420.7,21702.83,3978.65
2025-03,Brand C - Ice Cream,C-02,HoReCa,781,218376.29,20971.74,197404.55,126353.21,14250.98,19951.56,3737.48
2025-04,Brand C - Ice Cream,C-02,HoReCa,850,237787.31,28048.13,209739.18,132816.94,8506.73,13467.21,2597.97
2025-05,Brand C - Ice Cream,C-02,HoReCa,936,261904.95,28151.15,233753.79,157747.09,14083.95,16355.5,5429.99
2025-06,Brand C - Ice Cream,C-02,HoReCa,967,270657.53,24580.89,246076.64,166690.35,10228.09,17120.27,4096.56
2025-07,Brand C - Ice Cream,C-02,HoReCa,852,238418.72,36085.71,202333.0,127857.1,13564.81,23199.91,4799.41
2025-08,Brand C - Ice Cream,C-02,HoReCa,891,249243.72,38667.59,210576.12,136910.89,14195.7,24559.81,2602.38
2025-09,Brand C - Ice Cream,C-02,HoReCa,759,212386.9,31615.61,180771.28,119826.78,14240.25,18952.85,3381.26
2025-10,Brand C - Ice Cream,C-02,HoReCa,750,209780.66,24588.61,185192.04,126085.41,14145.83,17684.32,4518.51
2025-11,Brand C - Ice Cream,C-02,HoReCa,711,198798.53,26907.93,171890.59,115464.76,7070.2,20597.54,1931.59
2025-12,Brand C - Ice Cream,C-02,HoReCa,712,199136.64,21328.3,177808.34,120769.17,8340.92,20238.14,3633.93
2024-01,Brand C - Ice Cream,C-02,E-commerce,503,140730.06,14970.05,125760.01,83778.12,3320.94,9897.37,1272.02
2024-02,Brand C - Ice Cream,C-02,E-commerce,466,130232.71,13489.42,116743.29,75828.1,4435.26,9423.53,2539.14
2024-03,Brand C - Ice Cream,C-02,E-commerce,492,137623.36,21189.66,116433.7,74190.5,3727.6,9511.63,1989.83
2024-04,Brand C - Ice Cream,C-02,E-commerce,563,157466.95,23456.46,134010.49,87271.41,7638.44,10378.78,2587.81
2024-05,Brand C - Ice Cream,C-02,E-commerce,596,166763.44,20726.92,146036.52,93827.48,7717.43,15513.72,1741.35
2024-06,Brand C - Ice Cream,C-02,E-commerce,551,154135.47,15847.46,138288.01,87508.08,5238.91,13079.39,2569.93
2024-07,Brand C - Ice Cream,C-02,E-commerce,652,182440.16,26619.76,155820.4,106315.22,7912.14,15544.9,2536.31
2024-08,Brand C - Ice Cream,C-02,E-commerce,468,130786.27,17239.25,113547.02,73393.52,6232.12,12507.85,2733.25
2024-09,Brand C - Ice Cream,C-02,E-commerce,540,150995.19,16647.4,134347.79,85924.58,3577.66,9939.34,2972.23
2024-10,Brand C - Ice Cream,C-02,E-commerce,491,137252.35,18244.51,119007.84,76257.94,5205.95,10288.46,1556.45
2024-11,Brand C - Ice Cream,C-02,E-commerce,443,123948.99,17223.71,106725.29,69256.22,4070.45,11018.73,1811.13
2024-12,Brand C - Ice Cream,C-02,E-commerce,440,123053.3,14429.38,108623.92,69381.02,2780.44,7264.29,1970.01
2025-01,Brand C - Ice Cream,C-02,E-commerce,453,126861.82,11284.18,115577.64,73747.66,5137.15,12010.15,2173.63
2025-02,Brand C - Ice Cream,C-02,E-commerce,503,140809.61,11953.04,128856.57,81370.22,3758.75,8509.24,3014.31
2025-03,Brand C - Ice Cream,C-02,E-commerce,509,142440.29,17051.68,125388.6,81649.78,3607.5,13825.01,2030.91
2025-04,Brand C - Ice Cream,C-02,E-commerce,552,154316.55,15885.54,138431.01,93491.25,5845.66,9264.16,2568.32
2025-05,Brand C - Ice Cream,C-02,E-commerce,609,170468.54,16067.95,154400.59,102242.97,5413.0,14272.61,2194.66
2025-06,Brand C - Ice Cream,C-02,E-commerce,560,156719.58,13510.25,143209.33,90680.52,6291.02,15225.52,2980.05
2025-07,Brand C - Ice Cream,C-02,E-commerce,685,191522.53,25937.01,165585.52,107011.63,7899.54,15462.71,1696.41
2025-08,Brand C - Ice Cream,C-02,E-commerce,485,135546.83,12143.32,123403.51,81563.09,5654.05,10248.24,2794.62
2025-09,Brand C - Ice Cream,C-02,E-commerce,592,165737.17,24948.87,140788.29,93045.2,8061.3,10453.23,3031.86
2025-10,Brand C - Ice Cream,C-02,E-commerce,583,163053.9,23519.7,139534.2,93346.35,7845.39,12248.04,1977.56
2025-11,Brand C - Ice Cream,C-02,E-commerce,565,157993.76,25071.14,132922.62,90152.22,5863.06,14522.92,2000.45
2025-12,Brand C - Ice Cream,C-02,E-commerce,484,135414.73,14632.22,120782.51,79616.66,5711.19,9135.2,2570.69
2024-01,Brand C - Ice Cream,C-03,Modern Trade,1719,577708.37,45472.35,532236.02,361346.84,10610.76,17079.37,7593.95
2024-02,Brand C - Ice Cream,C-03,Modern Trade,2419,812859.75,62111.13,750748.63,479625.7,19129.5,33074.99,7729.82
2024-03,Brand C - Ice Cream,C-03,Modern Trade,2243,753844.58,16927.53,736917.05,476318.2,21373.63,19598.61,10109.12
2024-04,Brand C - Ice Cream,C-03,Modern Trade,2330,782958.29,36028.28,746930.0,498024.16,17968.38,30614.05,11042.63
2024-05,Brand C - Ice Cream,C-03,Modern Trade,2395,804776.26,22672.87,782103.4,504350.7,28704.36,33994.61,16648.13
2024-06,Brand C - Ice Cream,C-03,Modern Trade,2676,899299.47,24612.99,874686.48,554800.63,17269.41,27946.54,9461.25
2024-07,Brand C - Ice Cream,C-03,Modern Trade,2361,793193.12,39691.01,753502.11,475552.6,25747.36,26074.24,17197.17
2024-08,Brand C - Ice Cream,C-03,Modern Trade,2131,716181.7,30639.59,685542.11,466773.64,25030.81,33691.48,17037.52
2024-09,Brand C - Ice Cream,C-03,Modern Trade,2450,823354.58,37553.41,785801.18,514655.88,21745.26,38183.4,13524.11
2024-10,Brand C - Ice Cream,C-03,Modern Trade,2233,750402.09,16358.27,734043.82,495568.45,21318.01,35021.07,8421.22
2024-11,Brand C - Ice Cream,C-03,Modern Trade,2415,811552.39,32984.1,778568.28,526444.51,27781.45,25424.19,14595.12
2024-12,Brand C - Ice Cream,C-03,Modern Trade,1795,603268.99,42520.29,560748.7,369596.63,11949.75,14567.32,8824.89
2025-01,Brand C - Ice Cream,C-03,Modern Trade,2492,837443.65,53664.65,783779.01,524933.97,24487.41,36290.11,18347.74
2025-02,Brand C - Ice Cream,C-03,Modern Trade,2648,889743.15,36543.86,853199.29,543091.52,31049.47,24085.67,17208.11
2025-03,Brand C - Ice Cream,C-03,Modern Trade,2487,835542.8,29348.91,806193.89,526038.0,25267.88,26332.55,9111.44
2025-04,Brand C - Ice Cream,C-03,Modern Trade,2641,887544.4,56214.69,831329.7,542398.36,20906.86,40303.75,9699.74
2025-05,Brand C - Ice Cream,C-03,Modern Trade,2677,899570.48,51245.58,848324.9,544992.62,26957.85,40023.35,9400.11
2025-06,Brand C - Ice Cream,C-03,Modern Trade,2848,957016.37,30090.83,926925.54,629344.42,22487.02,24448.0,20880.36
2025-07,Brand C - Ice Cream,C-03,Modern Trade,2555,858369.67,39615.8,818753.87,550819.72,23677.86,26434.75,16759.51
2025-08,Brand C - Ice Cream,C-03,Modern Trade,2641,887299.31,30450.03,856849.28,544168.06,27976.78,30944.2,17318.32
2025-09,Brand C - Ice Cream,C-03,Modern Trade,2936,986387.75,31432.09,954955.66,635427.9,33017.8,19470.13,13574.14
2025-10,Brand C - Ice Cream,C-03,Modern Trade,2140,719050.43,19782.12,699268.31,456989.55,16314.72,23849.27,12890.52
2025-11,Brand C - Ice Cream,C-03,Modern Trade,2569,863211.35,30607.84,832603.51,538643.57,28949.43,35297.67,15736.04
2025-12,Brand C - Ice Cream,C-03,Modern Trade,2840,954180.36,47684.99,906495.37,577144.67,36641.3,33461.74,12475.04
2024-01,Brand C - Ice Cream,C-03,Wholesale,1593,535301.65,34271.35,501030.31,323053.02,22000.49,24253.7,6673.2
2024-02,Brand C - Ice Cream,C-03,Wholesale,2048,688160.65,28737.86,659422.8,427904.75,27622.68,32770.36,9673.48
2024-03,Brand C - Ice Cream,C-03,Wholesale,1617,543374.16,15135.83,528238.33,360501.03,12502.28,23541.84,8913.65
2024-04,Brand C - Ice Cream,C-03,Wholesale,1693,568849.68,14426.4,554423.28,350529.09,17075.16,20750.27,10356.46
2024-05,Brand C - Ice Cream,C-03,Wholesale,1855,623393.21,18007.75,605385.46,390129.85,13871.15,28935.36,14936.22
2024-06,Brand C - Ice Cream,C-03,Wholesale,2081,699108.99,34131.39,664977.61,429229.64,14692.53,15978.67,9457.58
2024-07,Brand C - Ice Cream,C-03,Wholesale,2143,720129.4,41867.58,678261.82,432253.52,16658.21,14620.25,7329.13
2024-08,Brand C - Ice Cream,C-03,Wholesale,1833,615904.7,45731.29,570173.41,373742.8,15369.94,15077.38,6988.51
2024-09,Brand C - Ice Cream,C-03,Wholesale,1645,552902.56,32859.94,520042.62,349062.99,13617.64,15919.62,12872.03
2024-10,Brand C - Ice Cream,C-03,Wholesale,1707,573546.1,44711.09,528835.01,342617.08,15471.78,19906.6,10504.5
2024-11,Brand C - Ice Cream,C-03,Wholesale,1724,579400.18,12308.93,567091.26,379001.17,20004.13,18777.61,10399.95
2024-12,Brand C - Ice Cream,C-03,Wholesale,1666,559860.98,27335.89,532525.09,351118.23,13235.16,19450.58,13027.97
2025-01,Brand C - Ice Cream,C-03,Wholesale,1756,590029.18,44300.7,545728.48,357841.14,17377.97,24588.69,8774.2
2025-02,Brand C - Ice Cream,C-03,Wholesale,1769,594297.21,45786.0,548511.21,365863.4,23281.09,12546.72,6445.23
2025-03,Brand C - Ice Cream,C-03,Wholesale,1979,664894.46,36285.81,628608.65,427304.01,22408.1,15138.47,15062.13
2025-04,Brand C - Ice Cream,C-03,Wholesale,1884,633097.95,15230.53,617867.42,414194.66,23070.95,21903.89,6742.68
2025-05,Brand C - Ice Cream,C-03,Wholesale,2288,768974.31,38294.03,730680.28,468270.93,14925.2,20004.18,15692.15
2025-06,Brand C - Ice Cream,C-03,Wholesale,2155,724246.24,44597.39,679648.85,445155.22,20343.03,20658.63,14095.83
2025-07,Brand C - Ice Cream,C-03,Wholesale,1849,621449.83,18318.65,603131.18,384626.63,17425.23,20462.64,9295.4
2025-08,Brand C - Ice Cream,C-03,Wholesale,2397,805321.11,42543.53,762777.58,488010.43,31368.02,18290.1,9598.89
2025-09,Brand C - Ice Cream,C-03,Wholesale,2115,710571.14,52306.22,658264.92,423643.78,15328.36,26577.62,15080.88
2025-10,Brand C - Ice Cream,C-03,Wholesale,2061,692390.4,41274.46,651115.94,421597.86,26072.56,21796.4,13132.17
2025-11,Brand C - Ice Cream,C-03,Wholesale,2180,732355.77,37421.18,694934.59,439644.1,23668.86,27238.3,11681.64
2025-12,Brand C - Ice Cream,C-03,Wholesale,1769,594346.73,38600.03,555746.7,359558.25,19060.27,20218.19,7292.44
2024-01,Brand C - Ice Cream,C-03,HoReCa,506,170178.76,10668.88,159509.88,108607.76,7358.17,3556.03,3599.47
2024-02,Brand C - Ice Cream,C-03,HoReCa,641,215324.59,12671.61,202652.98,132295.65,11694.76,7553.12,3649.33
2024-03,Brand C - Ice Cream,C-03,HoReCa,622,209168.87,10711.88,198456.99,127423.42,5896.91,5357.73,2308.97
2024-04,Brand C - Ice Cream,C-03,HoReCa,614,206302.84,14453.6,191849.24,123916.93,6645.68,5356.69,2419.95
2024-05,Brand C - Ice Cream,C-03,HoReCa,731,245704.29,19131.59,226572.7,152886.02,13486.88,9421.44,3998.02
2024-06,Brand C - Ice Cream,C-03,HoReCa,654,219645.04,11978.76,207666.28,131982.29,7105.92,8820.77,2719.01
2024-07,Brand C - Ice Cream,C-03,HoReCa,638,214436.73,7812.07,206624.66,135016.43,6913.26,7188.52,3116.22
2024-08,Brand C - Ice Cream,C-03,HoReCa,661,222110.24,14742.3,207367.93,139319.68,9971.18,8302.13,2388.49
2024-09,Brand C - Ice Cream,C-03,HoReCa,628,211020.73,12092.76,198927.96,125707.66,7060.94,7472.94,2791.76
2024-10,Brand C - Ice Cream,C-03,HoReCa,596,200208.55,15438.17,184770.38,120919.48,9665.3,8183.46,4567.82
2024-11,Brand C - Ice Cream,C-03,HoReCa,579,194397.21,11650.94,182746.27,115500.41,10833.05,4656.95,2825.87
2024-12,Brand C - Ice Cream,C-03,HoReCa,585,196491.25,11708.89,184782.36,119220.0,7035.38,8337.05,2655.16
2025-01,Brand C - Ice Cream,C-03,HoReCa,614,206289.49,8504.73,197784.75,133779.22,9984.01,9203.38,3478.87
2025-02,Brand C - Ice Cream,C-03,HoReCa,603,202691.36,7046.12,195645.24,128257.57,6715.12,4928.14,2888.12
2025-03,Brand C - Ice Cream,C-03,HoReCa,585,196570.25,8417.99,188152.26,125678.9,7979.06,7459.32,2166.2
2025-04,Brand C - Ice Cream,C-03,HoReCa,834,280116.25,19540.89,260575.36,169062.43,11785.54,6581.48,5342.47
2025-05,Brand C - Ice Cream,C-03,HoReCa,784,263448.75,13518.65,249930.1,165565.72,9106.93,8457.76,4912.98
2025-06,Brand C - Ice Cream,C-03,HoReCa,673,226014.18,11504.74,214509.44,141403.82,6879.44,5218.55,4576.67
2025-07,Brand C - Ice Cream,C-03,HoReCa,764,256879.73,5600.67,251279.06,161420.22,8782.6,10137.19,5030.32
2025-08,Brand C - Ice Cream,C-03,HoReCa,776,260886.86,19681.6,241205.26,162590.89,9596.3,11566.42,5518.21
2025-09,Brand C - Ice Cream,C-03,HoReCa,723,242803.36,6114.42,236688.94,160020.55,8223.09,10792.27,3647.83
2025-10,Brand C - Ice Cream,C-03,HoReCa,705,237011.42,12775.06,224236.35,145383.49,13223.77,10204.71,3890.37
2025-11,Brand C - Ice Cream,C-03,HoReCa,657,220706.77,11402.77,209304.0,134057.13,12770.06,6484.07,2710.14
2025-12,Brand C - Ice Cream,C-03,HoReCa,598,200852.23,7194.41,193657.82,131845.32,9561.97,5380.76,3852.34
2024-01,Brand C - Ice Cream,C-03,E-commerce,405,136020.38,6888.65,129131.72,85894.9,3969.1,4177.25,1875.06
2024-02,Brand C - Ice Cream,C-03,E-commerce,365,122479.85,6033.01,116446.84,78963.61,2292.31,5686.62,2634.73
2024-03,Brand C - Ice Cream,C-03,E-commerce,397,133433.26,10477.7,122955.56,83124.42,3763.38,3484.54,1668.66
2024-04,Brand C - Ice Cream,C-03,E-commerce,415,139486.42,7635.69,131850.73,83991.44,2909.35,5909.81,1867.4
2024-05,Brand C - Ice Cream,C-03,E-commerce,423,142251.02,9598.85,132652.18,87654.01,3392.4,6047.65,2304.58
2024-06,Brand C - Ice Cream,C-03,E-commerce,437,146768.85,5579.26,141189.59,91698.3,3266.63,3807.71,2773.85
2024-07,Brand C - Ice Cream,C-03,E-commerce,446,149907.92,3433.22,146474.7,98120.36,5269.61,7133.73,3622.77
2024-08,Brand C - Ice Cream,C-03,E-commerce,445,149484.87,7637.4,141847.47,94872.82,5656.82,3005.01,3050.56
2024-09,Brand C - Ice Cream,C-03,E-commerce,530,178086.62,5069.57,173017.05,116227.9,7348.08,8046.48,3907.41
2024-10,Brand C - Ice Cream,C-03,E-commerce,407,136792.32,7541.73,129250.59,86908.2,3551.46,6063.14,1324.07
2024-11,Brand C - Ice Cream,C-03,E-commerce,293,98537.65,7416.04,91121.61,57535.08,2665.04,4324.04,1342.14
2024-12,Brand C - Ice Cream,C-03,E-commerce,393,132102.14,5899.09,126203.05,80453.88,4344.88,4525.02,3131.93
2025-01,Brand C - Ice Cream,C-03,E-commerce,420,141220.25,5516.45,135703.8,87923.01,4201.26,3290.98,2805.7
2025-02,Brand C - Ice Cream,C-03,E-commerce,409,137375.95,3342.34,134033.61,90523.4,5072.27,3412.96,2086.61
2025-03,Brand C - Ice Cream,C-03,E-commerce,452,152002.71,8513.14,143489.57,97327.01,2726.28,5035.21,2026.64
2025-04,Brand C - Ice Cream,C-03,E-commerce,500,168153.13,10806.77,157346.36,105745.0,6579.12,6711.35,1605.8
2025-05,Brand C - Ice Cream,C-03,E-commerce,469,157500.99,5207.9,152293.08,99876.87,4082.8,7276.67,1652.03
2025-06,Brand C - Ice Cream,C-03,E-commerce,494,166154.51,5257.17,160897.34,109162.98,4742.96,7698.14,2633.56
2025-07,Brand C - Ice Cream,C-03,E-commerce,487,163703.19,4414.61,159288.57,104502.26,4122.61,5055.52,3237.91
2025-08,Brand C - Ice Cream,C-03,E-commerce,502,168777.42,6877.09,161900.34,108209.19,4220.79,7912.28,2703.78
2025-09,Brand C - Ice Cream,C-03,E-commerce,448,150682.64,6157.8,144524.84,94050.88,4606.44,4913.36,2218.17
2025-10,Brand C - Ice Cream,C-03,E-commerce,431,144689.75,6074.6,138615.15,93028.43,5804.72,5216.5,3281.93
2025-11,Brand C - Ice Cream,C-03,E-commerce,475,159621.28,12407.79,147213.48,99503.76,3393.72,6041.48,2405.97
2025-12,Brand C - Ice Cream,C-03,E-commerce,433,145392.55,10461.96,134930.59,91601.08,3682.12,6657.62,3215.89
2024-01,Brand C - Ice Cream,C-04,Modern Trade,1190,441436.48,12023.2,429413.27,283352.02,12617.18,18764.79,6198.29
2024-02,Brand C - Ice Cream,C-04,Modern Trade,1046,387763.84,30598.3,357165.55,240550.1,9347.63,8443.67,5266.5
2024-03,Brand C - Ice Cream,C-04,Modern Trade,1143,424003.97,22107.15,401896.83,264061.42,13483.38,15640.88,6236.32
2024-04,Brand C - Ice Cream,C-04,Modern Trade,1301,482643.36,20457.29,462186.08,312813.14,16083.97,10469.42,7008.35
2024-05,Brand C - Ice Cream,C-04,Modern Trade,1327,492251.33,15469.0,476782.33,304277.67,13110.51,13152.13,6958.34
2024-06,Brand C - Ice Cream,C-04,Modern Trade,1410,523029.22,32997.58,490031.64,317110.0,15436.64,20443.74,10993.83
2024-07,Brand C - Ice Cream,C-04,Modern Trade,1341,497164.96,17292.67,479872.29,319303.8,17718.19,18489.81,6858.28
2024-08,Brand C - Ice Cream,C-04,Modern Trade,1060,393267.05,27731.5,365535.55,232582.46,14783.17,17960.03,6561.2
2024-09,Brand C - Ice Cream,C-04,Modern Trade,1173,434853.08,9034.9,425818.19,270213.22,16364.76,14646.97,4325.98
2024-10,Brand C - Ice Cream,C-04,Modern Trade,1138,421916.02,23428.31,398487.71,262050.45,7634.64,15549.63,8517.96
2024-11,Brand C - Ice Cream,C-04,Modern Trade,1010,374392.86,22885.34,351507.52,226985.59,9623.85,14526.52,7133.23
2024-12,Brand C - Ice Cream,C-04,Modern Trade,1048,388681.8,29098.34,359583.46,240124.51,8210.06,7516.0,8174.05
2025-01,Brand C - Ice Cream,C-04,Modern Trade,1250,463548.48,15896.79,447651.69,287918.17,8236.57,10702.79,5223.0
2025-02,Brand C - Ice Cream,C-04,Modern Trade,920,341002.79,10966.54,330036.25,217528.07,7020.72,14279.89,5736.46
2025-03,Brand C - Ice Cream,C-04,Modern Trade,1217,451388.87,9407.94,441980.93,295227.2,14009.92,16279.02,8258.86
2025-04,Brand C - Ice Cream,C-04,Modern Trade,1159,429900.7,28537.92,401362.78,260506.6,9652.2,9773.86,8569.14
2025-05,Brand C - Ice Cream,C-04,Modern Trade,1486,551113.58,22105.1,529008.48,338902.25,15038.65,19642.29,5575.84
2025-06,Brand C - Ice Cream,C-04,Modern Trade,1496,554704.9,35804.39,518900.52,343395.72,19345.0,11194.81,11708.52
2025-07,Brand C - Ice Cream,C-04,Modern Trade,1533,568389.32,28936.51,539452.8,362936.02,10721.58,18484.2,11312.75
2025-08,Brand C - Ice Cream,C-04,Modern Trade,1449,537342.11,35645.73,501696.38,327443.34,15895.35,25046.9,7730.89
2025-09,Brand C - Ice Cream,C-04,Modern Trade,1294,479790.84,24057.25,455733.59,305909.38,14073.25,13137.4,6736.4
2025-10,Brand C - Ice Cream,C-04,Modern Trade,1244,461241.42,33652.55,427588.87,282474.11,9080.53,19523.89,5408.13
2025-11,Brand C - Ice Cream,C-04,Modern Trade,1510,559991.67,17001.06,542990.61,344650.45,13393.03,25783.92,9839.54
2025-12,Brand C - Ice Cream,C-04,Modern Trade,1139,422489.75,30746.81,391742.93,266169.58,7059.66,17214.27,9256.46
2024-01,Brand C - Ice Cream,C-04,Wholesale,949,351970.14,17020.09,334950.05,228159.14,9206.8,11408.09,5112.93
2024-02,Brand C - Ice Cream,C-04,Wholesale,818,303391.7,20273.4,283118.3,182934.5,8151.91,8910.09,6985.44
2024-03,Brand C - Ice Cream,C-04,Wholesale,952,353001.17,11558.98,341442.19,231821.79,9357.94,10712.98,7708.55
2024-04,Brand C - Ice Cream,C-04,Wholesale,1021,378794.06,12263.05,366531.01,241954.77,6657.96,11934.04,7120.85
2024-05,Brand C - Ice Cream,C-04,Wholesale,1032,382682.07,27873.05,354809.02,241628.1,14054.81,10603.08,4045.55
2024-06,Brand C - Ice Cream,C-04,Wholesale,1158,429499.55,26824.39,402675.16,264723.02,10606.75,10258.37,7463.14
2024-07,Brand C - Ice Cream,C-04,Wholesale,1194,442748.19,28784.53,413963.66,277114.87,8570.87,20262.51,5016.63
2024-08,Brand C - Ice Cream,C-04,Wholesale,1037,384427.3,25746.88,358680.42,236305.44,12425.38,14533.53,7603.65
2024-09,Brand C - Ice Cream,C-04,Wholesale,895,332010.73,19744.21,312266.51,205264.74,11408.45,7337.59,5052.16
2024-10,Brand C - Ice Cream,C-04,Wholesale,955,354333.23,14269.67,340063.56,219687.79,13084.89,8086.17,6222.55
2024-11,Brand C - Ice Cream,C-04,Wholesale,922,341755.56,9748.69,332006.87,211185.73,9645.45,14733.97,6684.46
2024-12,Brand C - Ice Cream,C-04,Wholesale,925,342943.6,15048.5,327895.1,210523.38,10088.04,14081.33,4664.73
2025-01,Brand C - Ice Cream,C-04,Wholesale,951,352592.28,23950.27,328642.02,208209.05,6747.27,9924.7,5500.71
2025-02,Brand C - Ice Cream,C-04,Wholesale,979,363073.92,28293.22,334780.7,216017.39,12189.69,11353.03,4790.99
2025-03,Brand C - Ice Cream,C-04,Wholesale,976,361997.38,7310.63,354686.75,223853.93,13445.18,16061.1,7293.04
2025-04,Brand C - Ice Cream,C-04,Wholesale,1014,375966.46,26043.46,349923.0,235578.41,12252.91,15080.37,4009.09
2025-05,Brand C - Ice Cream,C-04,Wholesale,1094,405560.27,27903.26,377657.0,246819.87,10233.22,16465.0,5301.36
2025-06,Brand C - Ice Cream,C-04,Wholesale,1122,416168.96,16281.72,399887.24,265646.59,11729.43,18223.23,4006.14
2025-07,Brand C - Ice Cream,C-04,Wholesale,1092,404797.35,21606.93,383190.42,247469.41,11891.63,17183.71,7661.63
2025-08,Brand C - Ice Cream,C-04,Wholesale,1281,474879.76,29002.03,445877.73,299270.58,15539.14,18487.89,10885.43
2025-09,Brand C - Ice Cream,C-04,Wholesale,1021,378676.34,8200.25,370476.09,251150.85,13553.85,8076.09,4620.98
2025-10,Brand C - Ice Cream,C-04,Wholesale,1010,374724.78,13252.99,361471.79,241951.42,10577.6,14354.31,7366.71
2025-11,Brand C - Ice Cream,C-04,Wholesale,878,325545.37,25978.27,299567.1,198861.62,6538.92,9183.73,4768.73
2025-12,Brand C - Ice Cream,C-04,Wholesale,924,342508.08,11423.49,331084.59,215456.63,7450.68,11880.84,5537.69
2024-01,Brand C - Ice Cream,C-04,HoReCa,273,101299.22,6388.74,94910.48,62528.88,3288.12,4015.26,2165.33
2024-02,Brand C - Ice Cream,C-04,HoReCa,294,108881.03,5869.43,103011.59,65417.21,3218.02,4645.23,2178.08
2024-03,Brand C - Ice Cream,C-04,HoReCa,266,98570.67,5994.12,92576.55,60066.66,2380.48,4275.35,2301.76
2024-04,Brand C - Ice Cream,C-04,HoReCa,402,149133.96,8211.14,140922.83,89505.35,7241.75,6036.72,2429.98
2024-05,Brand C - Ice Cream,C-04,HoReCa,380,140885.16,9220.18,131664.98,84093.11,4340.81,5819.59,2819.26
2024-06,Brand C - Ice Cream,C-04,HoReCa,358,132950.23,7293.01,125657.21,85628.74,3330.85,3060.38,2524.26
2024-07,Brand C - Ice Cream,C-04,HoReCa,348,129194.74,8543.04,120651.71,77841.41,6538.38,5209.52,1763.26
2024-08,Brand C - Ice Cream,C-04,HoReCa,346,128474.67,7720.9,120753.77,79332.19,6607.6,6022.43,2078.13
2024-09,Brand C - Ice Cream,C-04,HoReCa,263,97535.36,3188.73,94346.63,60871.28,2421.07,2116.34,1237.52
2024-10,Brand C - Ice Cream,C-04,HoReCa,314,116539.43,3563.49,112975.95,71622.82,3630.62,5390.9,1219.52
2024-11,Brand C - Ice Cream,C-04,HoReCa,266,98770.06,7899.98,90870.08,60432.33,2682.32,2412.94,1505.29
2024-12,Brand C - Ice Cream,C-04,HoReCa,317,117420.5,6741.98,110678.52,71756.74,5357.42,3363.72,2741.86
2025-01,Brand C - Ice Cream,C-04,HoReCa,339,125823.31,6473.43,119349.88,80406.9,5149.36,3394.84,1631.81
2025-02,Brand C - Ice Cream,C-04,HoReCa,336,124623.37,6131.18,118492.19,77791.4,6335.74,5467.11,1574.65
2025-03,Brand C - Ice Cream,C-04,HoReCa,378,140351.3,9905.14,130446.16,82391.67,4010.6,3295.16,2615.43
2025-04,Brand C - Ice Cream,C-04,HoReCa,411,152452.89,3883.47,148569.42,98429.34,3751.46,5255.4,1810.79
2025-05,Brand C - Ice Cream,C-04,HoReCa,390,144593.63,8560.28,136033.35,86378.88,7487.02,3386.18,3360.05
2025-06,Brand C - Ice Cream,C-04,HoReCa,393,145920.5,10595.16,135325.33,85562.64,4041.6,4478.81,2928.96
2025-07,Brand C - Ice Cream,C-04,HoReCa,382,141482.41,5407.12,136075.29,90277.55,5010.01,3928.14,2402.82
2025-08,Brand C - Ice Cream,C-04,HoReCa,384,142528.35,9173.85,133354.5,86108.41,4339.24,6473.61,3299.85
2025-09,Brand C - Ice Cream,C-04,HoReCa,340,126021.14,7433.08,118588.06,77918.46,3385.84,4694.97,2501.68
2025-10,Brand C - Ice Cream,C-04,HoReCa,315,116758.42,8033.84,108724.58,74015.36,3060.39,2680.7,2361.95
2025-11,Brand C - Ice Cream,C-04,HoReCa,349,129323.78,5510.72,123813.06,81414.24,3912.11,2564.46,2754.33
2025-12,Brand C - Ice Cream,C-04,HoReCa,307,113733.06,5231.48,108501.59,69311.52,4138.62,3305.68,1320.54
2024-01,Brand C - Ice Cream,C-04,E-commerce,196,72811.85,4012.82,68799.03,46547.87,2721.93,2631.24,696.06
2024-02,Brand C - Ice Cream,C-04,E-commerce,216,80071.78,2498.79,77573.0,50466.98,2478.3,2275.81,1506.93
2024-03,Brand C - Ice Cream,C-04,E-commerce,174,64562.57,2936.59,61625.98,39172.15,1439.8,1240.19,1259.99
2024-04,Brand C - Ice Cream,C-04,E-commerce,227,84073.03,6442.06,77630.97,50944.44,1462.83,3636.6,1261.56
2024-05,Brand C - Ice Cream,C-04,E-commerce,233,86268.09,2885.95,83382.14,55805.96,1598.74,2169.51,1103.29
2024-06,Brand C - Ice Cream,C-04,E-commerce,245,91016.04,5918.09,85097.94,55332.48,1618.84,2710.56,1014.88
2024-07,Brand C - Ice Cream,C-04,E-commerce,242,89605.62,2542.18,87063.44,58562.98,1950.91,3031.73,1832.18
2024-08,Brand C - Ice Cream,C-04,E-commerce,274,101499.0,4202.07,97296.93,61543.4,2659.46,4737.76,1868.37
2024-09,Brand C - Ice Cream,C-04,E-commerce,224,82999.2,3314.31,79684.89,52300.18,1819.62,3333.46,947.67
2024-10,Brand C - Ice Cream,C-04,E-commerce,220,81443.13,2584.58,78858.56,50443.57,1840.12,2725.97,820.45
2024-11,Brand C - Ice Cream,C-04,E-commerce,224,83137.4,5419.0,77718.4,52649.56,1762.73,2573.36,1364.54
2024-12,Brand C - Ice Cream,C-04,E-commerce,218,80903.44,4767.74,76135.7,51300.08,1627.11,3448.95,989.15
2025-01,Brand C - Ice Cream,C-04,E-commerce,204,75663.31,3844.56,71818.74,46744.25,2539.4,2916.89,1608.44
2025-02,Brand C - Ice Cream,C-04,E-commerce,222,82286.07,6573.85,75712.23,49290.83,2537.62,3485.74,1221.8
2025-03,Brand C - Ice Cream,C-04,E-commerce,204,75649.02,2001.84,73647.18,48768.37,2001.41,2759.53,1336.22
2025-04,Brand C - Ice Cream,C-04,E-commerce,220,81473.46,4058.08,77415.38,51723.86,1366.12,2163.13,1324.81
2025-05,Brand C - Ice Cream,C-04,E-commerce,278,102947.94,3251.38,99696.56,63267.35,3825.27,3930.75,2350.75
2025-06,Brand C - Ice Cream,C-04,E-commerce,267,98856.82,3235.49,95621.33,64168.97,3621.14,3965.29,1688.01
2025-07,Brand C - Ice Cream,C-04,E-commerce,275,101992.7,5022.21,96970.49,63316.42,2441.59,4205.68,1280.37
2025-08,Brand C - Ice Cream,C-04,E-commerce,220,81690.58,2448.19,79242.38,52522.32,2091.07,3734.82,1415.8
2025-09,Brand C - Ice Cream,C-04,E-commerce,253,93841.97,2168.67,91673.3,60372.46,2036.33,2961.66,1413.22
2025-10,Brand C - Ice Cream,C-04,E-commerce,280,103937.11,8164.43,95772.67,63593.1,2160.18,3959.19,2249.62
2025-11,Brand C - Ice Cream,C-04,E-commerce,209,77612.64,2438.88,75173.77,49134.08,1630.11,3451.96,1257.21
2025-12,Brand C - Ice Cream,C-04,E-commerce,199,73874.81,3608.3,70266.51,47081.52,2452.91,3115.94,1629.49
2024-01,Brand D - Bakery,D-01,Modern Trade,3381,1911049.57,135101.21,1775948.36,1276174.74,38747.49,47534.95,43582.33
2024-02,Brand D - Bakery,D-01,Modern Trade,3827,2163297.4,130791.88,2032505.52,1401122.31,36139.92,44457.28,35861.21
2024-03,Brand D - Bakery,D-01,Modern Trade,3369,1904385.33,104362.24,1800023.09,1284070.75,40972.23,48682.42,39147.04
2024-04,Brand D - Bakery,D-01,Modern Trade,4514,2551438.82,81582.19,2469856.63,1730760.56,58318.87,50129.16,41330.77
2024-05,Brand D - Bakery,D-01,Modern Trade,3944,2228991.67,68153.63,2160838.04,1505204.99,26113.04,81630.11,53309.52
2024-06,Brand D - Bakery,D-01,Modern Trade,5012,2833063.85,212387.71,2620676.14,1787084.32,67872.48,102571.88,53632.26
2024-07,Brand D - Bakery,D-01,Modern Trade,4411,2493034.79,56427.48,2436607.31,1667970.85,40411.08,56162.51,46611.17
2024-08,Brand D - Bakery,D-01,Modern Trade,3965,2240915.96,164885.05,2076030.91,1463001.94,32170.31,101730.2,42444.7
2024-09,Brand D - Bakery,D-01,Modern Trade,4072,2301737.15,61779.72,2239957.43,1606825.99,40063.51,51604.04,24220.61
2024-10,Brand D - Bakery,D-01,Modern Trade,3625,2048804.76,153154.92,1895649.85,1292823.55,48493.7,86999.85,36412.24
2024-11,Brand D - Bakery,D-01,Modern Trade,3459,1955281.02,72856.06,1882424.96,1354801.34,29130.2,74231.37,21814.99
2024-12,Brand D - Bakery,D-01,Modern Trade,3955,2235169.79,113564.19,2121605.6,1454264.18,27298.83,69489.35,44679.84
2025-01,Brand D - Bakery,D-01,Modern Trade,4026,2275683.34,127260.66,2148422.69,1487455.38,36668.54,73256.79,50960.89
2025-02,Brand D - Bakery,D-01,Modern Trade,3636,2055210.4,81355.44,1973854.97,1419058.04,42315.52,40422.72,35244.72
2025-03,Brand D - Bakery,D-01,Modern Trade,3709,2096430.83,91652.46,2004778.37,1411886.01,22931.7,61483.79,43366.81
2025-04,Brand D - Bakery,D-01,Modern Trade,4832,2730861.73,132093.05,2598768.69,1872089.83,45407.52,108231.61,63249.66
2025-05,Brand D - Bakery,D-01,Modern Trade,4694,2653227.15,91669.67,2561557.47,1850662.5,31502.48,97532.13,36872.18
2025-06,Brand D - Bakery,D-01,Modern Trade,4696,2654096.32,134987.97,2519108.35,1743078.23,29590.9,124582.84,58428.05
2025-07,Brand D - Bakery,D-01,Modern Trade,4752,2685919.3,186754.25,2499165.05,1820076.29,64498.1,116095.97,45434.86
2025-08,Brand D - Bakery,D-01,Modern Trade,5359,3029065.9,68375.03,2960690.88,2168613.44,54625.08,146207.14,58589.65
2025-09,Brand D - Bakery,D-01,Modern Trade,5219,2949915.38,212923.63,2736991.75,1951748.73,33701.67,129276.17,36558.4
2025-10,Brand D - Bakery,D-01,Modern Trade,4183,2364482.86,123055.31,2241427.56,1589923.97,50652.89,75975.44,34232.19
2025-11,Brand D - Bakery,D-01,Modern Trade,4211,2380153.34,119861.2,2260292.14,1639831.31,47263.35,64786.25,46516.8
2025-12,Brand D - Bakery,D-01,Modern Trade,3869,2186598.01,137871.49,2048726.53,1471487.06,43704.34,94089.81,44661.69
2024-01,Brand D - Bakery,D-01,Wholesale,2969,1677868.8,87635.05,1590233.75,1164532.75,41493.28,37676.62,25449.18
2024-02,Brand D - Bakery,D-01,Wholesale,2719,1536944.39,99808.17,1437136.22,1044709.66,18248.13,61109.83,32876.57
2024-03,Brand D - Bakery,D-01,Wholesale,2987,1688559.84,121455.76,1567104.08,1133538.28,40474.53,42547.55,20417.68
2024-04,Brand D - Bakery,D-01,Wholesale,3078,1739976.89,129891.03,1610085.86,1111520.87,29048.16,64358.82,24716.77
2024-05,Brand D - Bakery,D-01,Wholesale,3668,2073241.01,145332.79,1927908.22,1309656.68,24020.14,61400.09,27654.75
2024-06,Brand D - Bakery,D-01,Wholesale,3699,2090661.58,79280.29,2011381.29,1415716.4,37503.89,41902.45,31037.32
2024-07,Brand D - Bakery,D-01,Wholesale,3698,2090290.95,141070.3,1949220.64,1324662.36,32155.9,76242.75,31343.61
2024-08,Brand D - Bakery,D-01,Wholesale,3581,2023773.31,157630.53,1866142.77,1327806.66,26766.21,83563.78,31953.3
2024-09,Brand D - Bakery,D-01,Wholesale,2701,1526545.4,120036.43,1406508.97,969163.01,21889.89,28889.57,18852.69
2024-10,Brand D - Bakery,D-01,Wholesale,3354,1896002.69,79041.64,1816961.05,1287363.28,23226.19,89893.28,25336.19
2024-11,Brand D - Bakery,D-01,Wholesale,3297,1863654.12,143754.14,1719899.98,1200606.66,34186.33,51128.75,20753.6
2024-12,Brand D - Bakery,D-01,Wholesale,3201,1809068.04,47160.28,1761907.76,1279715.48,25659.39,51124.53,27282.0
2025-01,Brand D - Bakery,D-01,Wholesale,2489,1406712.91,62065.8,1344647.1,963020.85,24913.73,66926.06,19808.3
2025-02,Brand D - Bakery,D-01,Wholesale,3118,1762429.7,115062.14,1647367.57,1200613.89,41594.5,76949.1,37392.78
2025-03,Brand D - Bakery,D-01,Wholesale,3216,1817593.69,64507.47,1753086.22,1217766.84,41696.48,54379.39,26329.03
2025-04,Brand D - Bakery,D-01,Wholesale,3751,2120017.34,146886.58,1973130.76,1340124.67,27859.46,48027.96,20322.69
2025-05,Brand D - Bakery,D-01,Wholesale,3274,1850454.1,93701.91,1756752.2,1203913.39,24798.72,50578.14,35609.12
2025-06,Brand D - Bakery,D-01,Wholesale,4000,2260878.68,69861.03,2191017.65,1575784.63,45507.7,105851.47,54018.65
2025-07,Brand D - Bakery,D-01,Wholesale,4055,2291851.22,60605.77,2231245.44,1534039.62,34367.75,72936.88,36784.66
2025-08,Brand D - Bakery,D-01,Wholesale,4139,2339703.06,147006.0,2192697.07,1532235.4,47631.77,57720.41,33659.1
2025-09,Brand D - Bakery,D-01,Wholesale,3700,2091035.67,51963.29,2039072.38,1389481.12,42401.25,50387.36,41720.54
2025-10,Brand D - Bakery,D-01,Wholesale,3249,1836575.33,127672.55,1708902.79,1191422.78,26407.8,70486.42,30326.55
2025-11,Brand D - Bakery,D-01,Wholesale,3153,1782304.36,69580.63,1712723.73,1258344.72,21051.13,36410.54,25216.75
2025-12,Brand D - Bakery,D-01,Wholesale,2603,1471166.5,59064.32,1412102.18,989256.54,22146.83,50864.18,30060.98
2024-01,Brand D - Bakery,D-01,HoReCa,901,509417.43,25055.18,484362.25,345629.67,13616.98,11653.14,11252.59
2024-02,Brand D - Bakery,D-01,HoReCa,1042,589096.59,39213.75,549882.84,391174.49,15213.63,16032.46,13516.35
2024-03,Brand D - Bakery,D-01,HoReCa,1085,613339.44,33425.89,579913.55,396429.69,11839.38,23700.24,8855.95
2024-04,Brand D - Bakery,D-01,HoReCa,1004,567443.94,20695.41,546748.53,393872.26,15348.22,19898.49,10734.13
2024-05,Brand D - Bakery,D-01,HoReCa,1212,684939.27,23329.8,661609.47,452527.58,16903.56,27704.97,14636.71
2024-06,Brand D - Bakery,D-01,HoReCa,1288,727934.61,16209.34,711725.27,498945.47,17531.45,24092.22,13558.4
2024-07,Brand D - Bakery,D-01,HoReCa,1000,565333.86,21179.36,544154.5,378278.43,13466.8,27110.57,5851.73
2024-08,Brand D - Bakery,D-01,HoReCa,1166,658841.38,35017.13,623824.25,451041.88,17122.29,15034.86,11171.73
2024-09,Brand D - Bakery,D-01,HoReCa,1183,668425.62,29242.69,639182.93,445800.26,13918.03,16448.15,11915.37
2024-10,Brand D - Bakery,D-01,HoReCa,873,493598.18,16606.81,476991.38,330620.55,10400.76,17773.06,9642.41
2024-11,Brand D - Bakery,D-01,HoReCa,886,500517.72,25901.98,474615.73,334384.28,11400.55,10389.99,6468.26
2024-12,Brand D - Bakery,D-01,HoReCa,1112,628790.26,41711.0,587079.27,426058.75,15780.05,13555.63,7871.71
2025-01,Brand D - Bakery,D-01,HoReCa,1145,647190.07,44672.2,602517.86,426624.67,19328.23,15384.93,12277.2
2025-02,Brand D - Bakery,D-01,HoReCa,1013,572641.44,44638.38,528003.06,360826.98,15690.04,22553.41,11889.01
2025-03,Brand D - Bakery,D-01,HoReCa,1130,638785.12,32739.74,606045.39,416421.58,16973.96,22564.17,6579.69
2025-04,Brand D - Bakery,D-01,HoReCa,1230,695341.53,25230.1,670111.43,485345.16,12803.57,25888.49,9884.24
2025-05,Brand D - Bakery,D-01,HoReCa,1353,764883.88,60207.25,704676.64,498120.36,15477.27,30615.37,11839.52
2025-06,Brand D - Bakery,D-01,HoReCa,1341,758148.01,48440.96,709707.05,495958.77,11443.38,22042.36,8961.7
2025-07,Brand D - Bakery,D-01,HoReCa,1635,924248.66,53010.56,871238.11,593696.18,24321.16,19674.08,13874.99
2025-08,Brand D - Bakery,D-01,HoReCa,1401,791938.41,30986.52,760951.89,556624.97,19419.52,23837.08,13797.51
2025-09,Brand D - Bakery,D-01,HoReCa,1427,806813.45,59020.62,747792.83,523821.67,12016.48,29784.35,11327.31
2025-10,Brand D - Bakery,D-01,HoReCa,1107,625543.59,16233.45,609310.14,424818.8,18978.98,15881.68,11012.66
2025-11,Brand D - Bakery,D-01,HoReCa,1067,603252.31,19954.57,583297.74,398109.72,12014.53,15080.63,14424.93
2025-12,Brand D - Bakery,D-01,HoReCa,891,503754.37,36403.47,467350.9,322558.72,9236.02,23182.14,9216.16
2024-01,Brand D - Bakery,D-01,E-commerce,606,342353.6,11004.34,331349.26,243368.76,4038.09,13972.46,7857.83
2024-02,Brand D - Bakery,D-01,E-commerce,722,407810.07,18674.1,389135.96,275975.66,6799.86,19276.83,6747.03
2024-03,Brand D - Bakery,D-01,E-commerce,716,404627.82,10603.92,394023.9,270398.1,4513.86,8525.11,9019.77
2024-04,Brand D - Bakery,D-01,E-commerce,802,453524.95,34660.41,418864.54,305463.07,9127.31,13899.06,4481.89
2024-05,Brand D - Bakery,D-01,E-commerce,815,460535.72,33196.44,427339.28,311783.01,10429.69,10437.28,5154.15
2024-06,Brand D - Bakery,D-01,E-commerce,727,410850.78,26427.8,384422.98,274915.53,8992.16,16198.35,4387.79
2024-07,Brand D - Bakery,D-01,E-commerce,871,492249.3,13434.02,478815.28,339252.06,7281.01,11361.99,7626.75
2024-08,Brand D - Bakery,D-01,E-commerce,784,442943.69,19684.76,423258.93,309216.29,6454.05,11048.88,8565.35
2024-09,Brand D - Bakery,D-01,E-commerce,695,392976.36,13857.2,379119.16,261975.51,4407.94,13208.67,3932.31
2024-10,Brand D - Bakery,D-01,E-commerce,710,401525.05,30403.25,371121.8,261147.64,8216.57,11415.42,8141.5
2024-11,Brand D - Bakery,D-01,E-commerce,527,298108.26,13698.77,284409.49,205022.66,3172.54,11287.18,4499.22
2024-12,Brand D - Bakery,D-01,E-commerce,754,426054.16,19213.18,406840.98,277643.59,7659.73,9077.38,9755.35
2025-01,Brand D - Bakery,D-01,E-commerce,744,420283.24,17647.19,402636.05,294495.41,7159.82,18555.15,9969.79
2025-02,Brand D - Bakery,D-01,E-commerce,712,402389.4,20500.7,381888.7,269364.84,6094.23,16607.41,8149.16
2025-03,Brand D - Bakery,D-01,E-commerce,787,444839.83,22041.21,422798.62,294308.08,6654.31,16759.11,6932.06
2025-04,Brand D - Bakery,D-01,E-commerce,818,462316.98,12980.62,449336.36,310679.71,9661.89,17721.11,5637.24
2025-05,Brand D - Bakery,D-01,E-commerce,917,518319.72,34615.65,483704.07,352000.84,10879.01,22040.66,10354.66
2025-06,Brand D - Bakery,D-01,E-commerce,968,547238.73,30110.61,517128.13,376871.27,10625.79,19973.97,5395.6
2025-07,Brand D - Bakery,D-01,E-commerce,873,493157.23,35974.35,457182.88,317958.63,11037.34,16797.76,5144.33
2025-08,Brand D - Bakery,D-01,E-commerce,759,428820.0,9916.54,418903.45,306045.17,5373.66,19755.88,9842.24
2025-09,Brand D - Bakery,D-01,E-commerce,787,444781.68,21783.96,422997.72,293857.78,5298.13,17258.95,4479.8
2025-10,Brand D - Bakery,D-01,E-commerce,926,523650.48,34519.2,489131.28,348839.75,9518.16,22394.64,6480.43
2025-11,Brand D - Bakery,D-01,E-commerce,774,437383.71,33193.44,404190.27,295318.52,5346.29,8733.07,6710.78
2025-12,Brand D - Bakery,D-01,E-commerce,710,401069.12,25196.3,375872.82,266087.14,8628.79,12797.8,8677.6
2024-01,Brand D - Bakery,D-02,Modern Trade,1473,1261182.6,83121.14,1178061.46,822795.96,13191.18,41026.51,16375.24
2024-02,Brand D - Bakery,D-02,Modern Trade,1437,1230267.56,76437.83,1153829.73,783611.34,11021.34,46814.26,27188.02
2024-03,Brand D - Bakery,D-02,Modern Trade,1467,1256327.1,42258.55,1214068.56,866573.27,9288.98,38743.43,16569.23
2024-04,Brand D - Bakery,D-02,Modern Trade,1852,1585980.9,105368.71,1480612.19,1055478.27,14408.62,68450.32,34867.41
2024-05,Brand D - Bakery,D-02,Modern Trade,1764,1510634.14,65536.42,1445097.73,1027556.33,17269.29,42244.71,31666.21
2024-06,Brand D - Bakery,D-02,Modern Trade,1914,1638870.31,130380.39,1508489.92,1026310.23,18682.95,68320.4,32154.14
2024-07,Brand D - Bakery,D-02,Modern Trade,1737,1487896.85,97613.81,1390283.04,982924.64,20655.89,58221.62,32890.29
2024-08,Brand D - Bakery,D-02,Modern Trade,1697,1453166.16,77691.9,1375474.26,937434.23,13448.26,66807.83,22718.01
2024-09,Brand D - Bakery,D-02,Modern Trade,1835,1571004.08,50792.19,1520211.89,1077864.88,21530.69,45941.55,24166.34
2024-10,Brand D - Bakery,D-02,Modern Trade,1564,1339458.21,48980.31,1290477.9,909689.95,17229.73,49631.83,30298.87
2024-11,Brand D - Bakery,D-02,Modern Trade,1488,1274307.55,33853.81,1240453.74,868854.39,9530.53,27105.47,29589.81
2024-12,Brand D - Bakery,D-02,Modern Trade,1615,1382697.33,101403.43,1281293.9,885196.65,13926.91,49447.31,30793.82
2025-01,Brand D - Bakery,D-02,Modern Trade,1405,1203602.14,55456.66,1148145.48,818629.34,19488.12,25251.83,20568.39
2025-02,Brand D - Bakery,D-02,Modern Trade,1493,1278301.26,94414.61,1183886.65,857567.75,16276.56,48346.17,16208.38
2025-03,Brand D - Bakery,D-02,Modern Trade,1817,1555883.31,57141.5,1498741.81,1068046.48,15119.69,47675.44,18464.05
2025-04,Brand D - Bakery,D-02,Modern Trade,2013,1723890.74,48717.42,1675173.31,1224513.67,22522.81,65492.88,25391.62
2025-05,Brand D - Bakery,D-02,Modern Trade,2152,1842572.62,60548.02,1782024.6,1255148.3,16699.25,67066.89,38267.44
2025-06,Brand D - Bakery,D-02,Modern Trade,2181,1867997.71,76597.42,1791400.3,1220871.78,30470.06,68868.34,29411.52
2025-07,Brand D - Bakery,D-02,Modern Trade,1916,1641015.46,98248.2,1542767.26,1097393.85,13926.5,32273.58,29454.44
2025-08,Brand D - Bakery,D-02,Modern Trade,1884,1613619.93,47591.16,1566028.78,1071132.78,18637.37,45592.22,27363.89
2025-09,Brand D - Bakery,D-02,Modern Trade,2024,1732856.86,60820.49,1672036.38,1189278.53,16814.99,75174.92,23891.14
2025-10,Brand D - Bakery,D-02,Modern Trade,1862,1594613.16,82737.7,1511875.46,1082216.1,19476.24,69795.4,23726.74
2025-11,Brand D - Bakery,D-02,Modern Trade,1755,1503084.96,61532.63,1441552.33,1048445.94,23982.83,39331.68,16277.92
2025-12,Brand D - Bakery,D-02,Modern Trade,1466,1255406.48,82955.32,1172451.16,812397.76,13868.53,51482.39,27407.18
2024-01,Brand D - Bakery,D-02,Wholesale,1089,932661.81,64885.2,867776.61,599907.94,15137.37,25306.81,18340.49
2024-02,Brand D - Bakery,D-02,Wholesale,1040,890698.87,53255.95,837442.92,594325.5,9035.47,34899.56,20096.04
2024-03,Brand D - Bakery,D-02,Wholesale,1122,960597.07,25387.12,935209.95,686934.63,12226.97,32975.1,12307.91
2024-04,Brand D - Bakery,D-02,Wholesale,1300,1113357.35,62702.98,1050654.37,741440.54,12438.3,29810.13,25626.02
2024-05,Brand D - Bakery,D-02,Wholesale,1485,1271391.67,95597.54,1175794.13,822566.57,19784.58,55886.6,19670.4
2024-06,Brand D - Bakery,D-02,Wholesale,1737,1487318.2,64555.19,1422763.02,1013315.74,13362.21,34457.52,22225.89
2024-07,Brand D - Bakery,D-02,Wholesale,1462,1251699.96,85483.25,1166216.71,799183.76,18665.29,33123.94,21512.54
2024-08,Brand D - Bakery,D-02,Wholesale,1456,1246439.06,63523.05,1182916.02,866329.36,12192.93,34009.36,23342.07
2024-09,Brand D - Bakery,D-02,Wholesale,1562,1337432.38,72944.35,1264488.04,863847.87,20789.75,58298.71,30691.66
2024-10,Brand D - Bakery,D-02,Wholesale,1401,1199774.18,75681.43,1124092.75,815811.35,15948.3,41516.69,25974.8
2024-11,Brand D - Bakery,D-02,Wholesale,1232,1055221.28,56800.17,998421.11,712682.87,17041.01,26340.96,15073.3
2024-12,Brand D - Bakery,D-02,Wholesale,1224,1048234.48,52245.78,995988.7,699570.38,11967.35,26792.7,13995.09
2025-01,Brand D - Bakery,D-02,Wholesale,1197,1024931.57,53108.61,971822.96,684448.01,10854.42,32022.83,13168.18
2025-02,Brand D - Bakery,D-02,Wholesale,1139,975016.55,63268.89,911747.66,622056.04,12863.72,40369.3,19344.19
2025-03,Brand D - Bakery,D-02,Wholesale,1427,1222098.49,33305.13,1188793.36,863384.1,15245.58,40734.42,24697.04
2025-04,Brand D - Bakery,D-02,Wholesale,1300,1113333.45,46945.74,1066387.71,757038.7,13955.96,49373.88,18253.48
2025-05,Brand D - Bakery,D-02,Wholesale,1556,1332732.32,91222.9,1241509.42,885714.53,17401.63,45102.72,13943.71
2025-06,Brand D - Bakery,D-02,Wholesale,1495,1279994.78,83905.74,1196089.05,828371.52,11249.46,42976.07,13847.68
2025-07,Brand D - Bakery,D-02,Wholesale,1611,1379518.34,108625.21,1270893.13,872381.26,14810.11,40656.42,23987.81
2025-08,Brand D - Bakery,D-02,Wholesale,1558,1333856.19,50735.11,1283121.09,898479.1,18503.95,25845.26,25756.95
2025-09,Brand D - Bakery,D-02,Wholesale,1603,1372477.68,79093.83,1293383.85,924434.32,9814.51,58196.76,22849.09
2025-10,Brand D - Bakery,D-02,Wholesale,1340,1147714.88,86185.67,1061529.21,722548.45,15990.38,33416.49,16505.2
2025-11,Brand D - Bakery,D-02,Wholesale,1167,999463.5,33456.7,966006.8,698841.55,9399.82,42913.88,20333.66
2025-12,Brand D - Bakery,D-02,Wholesale,1235,1057246.83,52346.66,1004900.17,701783.32,16201.33,46956.83,21556.76
2024-01,Brand D - Bakery,D-02,HoReCa,386,330262.07,23446.01,306816.06,211891.61,6430.42,7950.19,5332.32
2024-02,Brand D - Bakery,D-02,HoReCa,391,334784.16,21242.75,313541.41,220895.04,4626.16,13485.03,3685.82
2024-03,Brand D - Bakery,D-02,HoReCa,374,319935.2,8184.55,311750.66,226692.67,3416.83,13090.58,6865.81
2024-04,Brand D - Bakery,D-02,HoReCa,454,388971.67,24053.65,364918.01,261615.99,8773.45,13312.76,5444.46
2024-05,Brand D - Bakery,D-02,HoReCa,557,477029.48,26074.89,450954.59,310825.5,8200.95,17839.23,5186.63
2024-06,Brand D - Bakery,D-02,HoReCa,472,404303.48,18231.25,386072.24,272074.79,7564.42,17704.45,8206.29
2024-07,Brand D - Bakery,D-02,HoReCa,484,414509.77,29545.51,384964.25,273000.69,5560.74,13195.89,4778.04
2024-08,Brand D - Bakery,D-02,HoReCa,384,328903.9,22452.62,306451.29,223277.82,4879.7,10314.42,3124.9
2024-09,Brand D - Bakery,D-02,HoReCa,424,363282.82,12962.42,350320.4,243903.71,6608.22,15340.51,6118.72
2024-10,Brand D - Bakery,D-02,HoReCa,405,346422.46,18635.92,327786.55,227275.59,7389.44,13526.89,5895.93
2024-11,Brand D - Bakery,D-02,HoReCa,423,362137.25,22655.84,339481.4,238246.92,6029.17,12482.24,6228.89
2024-12,Brand D - Bakery,D-02,HoReCa,493,422214.88,22035.71,400179.18,274621.48,8513.2,15762.87,6855.82
2025-01,Brand D - Bakery,D-02,HoReCa,374,320230.43,24831.14,295399.29,206518.8,6175.04,9705.32,7277.02
2025-02,Brand D - Bakery,D-02,HoReCa,346,296418.05,7809.69,288608.36,199902.12,6135.08,7458.8,4133.25
2025-03,Brand D - Bakery,D-02,HoReCa,494,423258.45,16918.27,406340.18,284854.46,7417.39,18846.01,7256.13
2025-04,Brand D - Bakery,D-02,HoReCa,498,426759.68,13645.3,413114.38,283220.42,4472.09,18300.79,9027.08
2025-05,Brand D - Bakery,D-02,HoReCa,599,512773.48,29023.84,483749.64,333378.94,10634.1,22946.47,9977.17
2025-06,Brand D - Bakery,D-02,HoReCa,549,469773.12,37078.03,432695.09,316317.84,7032.63,10100.28,4850.72
2025-07,Brand D - Bakery,D-02,HoReCa,557,476923.58,19558.09,457365.49,314340.1,10686.89,19371.02,10581.45
2025-08,Brand D - Bakery,D-02,HoReCa,517,442308.53,10652.45,431656.08,293170.29,9428.12,10415.46,7733.74
2025-09,Brand D - Bakery,D-02,HoReCa,598,511869.61,15487.22,496382.39,338281.55,8250.1,19585.38,11969.79
2025-10,Brand D - Bakery,D-02,HoReCa,454,388567.57,13122.84,375444.73,256427.86,8574.45,16249.82,3920.18
2025-11,Brand D - Bakery,D-02,HoReCa,441,377771.98,28474.06,349297.92,246720.2,5206.65,15799.73,8375.34
2025-12,Brand D - Bakery,D-02,HoReCa,445,381356.59,11190.15,370166.44,262031.86,8358.75,9969.29,4671.61
2024-01,Brand D - Bakery,D-02,E-commerce,247,211296.25,11698.36,199597.88,139928.76,2118.75,4446.62,3380.95
2024-02,Brand D - Bakery,D-02,E-commerce,300,256815.81,14994.16,241821.65,173159.16,2100.86,9039.96,5448.17
2024-03,Brand D - Bakery,D-02,E-commerce,307,262491.36,20593.94,241897.41,171575.43,4179.78,9072.87,5950.24
2024-04,Brand D - Bakery,D-02,E-commerce,330,282530.37,17391.08,265139.29,189025.66,4575.59,12144.75,6344.64
2024-05,Brand D - Bakery,D-02,E-commerce,264,225733.16,14735.04,210998.12,149282.57,1912.41,4229.67,2679.32
2024-06,Brand D - Bakery,D-02,E-commerce,315,269442.78,18514.43,250928.35,182153.15,3042.62,6931.31,5892.63
2024-07,Brand D - Bakery,D-02,E-commerce,364,311422.08,18816.43,292605.65,204732.15,3848.09,9994.34,3810.65
2024-08,Brand D - Bakery,D-02,E-commerce,294,251805.92,7362.0,244443.92,176660.62,4038.77,5725.86,5990.06
2024-09,Brand D - Bakery,D-02,E-commerce,289,247825.77,8307.3,239518.47,174903.79,2270.66,7159.97,3243.58
2024-10,Brand D - Bakery,D-02,E-commerce,293,251333.49,10677.58,240655.9,165791.82,2671.5,5969.31,5294.99
2024-11,Brand D - Bakery,D-02,E-commerce,293,250970.14,16433.65,234536.49,168087.49,3259.52,7887.34,4203.2
2024-12,Brand D - Bakery,D-02,E-commerce,307,262883.26,6896.37,255986.9,180363.22,2568.11,5261.79,6192.28
2025-01,Brand D - Bakery,D-02,E-commerce,291,249555.49,12756.14,236799.35,162025.86,3274.61,8053.76,2935.07
2025-02,Brand D - Bakery,D-02,E-commerce,281,240887.64,8040.08,232847.56,160338.61,3500.25,5596.01,3316.82
2025-03,Brand D - Bakery,D-02,E-commerce,306,261755.67,9281.22,252474.45,171678.05,3797.3,5370.67,6285.33
2025-04,Brand D - Bakery,D-02,E-commerce,330,282460.34,8093.52,274366.82,193773.08,3071.25,10085.43,5443.64
2025-05,Brand D - Bakery,D-02,E-commerce,413,353851.28,17294.36,336556.92,237833.15,4009.5,16725.56,5395.89
2025-06,Brand D - Bakery,D-02,E-commerce,367,313928.76,24734.92,289193.84,209747.28,3917.52,11514.77,4812.99
2025-07,Brand D - Bakery,D-02,E-commerce,320,273846.84,10840.73,263006.11,188489.65,4020.0,12907.28,4799.86
2025-08,Brand D - Bakery,D-02,E-commerce,392,335583.84,7168.12,328415.72,233277.3,4681.0,14783.24,5864.04
2025-09,Brand D - Bakery,D-02,E-commerce,310,265726.36,17052.45,248673.91,181680.0,3207.03,5258.37,2885.4
2025-10,Brand D - Bakery,D-02,E-commerce,383,327949.48,22640.77,305308.71,215688.01,2564.3,14956.03,5399.97
2025-11,Brand D - Bakery,D-02,E-commerce,228,194832.94,8147.19,186685.75,126939.43,1612.84,4056.68,4120.87
2025-12,Brand D - Bakery,D-02,E-commerce,300,257035.43,7135.42,249900.01,181414.44,3007.59,12053.28,4933.88
2024-01,Brand D - Bakery,D-03,Modern Trade,2208,1970000.39,223665.29,1746335.1,1201765.08,29404.53,190780.93,43099.17
2024-02,Brand D - Bakery,D-03,Modern Trade,4279,3817975.73,392189.13,3425786.6,2476177.98,55466.39,311976.06,83558.9
2024-03,Brand D - Bakery,D-03,Modern Trade,3539,3157153.9,431996.24,2725157.65,1943366.7,38714.7,299943.9,27615.51
2024-04,Brand D - Bakery,D-03,Modern Trade,4440,3960924.73,501509.6,3459415.13,2448305.31,44671.33,287487.93,62600.06
2024-05,Brand D - Bakery,D-03,Modern Trade,4282,3820625.38,540531.35,3280094.04,2327358.04,39117.77,284397.82,52157.81
2024-06,Brand D - Bakery,D-03,Modern Trade,4063,3625213.06,420529.71,3204683.35,2223931.3,51385.53,341177.71,77743.16
2024-07,Brand D - Bakery,D-03,Modern Trade,4274,3813612.67,541055.67,3272557.0,2275232.18,35023.54,356554.64,76216.74
2024-08,Brand D - Bakery,D-03,Modern Trade,3841,3426770.77,372691.44,3054079.33,2196688.33,38238.0,281194.92,64023.58
2024-09,Brand D - Bakery,D-03,Modern Trade,4135,3689140.51,415911.91,3273228.6,2332503.16,26744.11,249162.21,39283.83
2024-10,Brand D - Bakery,D-03,Modern Trade,4291,3828251.24,342409.24,3485842.0,2558460.47,50834.28,410845.19,67549.01
2024-11,Brand D - Bakery,D-03,Modern Trade,3965,3537623.58,533985.51,3003638.07,2041342.82,49492.89,263536.47,48083.8
2024-12,Brand D - Bakery,D-03,Modern Trade,2852,2544540.35,266041.52,2278498.84,1583356.15,26621.35,238010.78,27533.81
2025-01,Brand D - Bakery,D-03,Modern Trade,4003,3571148.94,291827.05,3279321.89,2293115.2,54924.44,278344.14,66327.56
2025-02,Brand D - Bakery,D-03,Modern Trade,3494,3117100.6,431850.98,2685249.62,1850109.18,39742.04,203595.94,44138.76
2025-03,Brand D - Bakery,D-03,Modern Trade,4425,3947824.85,328798.77,3619026.08,2571407.95,58755.33,372801.24,41297.26
2025-04,Brand D - Bakery,D-03,Modern Trade,4559,4067743.89,488507.78,3579236.11,2474896.33,38482.79,291483.03,40511.93
2025-05,Brand D - Bakery,D-03,Modern Trade,4659,4156692.97,430429.47,3726263.5,2706683.49,36612.86,334570.89,83012.74
2025-06,Brand D - Bakery,D-03,Modern Trade,5201,4640067.29,680076.14,3959991.15,2807181.12,52623.84,350130.7,86396.22
2025-07,Brand D - Bakery,D-03,Modern Trade,5120,4567556.15,679315.4,3888240.75,2824787.54,66894.25,381178.41,48176.3
2025-08,Brand D - Bakery,D-03,Modern Trade,4684,4179083.66,426899.83,3752183.83,2702890.07,43096.58,277831.01,67095.7
2025-09,Brand D - Bakery,D-03,Modern Trade,4907,4377731.32,461395.74,3916335.58,2808487.87,40714.88,446252.98,91648.68
2025-10,Brand D - Bakery,D-03,Modern Trade,4489,4005285.38,585740.0,3419545.38,2493006.36,49294.72,394281.26,50021.21
2025-11,Brand D - Bakery,D-03,Modern Trade,3852,3436666.15,454128.51,2982537.64,2103819.0,42870.74,270748.26,53951.33
2025-12,Brand D - Bakery,D-03,Modern Trade,4243,3785435.01,536005.94,3249429.07,2312746.78,40247.76,226614.13,56914.99
2024-01,Brand D - Bakery,D-03,Wholesale,3256,2904879.6,329517.54,2575362.06,1761836.52,35223.39,217985.05,35955.68
2024-02,Brand D - Bakery,D-03,Wholesale,3185,2841470.69,421593.64,2419877.05,1751049.43,26842.92,205975.57,56998.22
2024-03,Brand D - Bakery,D-03,Wholesale,3097,2763438.11,271339.28,2492098.83,1803220.14,29496.94,218481.65,35473.13
2024-04,Brand D - Bakery,D-03,Wholesale,3105,2770521.15,238377.97,2532143.19,1854398.45,34951.35,182729.94,32467.32
2024-05,Brand D - Bakery,D-03,Wholesale,3304,2948096.47,249272.9,2698823.57,1915864.94,39028.16,193784.21,35928.72
2024-06,Brand D - Bakery,D-03,Wholesale,3694,3295799.5,387305.55,2908493.95,2129970.16,28216.99,295478.6,34858.64
2024-07,Brand D - Bakery,D-03,Wholesale,3692,3294000.37,515837.47,2778162.9,1925850.66,38021.9,292413.74,50975.39
2024-08,Brand D - Bakery,D-03,Wholesale,3125,2788465.07,441249.81,2347215.26,1646242.89,24130.94,264343.22,27737.45
2024-09,Brand D - Bakery,D-03,Wholesale,3689,3291347.79,283314.77,3008033.03,2123423.63,34897.37,315638.53,73727.62
2024-10,Brand D - Bakery,D-03,Wholesale,2942,2624849.43,365440.67,2259408.77,1600326.15,40905.66,195542.31,45824.76
2024-11,Brand D - Bakery,D-03,Wholesale,3057,2727683.13,435353.9,2292329.23,1614975.27,21826.4,255519.88,26169.54
2024-12,Brand D - Bakery,D-03,Wholesale,2980,2659015.17,317524.52,2341490.65,1677914.49,39213.67,279696.76,42569.08
2025-01,Brand D - Bakery,D-03,Wholesale,3145,2806041.71,233745.23,2572296.48,1807853.34,39604.56,260444.01,35967.2
2025-02,Brand D - Bakery,D-03,Wholesale,3642,3249221.32,383660.73,2865560.59,2098451.69,45894.09,244555.18,42172.71
2025-03,Brand D - Bakery,D-03,Wholesale,3594,3206183.79,299948.68,2906235.12,2083532.13,32449.91,314985.35,40957.73
2025-04,Brand D - Bakery,D-03,Wholesale,3732,3330060.64,462984.4,2867076.24,2056139.09,48617.73,180269.7,46480.3
2025-05,Brand D - Bakery,D-03,Wholesale,4072,3633190.57,418977.44,3214213.13,2356492.12,53238.93,253157.57,58163.93
2025-06,Brand D - Bakery,D-03,Wholesale,4132,3686405.33,449027.31,3237378.02,2276475.3,35224.21,206997.13,49202.14
2025-07,Brand D - Bakery,D-03,Wholesale,3898,3477778.87,493293.91,2984484.96,2176117.84,25145.99,283217.94,39881.29
2025-08,Brand D - Bakery,D-03,Wholesale,3364,3001572.82,365811.45,2635761.37,1828230.95,44011.78,183230.62,29293.6
2025-09,Brand D - Bakery,D-03,Wholesale,3596,3207955.66,481908.36,2726047.31,1955665.88,36603.72,190193.51,66202.02
2025-10,Brand D - Bakery,D-03,Wholesale,3760,3354320.11,476492.63,2877827.48,1995770.02,33385.3,248569.83,62682.04
2025-11,Brand D - Bakery,D-03,Wholesale,3002,2678582.91,232790.89,2445792.02,1698747.19,22465.99,213428.11,56834.57
2025-12,Brand D - Bakery,D-03,Wholesale,3070,2738866.84,237331.25,2501535.6,1704308.64,36504.4,223242.57,29730.06
2024-01,Brand D - Bakery,D-03,HoReCa,889,792863.04,112770.64,680092.4,488944.23,14566.56,73071.11,15568.47
2024-02,Brand D - Bakery,D-03,HoReCa,693,618176.98,65205.64,552971.33,383135.28,10817.88,44453.78,13720.97
2024-03,Brand D - Bakery,D-03,HoReCa,1196,1066653.16,144611.13,922042.03,645607.01,21378.57,74029.97,15310.2
2024-04,Brand D - Bakery,D-03,HoReCa,1055,941243.92,82264.07,858979.85,602649.35,13933.27,88494.87,9886.67
2024-05,Brand D - Bakery,D-03,HoReCa,1214,1082826.36,92671.87,990154.5,676635.05,13177.45,60780.39,20388.4
2024-06,Brand D - Bakery,D-03,HoReCa,1243,1109132.74,128511.47,980621.27,699755.89,14417.95,63433.24,17407.68
2024-07,Brand D - Bakery,D-03,HoReCa,897,800305.74,114121.05,686184.7,482312.64,16074.71,67102.03,10569.06
2024-08,Brand D - Bakery,D-03,HoReCa,1197,1067636.93,151192.75,916444.18,634797.84,11773.6,87256.1,14365.73
2024-09,Brand D - Bakery,D-03,HoReCa,1035,923641.94,129110.03,794531.92,539495.38,18711.77,78922.44,12411.64
2024-10,Brand D - Bakery,D-03,HoReCa,928,828280.25,73838.01,754442.25,538540.92,17963.92,76260.1,11569.43
2024-11,Brand D - Bakery,D-03,HoReCa,951,848366.04,123396.68,724969.36,518014.93,15579.61,44043.33,11117.82
2024-12,Brand D - Bakery,D-03,HoReCa,1056,942082.24,123618.07,818464.17,556814.54,11789.79,72040.96,14375.03
2025-01,Brand D - Bakery,D-03,HoReCa,1123,1002124.94,133553.0,868571.94,632180.2,19117.27,61317.51,19593.4
2025-02,Brand D - Bakery,D-03,HoReCa,1114,993750.53,103908.52,889842.01,630390.68,21473.88,89434.97,18569.22
2025-03,Brand D - Bakery,D-03,HoReCa,1256,1120325.26,116687.57,1003637.69,706787.42,20944.84,65328.14,16144.66
2025-04,Brand D - Bakery,D-03,HoReCa,1190,1061928.22,154474.17,907454.05,655009.83,18177.79,65977.72,17660.73
2025-05,Brand D - Bakery,D-03,HoReCa,1303,1162886.27,185880.3,977005.97,715000.45,18533.74,74791.34,18908.16
2025-06,Brand D - Bakery,D-03,HoReCa,1237,1103416.12,129890.11,973526.01,709260.29,13642.15,64606.29,10093.68
2025-07,Brand D - Bakery,D-03,HoReCa,1223,1091391.73,166136.07,925255.66,660552.87,22476.02,96895.53,18679.7
2025-08,Brand D - Bakery,D-03,HoReCa,1216,1085201.0,90992.03,994208.97,725381.13,14792.01,68688.83,24081.76
2025-09,Brand D - Bakery,D-03,HoReCa,1167,1041007.88,155064.4,885943.47,620870.62,17998.42,65881.81,15115.47
2025-10,Brand D - Bakery,D-03,HoReCa,1225,1092508.24,99218.8,993289.45,682854.22,11619.1,113231.52,24000.71
2025-11,Brand D - Bakery,D-03,HoReCa,1001,892656.27,79405.98,813250.28,575567.12,9992.62,79271.2,8820.91
2025-12,Brand D - Bakery,D-03,HoReCa,1200,1070915.29,109386.29,961528.99,682033.75,18736.22,70324.53,10254.03
2024-01,Brand D - Bakery,D-03,E-commerce,730,651688.84,73511.51,578177.33,397535.46,6689.58,35781.41,6782.11
2024-02,Brand D - Bakery,D-03,E-commerce,654,583511.88,73703.77,509808.11,364922.04,6340.84,46994.46,6143.98
2024-03,Brand D - Bakery,D-03,E-commerce,673,600082.48,94087.13,505995.35,351964.22,6271.47,40398.62,11605.51
2024-04,Brand D - Bakery,D-03,E-commerce,824,734755.91,69592.09,665163.81,478278.45,10750.63,52139.31,12526.1
2024-05,Brand D - Bakery,D-03,E-commerce,829,740018.73,65978.1,674040.63,468203.32,8608.89,68686.93,9823.28
2024-06,Brand D - Bakery,D-03,E-commerce,838,747529.53,63176.87,684352.66,479014.59,6000.87,55960.24,10639.52
2024-07,Brand D - Bakery,D-03,E-commerce,697,621696.09,74414.98,547281.11,385096.11,4660.35,62612.33,10952.38
2024-08,Brand D - Bakery,D-03,E-commerce,780,696063.76,100586.14,595477.62,411557.22,5690.12,49669.79,9819.56
2024-09,Brand D - Bakery,D-03,E-commerce,743,662773.32,83850.94,578922.38,405339.27,9913.42,42927.82,12231.73
2024-10,Brand D - Bakery,D-03,E-commerce,739,659465.14,103404.09,556061.05,382700.87,7864.24,47741.2,9833.88
2024-11,Brand D - Bakery,D-03,E-commerce,597,532775.08,64077.27,468697.8,331903.03,7662.95,51489.36,11663.64
2024-12,Brand D - Bakery,D-03,E-commerce,723,644953.86,102478.13,542475.73,372148.47,4574.0,51281.52,9241.61
2025-01,Brand D - Bakery,D-03,E-commerce,590,526120.29,58389.84,467730.45,333308.79,3544.2,38998.15,9824.01
2025-02,Brand D - Bakery,D-03,E-commerce,647,576922.61,48041.67,528880.94,379053.68,5654.32,33219.77,11808.98
2025-03,Brand D - Bakery,D-03,E-commerce,792,706222.19,61343.03,644879.16,460035.6,5828.69,68585.05,7297.46
2025-04,Brand D - Bakery,D-03,E-commerce,805,718336.36,84577.16,633759.2,447284.36,4892.1,48717.65,9231.55
2025-05,Brand D - Bakery,D-03,E-commerce,887,791484.16,63421.32,728062.83,496038.21,7748.88,64022.67,7377.26
2025-06,Brand D - Bakery,D-03,E-commerce,866,772711.4,72370.24,700341.16,505949.63,6775.76,78575.71,7515.8
2025-07,Brand D - Bakery,D-03,E-commerce,863,770194.17,67829.28,702364.89,506885.64,7446.41,70125.0,9050.82
2025-08,Brand D - Bakery,D-03,E-commerce,875,780848.97,66500.36,714348.6,485505.16,5666.66,79944.15,13947.39
2025-09,Brand D - Bakery,D-03,E-commerce,798,711691.77,100979.31,610712.46,442264.49,10228.68,39110.28,9485.07
2025-10,Brand D - Bakery,D-03,E-commerce,727,648720.69,96250.93,552469.76,384653.79,7950.28,44840.88,7560.64
2025-11,Brand D - Bakery,D-03,E-commerce,704,627826.29,53817.74,574008.55,399634.28,6275.55,59409.96,6574.57
2025-12,Brand D - Bakery,D-03,E-commerce,769,686230.26,87343.86,598886.4,411953.01,9931.91,52096.25,9410.51
2024-01,Brand D - Bakery,D-04,Modern Trade,3013,1941328.43,95779.98,1845548.45,1304423.28,26143.08,67374.62,20913.66
2024-02,Brand D - Bakery,D-04,Modern Trade,2812,1811603.72,45431.77,1766171.95,1230250.49,33942.86,36668.12,23114.97
2024-03,Brand D - Bakery,D-04,Modern Trade,3319,2138921.63,102703.77,2036217.86,1383516.94,46164.69,97134.5,23927.44
2024-04,Brand D - Bakery,D-04,Modern Trade,3788,2440891.7,62362.65,2378529.04,1655153.54,29509.19,94651.76,26585.62
2024-05,Brand D - Bakery,D-04,Modern Trade,3903,2514939.11,98650.29,2416288.82,1685835.24,24866.1,69314.93,33638.39
2024-06,Brand D - Bakery,D-04,Modern Trade,3925,2529373.41,149166.23,2380207.18,1718069.55,52748.06,49419.45,28193.39
2024-07,Brand D - Bakery,D-04,Modern Trade,3633,2341232.92,113410.62,2227822.3,1560533.78,35662.96,62835.88,37451.63
2024-08,Brand D - Bakery,D-04,Modern Trade,3755,2419656.19,67240.12,2352416.07,1641715.98,32914.77,69981.89,33303.89
2024-09,Brand D - Bakery,D-04,Modern Trade,3746,2413946.81,187536.79,2226410.02,1619585.63,24128.7,94664.08,31955.81
2024-10,Brand D - Bakery,D-04,Modern Trade,3568,2298984.5,105603.28,2193381.22,1583202.33,35053.68,68022.73,48425.63
2024-11,Brand D - Bakery,D-04,Modern Trade,3758,2421196.85,151441.5,2269755.35,1601399.08,30585.81,49536.85,46700.0
2024-12,Brand D - Bakery,D-04,Modern Trade,3797,2446832.55,76170.34,2370662.21,1617150.09,35991.23,102692.38,29861.86
2025-01,Brand D - Bakery,D-04,Modern Trade,3303,2128253.3,61199.98,2067053.32,1502594.18,21327.07,73248.04,23677.17
2025-02,Brand D - Bakery,D-04,Modern Trade,3571,2301087.16,159929.78,2141157.38,1528437.9,31229.24,101622.12,25856.24
2025-03,Brand D - Bakery,D-04,Modern Trade,3995,2573884.79,144973.87,2428910.91,1672317.87,42877.56,93534.91,57559.38
2025-04,Brand D - Bakery,D-04,Modern Trade,3993,2572574.0,93634.74,2478939.26,1807305.1,28953.42,90770.24,40454.21
2025-05,Brand D - Bakery,D-04,Modern Trade,4477,2884719.07,158751.88,2725967.19,1935542.82,51157.05,65087.17,27400.77
2025-06,Brand D - Bakery,D-04,Modern Trade,3868,2492124.64,178976.17,2313148.47,1684409.67,40070.44,47764.46,44949.36
2025-07,Brand D - Bakery,D-04,Modern Trade,4210,2712707.54,131924.69,2580782.85,1877623.69,37275.69,106550.75,44373.36
2025-08,Brand D - Bakery,D-04,Modern Trade,4602,2965009.79,189719.53,2775290.26,1986888.92,53558.19,83658.01,36480.22
2025-09,Brand D - Bakery,D-04,Modern Trade,3193,2057183.76,70602.05,1986581.71,1448279.67,43614.43,51428.02,28335.59
2025-10,Brand D - Bakery,D-04,Modern Trade,4051,2610007.28,163631.54,2446375.74,1741726.59,33461.5,57495.14,26067.72
2025-11,Brand D - Bakery,D-04,Modern Trade,3511,2262020.22,63684.19,2198336.03,1614028.09,45148.71,102602.79,29131.98
2025-12,Brand D - Bakery,D-04,Modern Trade,4063,2617854.78,63750.59,2554104.19,1846198.7,26331.87,69765.88,35793.69
2024-01,Brand D - Bakery,D-04,Wholesale,2258,1455257.33,33769.99,1421487.34,972460.35,15190.01,65200.68,17924.59
2024-02,Brand D - Bakery,D-04,Wholesale,2192,1412186.64,32035.21,1380151.43,998057.94,27420.06,45714.28,17155.8
2024-03,Brand D - Bakery,D-04,Wholesale,2313,1490350.65,88489.59,1401861.06,978134.92,15182.29,28727.1,20147.96
2024-04,Brand D - Bakery,D-04,Wholesale,2923,1883534.0,118639.45,1764894.55,1232146.8,22485.18,41754.04,43941.85
2024-05,Brand D - Bakery,D-04,Wholesale,3169,2041767.97,51472.65,1990295.32,1409640.85,26573.74,56819.36,39576.81
2024-06,Brand D - Bakery,D-04,Wholesale,2515,1620229.29,81268.45,1538960.84,1095549.64,33413.34,34226.36,34046.54
2024-07,Brand D - Bakery,D-04,Wholesale,3040,1958943.35,77827.94,1881115.42,1295152.03,19006.61,66270.83,46386.62
2024-08,Brand D - Bakery,D-04,Wholesale,2820,1817123.56,74613.87,1742509.69,1272690.7,21174.0,69417.09,38640.31
2024-09,Brand D - Bakery,D-04,Wholesale,2881,1856523.95,140651.42,1715872.53,1201272.12,30684.26,34680.8,23014.28
2024-10,Brand D - Bakery,D-04,Wholesale,3067,1975921.09,66231.92,1909689.17,1346627.37,22216.66,73923.57,44301.93
2024-11,Brand D - Bakery,D-04,Wholesale,2612,1683358.07,98403.77,1584954.3,1093981.9,15818.31,67560.65,18076.38
2024-12,Brand D - Bakery,D-04,Wholesale,3091,1991750.21,56336.54,1935413.67,1396071.7,26037.61,56684.26,26179.93
2025-01,Brand D - Bakery,D-04,Wholesale,2181,1405642.01,42757.42,1362884.58,968669.99,24613.06,57417.4,21313.69
2025-02,Brand D - Bakery,D-04,Wholesale,2760,1778365.55,118592.58,1659772.97,1179125.04,35044.56,50274.9,40957.83
2025-03,Brand D - Bakery,D-04,Wholesale,3100,1997685.52,124882.77,1872802.74,1290961.7,31677.78,51316.0,46786.67
2025-04,Brand D - Bakery,D-04,Wholesale,3408,2195779.84,108188.42,2087591.42,1509860.61,41362.23,89328.07,24335.93
2025-05,Brand D - Bakery,D-04,Wholesale,3276,2111097.44,143092.2,1968005.24,1413480.17,20217.1,43523.25,38790.79
2025-06,Brand D - Bakery,D-04,Wholesale,3377,2176055.73,107386.79,2068668.94,1456171.52,27317.91,97522.62,41851.27
2025-07,Brand D - Bakery,D-04,Wholesale,3520,2268205.94,162446.91,2105759.04,1501006.51,35109.01,84537.45,41875.09
2025-08,Brand D - Bakery,D-04,Wholesale,3432,2211640.83,160970.08,2050670.76,1392997.42,25964.77,51982.46,29205.44
2025-09,Brand D - Bakery,D-04,Wholesale,3013,1941378.54,90636.82,1850741.72,1260609.63,30654.68,66998.21,22836.19
2025-10,Brand D - Bakery,D-04,Wholesale,3174,2045091.95,55852.45,1989239.5,1359730.69,35880.43,99078.61,37161.58
2025-11,Brand D - Bakery,D-04,Wholesale,3275,2110554.22,84679.84,2025874.38,1436318.78,22023.31,55313.36,47396.36
2025-12,Brand D - Bakery,D-04,Wholesale,2784,1793894.78,103612.87,1690281.91,1149145.71,36282.99,83367.02,40146.37
2024-01,Brand D - Bakery,D-04,HoReCa,896,577196.01,21495.25,555700.76,394844.24,15766.44,24404.66,10062.33
2024-02,Brand D - Bakery,D-04,HoReCa,937,603615.84,36350.19,567265.65,401335.01,8257.07,22941.11,7978.7
2024-03,Brand D - Bakery,D-04,HoReCa,911,586797.95,27595.01,559202.94,386141.63,14376.94,19481.34,10387.89
2024-04,Brand D - Bakery,D-04,HoReCa,914,589106.8,33417.54,555689.25,393430.7,8802.14,26792.55,7780.61
2024-05,Brand D - Bakery,D-04,HoReCa,1022,658836.65,17529.04,641307.61,442252.51,11496.47,26198.8,13744.25
2024-06,Brand D - Bakery,D-04,HoReCa,1170,754080.51,23503.36,730577.15,503014.83,15922.18,23003.27,15253.66
2024-07,Brand D - Bakery,D-04,HoReCa,831,535157.79,29108.14,506049.65,359188.57,9748.14,17179.39,6287.63
2024-08,Brand D - Bakery,D-04,HoReCa,1001,644845.14,38427.24,606417.9,434617.33,9898.25,29195.77,14400.48
2024-09,Brand D - Bakery,D-04,HoReCa,983,633342.73,41190.23,592152.5,431685.68,17831.44,14927.7,10001.72
2024-10,Brand D - Bakery,D-04,HoReCa,910,586363.98,41805.42,544558.56,381570.56,14472.24,22721.38,9722.47
2024-11,Brand D - Bakery,D-04,HoReCa,840,541117.61,31207.88,509909.73,355896.08,8923.23,23784.39,5294.06
2024-12,Brand D - Bakery,D-04,HoReCa,918,591374.6,20256.74,571117.86,414656.54,13477.21,22828.58,12473.49
2025-01,Brand D - Bakery,D-04,HoReCa,1058,681452.62,18090.27,663362.35,480259.1,12901.37,14096.6,9908.25
2025-02,Brand D - Bakery,D-04,HoReCa,1054,679223.51,18633.36,660590.16,464974.32,12010.32,20807.5,7027.86
2025-03,Brand D - Bakery,D-04,HoReCa,1003,646253.74,38152.91,608100.83,420481.47,14349.12,29973.56,13769.69
2025-04,Brand D - Bakery,D-04,HoReCa,1100,709038.6,42710.46,666328.14,489236.77,10999.38,26736.51,8507.83
2025-05,Brand D - Bakery,D-04,HoReCa,1220,786048.51,31096.3,754952.21,535502.17,23179.25,32210.17,18629.1
2025-06,Brand D - Bakery,D-04,HoReCa,1175,757270.01,54836.85,702433.15,505217.38,20080.74,20013.32,17086.9
2025-07,Brand D - Bakery,D-04,HoReCa,1178,758743.06,33618.01,725125.05,512537.83,12677.19,18013.89,11545.02
2025-08,Brand D - Bakery,D-04,HoReCa,1092,703865.15,52577.9,651287.25,444206.51,9980.29,31172.85,15928.74
2025-09,Brand D - Bakery,D-04,HoReCa,1143,736221.71,40638.26,695583.44,507533.79,16202.29,15216.03,7796.59
2025-10,Brand D - Bakery,D-04,HoReCa,1146,738684.06,28285.1,710398.96,485579.11,20791.25,16221.06,16079.28
2025-11,Brand D - Bakery,D-04,HoReCa,876,564461.33,32005.06,532456.27,389195.61,9188.79,23871.48,8652.49
2025-12,Brand D - Bakery,D-04,HoReCa,947,610147.97,41239.93,568908.04,393720.3,17470.26,12071.12,11046.34
2024-01,Brand D - Bakery,D-04,E-commerce,426,274222.88,19072.12,255150.76,177457.8,4742.55,10713.35,3166.64
2024-02,Brand D - Bakery,D-04,E-commerce,511,329320.79,25955.58,303365.21,206279.19,6797.64,10177.5,4965.69
2024-03,Brand D - Bakery,D-04,E-commerce,582,375131.36,24461.4,350669.95,250129.48,4900.9,11073.9,8666.53
2024-04,Brand D - Bakery,D-04,E-commerce,532,342613.71,15966.0,326647.71,231436.91,3610.78,14026.89,4271.85
2024-05,Brand D - Bakery,D-04,E-commerce,740,476519.14,25062.16,451456.98,313560.03,5459.17,17379.96,7122.11
2024-06,Brand D - Bakery,D-04,E-commerce,743,478673.14,29794.24,448878.9,327196.55,9148.9,10768.19,5020.05
2024-07,Brand D - Bakery,D-04,E-commerce,769,495750.79,33198.49,462552.29,315354.64,8696.39,18218.45,4708.94
2024-08,Brand D - Bakery,D-04,E-commerce,630,406048.21,11803.25,394244.96,270207.4,8571.65,8184.05,8974.17
2024-09,Brand D - Bakery,D-04,E-commerce,579,372897.93,14494.81,358403.12,249977.51,6512.05,11984.49,7374.12
2024-10,Brand D - Bakery,D-04,E-commerce,529,341052.1,25215.12,315836.98,215559.68,3488.84,6762.72,3812.14
2024-11,Brand D - Bakery,D-04,E-commerce,627,403922.8,27015.34,376907.46,272024.4,5782.49,14322.48,9400.54
2024-12,Brand D - Bakery,D-04,E-commerce,619,398851.06,13931.23,384919.83,263328.64,8636.96,11102.05,4442.8
2025-01,Brand D - Bakery,D-04,E-commerce,642,413827.07,32159.1,381667.96,268202.46,7249.05,10959.22,7261.77
2025-02,Brand D - Bakery,D-04,E-commerce,627,403765.03,20957.54,382807.49,277077.98,6680.56,11017.22,5209.55
2025-03,Brand D - Bakery,D-04,E-commerce,680,438227.63,24717.05,413510.58,287736.87,8705.46,11288.22,6555.18
2025-04,Brand D - Bakery,D-04,E-commerce,726,468069.6,29432.01,438637.59,304796.74,7917.69,18756.97,7435.35
2025-05,Brand D - Bakery,D-04,E-commerce,765,492658.54,29524.13,463134.41,323264.42,6930.49,21781.75,5652.65
2025-06,Brand D - Bakery,D-04,E-commerce,654,421620.19,27573.66,394046.53,289159.38,4856.52,10602.81,6477.94
2025-07,Brand D - Bakery,D-04,E-commerce,688,443420.62,13524.21,429896.42,294192.11,7178.84,15842.96,4406.65
2025-08,Brand D - Bakery,D-04,E-commerce,548,353237.47,16553.37,336684.1,232529.6,7629.6,13980.88,4165.1
2025-09,Brand D - Bakery,D-04,E-commerce,859,553294.35,37660.03,515634.31,370794.83,8748.92,10658.43,11567.22
2025-10,Brand D - Bakery,D-04,E-commerce,666,429425.88,9453.41,419972.48,293393.65,4452.08,20025.28,9397.01
2025-11,Brand D - Bakery,D-04,E-commerce,637,410312.1,18242.73,392069.37,271871.46,8212.35,9322.94,6729.47
2025-12,Brand D - Bakery,D-04,E-commerce,575,370716.14,15712.78,355003.35,241419.82,4469.67,8422.75,5701.47
2024-01,Brand D - Bakery,D-05,Modern Trade,3127,1061313.6,84767.22,976546.38,711908.8,23065.06,27611.46,18875.66
2024-02,Brand D - Bakery,D-05,Modern Trade,3258,1105796.78,27874.24,1077922.53,769309.29,19735.76,51439.17,13722.41
2024-03,Brand D - Bakery,D-05,Modern Trade,3288,1115938.92,35665.68,1080273.24,786694.3,19982.95,31140.58,24962.19
2024-04,Brand D - Bakery,D-05,Modern Trade,3819,1296213.66,98302.34,1197911.32,852565.08,25666.8,49699.47,29242.55
2024-05,Brand D - Bakery,D-05,Modern Trade,3668,1244650.06,75588.7,1169061.35,811891.67,33631.94,50743.18,29174.18
2024-06,Brand D - Bakery,D-05,Modern Trade,4685,1589957.03,93935.43,1496021.6,1038100.63,36956.25,59744.83,18360.99
2024-07,Brand D - Bakery,D-05,Modern Trade,4775,1620419.26,33058.71,1587360.54,1112710.58,56050.94,71858.14,32218.55
2024-08,Brand D - Bakery,D-05,Modern Trade,4361,1479914.48,82361.41,1397553.07,998714.64,50686.62,47660.47,25319.11
2024-09,Brand D - Bakery,D-05,Modern Trade,3457,1173117.82,84694.95,1088422.87,763623.94,27728.54,42894.28,15396.23
2024-10,Brand D - Bakery,D-05,Modern Trade,3770,1279339.18,49860.66,1229478.53,886306.18,24293.0,34477.8,24401.66
2024-11,Brand D - Bakery,D-05,Modern Trade,3662,1242696.27,42864.18,1199832.09,846806.19,41404.71,57814.34,22787.55
2024-12,Brand D - Bakery,D-05,Modern Trade,4255,1443977.86,91258.34,1352719.51,931646.81,35319.76,66409.6,23026.29
2025-01,Brand D - Bakery,D-05,Modern Trade,3533,1199103.27,90176.27,1108927.0,781075.22,47353.24,30753.41,16936.54
2025-02,Brand D - Bakery,D-05,Modern Trade,4081,1385015.49,84494.92,1300520.57,906552.36,24488.61,49265.15,28222.13
2025-03,Brand D - Bakery,D-05,Modern Trade,4144,1406513.75,66202.33,1340311.42,921615.83,48728.95,60286.07,29269.87
2025-04,Brand D - Bakery,D-05,Modern Trade,4382,1487082.97,63123.06,1423959.9,971735.95,53777.57,69182.08,34506.81
2025-05,Brand D - Bakery,D-05,Modern Trade,4333,1470456.23,53086.94,1417369.29,973122.63,47885.13,70285.71,26815.09
2025-06,Brand D - Bakery,D-05,Modern Trade,5126,1739628.93,63547.49,1676081.44,1201840.63,56763.26,78109.07,27179.4
2025-07,Brand D - Bakery,D-05,Modern Trade,4560,1547537.54,117470.04,1430067.49,989962.93,55355.8,40028.28,27725.26
2025-08,Brand D - Bakery,D-05,Modern Trade,4725,1603611.44,42461.75,1561149.69,1091406.81,29766.03,61113.9,26820.3
2025-09,Brand D - Bakery,D-05,Modern Trade,4875,1654277.66,38756.57,1615521.09,1119381.64,58373.84,40667.54,31463.2
2025-10,Brand D - Bakery,D-05,Modern Trade,4117,1397244.39,48751.34,1348493.06,945469.47,40031.29,66981.46,29555.17
2025-11,Brand D - Bakery,D-05,Modern Trade,4243,1439979.97,98143.96,1341836.01,972527.94,43848.38,49840.83,31033.29
2025-12,Brand D - Bakery,D-05,Modern Trade,4074,1382432.39,50013.66,1332418.73,910616.19,36863.61,66226.13,17553.74
2024-01,Brand D - Bakery,D-05,Wholesale,2575,874027.73,52494.97,821532.76,576355.74,19301.79,16713.08,11078.87
2024-02,Brand D - Bakery,D-05,Wholesale,2902,984854.06,28213.4,956640.67,694032.35,18052.02,24938.5,15618.51
2024-03,Brand D - Bakery,D-05,Wholesale,3063,1039468.18,55438.81,984029.37,675897.82,28011.7,43435.52,17440.16
2024-04,Brand D - Bakery,D-05,Wholesale,3337,1132501.99,88195.9,1044306.09,728151.46,33881.09,36110.53,11979.54
2024-05,Brand D - Bakery,D-05,Wholesale,3151,1069355.95,83301.36,986054.59,708642.16,26946.42,39605.01,17354.02
2024-06,Brand D - Bakery,D-05,Wholesale,3627,1230935.41,83650.2,1147285.21,835139.79,24066.81,39707.83,17297.66
2024-07,Brand D - Bakery,D-05,Wholesale,3261,1106794.14,64732.14,1042062.0,735066.51,28110.82,20913.37,25038.54
2024-08,Brand D - Bakery,D-05,Wholesale,3225,1094523.01,23342.75,1071180.26,748941.42,35116.41,22400.18,16918.88
2024-09,Brand D - Bakery,D-05,Wholesale,2752,933872.44,66624.47,867247.96,613036.89,22852.42,36558.6,20648.29
2024-10,Brand D - Bakery,D-05,Wholesale,2874,975197.72,37820.12,937377.6,676870.99,34270.93,22026.13,21769.34
2024-11,Brand D - Bakery,D-05,Wholesale,2821,957478.45,52867.15,904611.31,634850.18,30485.7,19108.76,18607.91
2024-12,Brand D - Bakery,D-05,Wholesale,2394,812330.53,64515.49,747815.04,510074.72,25695.58,32968.13,9845.37
2025-01,Brand D - Bakery,D-05,Wholesale,2350,797635.19,19811.75,777823.44,532689.7,28006.84,22983.12,10887.96
2025-02,Brand D - Bakery,D-05,Wholesale,2871,974382.89,42403.22,931979.67,662122.51,39230.53,40318.73,17488.85
2025-03,Brand D - Bakery,D-05,Wholesale,3155,1070600.36,41700.52,1028899.84,749329.4,26457.09,39617.57,18181.71
2025-04,Brand D - Bakery,D-05,Wholesale,3101,1052237.03,50030.79,1002206.24,715016.97,37071.58,40779.95,12301.02
2025-05,Brand D - Bakery,D-05,Wholesale,4491,1524001.58,80289.16,1443712.42,1013331.1,58108.97,51354.57,30604.77
2025-06,Brand D - Bakery,D-05,Wholesale,3424,1162034.89,70736.15,1091298.74,794238.53,47762.55,34162.78,26318.26
2025-07,Brand D - Bakery,D-05,Wholesale,3491,1184618.91,86621.19,1097997.72,789794.74,20971.03,43457.85,18914.89
2025-08,Brand D - Bakery,D-05,Wholesale,2964,1005935.49,78758.78,927176.71,649240.16,39293.91,23621.47,22659.27
2025-09,Brand D - Bakery,D-05,Wholesale,3572,1212292.41,64837.52,1147454.89,780427.57,28617.62,33720.55,16648.45
2025-10,Brand D - Bakery,D-05,Wholesale,3101,1052299.55,24515.56,1027783.99,711314.22,39326.48,33375.86,19000.29
2025-11,Brand D - Bakery,D-05,Wholesale,3317,1125853.28,40614.15,1085239.13,768821.43,35636.87,50162.28,25545.03
2025-12,Brand D - Bakery,D-05,Wholesale,2677,908487.6,51537.9,856949.71,622384.64,34323.62,33055.92,16843.84
2024-01,Brand D - Bakery,D-05,HoReCa,970,329167.11,11350.27,317816.84,222261.67,17976.35,6530.14,4058.74
2024-02,Brand D - Bakery,D-05,HoReCa,836,283625.36,14937.46,268687.9,189433.02,12772.21,12455.29,3648.6
2024-03,Brand D - Bakery,D-05,HoReCa,1062,360356.75,8217.01,352139.73,246431.21,17247.62,10652.19,3604.81
2024-04,Brand D - Bakery,D-05,HoReCa,907,307813.4,9781.25,298032.15,218501.97,8213.29,11006.41,6412.97
2024-05,Brand D - Bakery,D-05,HoReCa,1044,354198.68,26179.38,328019.31,230236.64,19397.32,15780.21,3550.37
2024-06,Brand D - Bakery,D-05,HoReCa,1258,426992.33,9305.72,417686.61,295380.49,13893.29,19395.07,4208.97
2024-07,Brand D - Bakery,D-05,HoReCa,1155,391834.24,19141.6,372692.64,269083.17,20122.5,10787.26,6392.18
2024-08,Brand D - Bakery,D-05,HoReCa,1099,372915.79,29363.93,343551.87,233523.85,15257.92,11132.72,7363.01
2024-09,Brand D - Bakery,D-05,HoReCa,1140,386964.42,15253.32,371711.1,272739.23,11661.74,8331.05,9178.22
2024-10,Brand D - Bakery,D-05,HoReCa,1042,353523.0,8830.46,344692.54,251650.74,11276.46,10542.16,4710.39
2024-11,Brand D - Bakery,D-05,HoReCa,1210,410609.13,25145.29,385463.84,272310.23,13051.81,12083.64,4967.27
2024-12,Brand D - Bakery,D-05,HoReCa,981,333017.93,14016.88,319001.05,228969.34,8845.9,12529.62,3513.55
2025-01,Brand D - Bakery,D-05,HoReCa,1056,358521.87,8593.03,349928.84,245284.01,17245.29,9401.97,6684.18
2025-02,Brand D - Bakery,D-05,HoReCa,1022,346715.69,10500.91,336214.77,243945.33,18010.85,9690.58,4323.72
2025-03,Brand D - Bakery,D-05,HoReCa,992,336767.64,18171.8,318595.83,226492.49,19000.1,8145.82,7460.07
2025-04,Brand D - Bakery,D-05,HoReCa,1265,429375.08,16805.75,412569.33,294700.88,23418.36,12532.82,4835.45
2025-05,Brand D - Bakery,D-05,HoReCa,1243,421972.58,17177.86,404794.72,290993.46,18506.94,17656.44,5945.15
2025-06,Brand D - Bakery,D-05,HoReCa,1341,455196.45,23705.65,431490.8,303167.04,13853.95,15158.82,7149.08
2025-07,Brand D - Bakery,D-05,HoReCa,1107,375575.85,13907.83,361668.02,260567.71,17543.36,13401.29,4736.33
2025-08,Brand D - Bakery,D-05,HoReCa,1165,395317.73,17886.72,377431.0,260755.46,11573.01,17235.84,7788.55
2025-09,Brand D - Bakery,D-05,HoReCa,1249,423821.35,14757.64,409063.72,277948.96,17542.76,9053.32,5668.34
2025-10,Brand D - Bakery,D-05,HoReCa,1187,402711.87,28939.56,373772.31,270006.09,16381.09,17244.91,9191.57
2025-11,Brand D - Bakery,D-05,HoReCa,1088,369261.52,26502.43,342759.1,234548.17,16065.39,15847.76,7502.11
2025-12,Brand D - Bakery,D-05,HoReCa,1093,370863.18,27152.64,343710.55,249983.87,19967.45,15229.85,5153.05
2024-01,Brand D - Bakery,D-05,E-commerce,705,239090.61,16096.05,222994.56,154709.31,8932.24,5292.35,4627.05
2024-02,Brand D - Bakery,D-05,E-commerce,591,200462.3,5037.24,195425.07,133344.76,4732.98,9256.67,3363.34
2024-03,Brand D - Bakery,D-05,E-commerce,692,234738.04,17231.7,217506.34,158577.64,9514.82,6289.11,4289.24
2024-04,Brand D - Bakery,D-05,E-commerce,886,300725.88,18124.3,282601.57,194296.68,9398.6,12526.06,3311.61
2024-05,Brand D - Bakery,D-05,E-commerce,725,246204.22,8291.69,237912.53,166141.34,6447.93,5341.35,5678.68
2024-06,Brand D - Bakery,D-05,E-commerce,910,308882.67,7382.87,301499.8,213712.98,9775.75,11698.25,6737.49
2024-07,Brand D - Bakery,D-05,E-commerce,698,236911.46,16618.87,220292.59,152841.42,4860.25,5453.36,4551.58
2024-08,Brand D - Bakery,D-05,E-commerce,739,250637.07,7567.48,243069.6,174759.27,5218.69,12058.21,3767.98
2024-09,Brand D - Bakery,D-05,E-commerce,623,211597.24,11916.7,199680.54,142003.79,5944.56,9265.82,3710.14
2024-10,Brand D - Bakery,D-05,E-commerce,570,193369.33,5558.1,187811.23,133519.92,4179.68,8027.94,3315.35
2024-11,Brand D - Bakery,D-05,E-commerce,646,219155.53,14597.81,204557.72,139358.94,4003.84,10138.2,3888.32
2024-12,Brand D - Bakery,D-05,E-commerce,768,260759.42,5813.03,254946.39,178955.39,5848.45,6134.64,5881.58
2025-01,Brand D - Bakery,D-05,E-commerce,605,205349.43,10566.17,194783.26,137146.85,6336.51,8830.89,2458.51
2025-02,Brand D - Bakery,D-05,E-commerce,734,249222.9,13119.14,236103.76,171678.89,6199.59,7163.25,4164.25
2025-03,Brand D - Bakery,D-05,E-commerce,619,210122.09,5541.2,204580.89,144978.55,4340.94,10180.29,2271.6
2025-04,Brand D - Bakery,D-05,E-commerce,746,253320.39,8231.95,245088.44,175036.34,8355.98,9993.68,5770.36
2025-05,Brand D - Bakery,D-05,E-commerce,802,272021.35,8163.36,263857.99,191222.83,8972.49,8643.7,4291.28
2025-06,Brand D - Bakery,D-05,E-commerce,841,285457.1,20292.17,265164.93,192217.49,6005.41,10482.89,4578.23
2025-07,Brand D - Bakery,D-05,E-commerce,888,301393.99,22437.35,278956.65,201306.34,9791.68,12242.74,4406.75
2025-08,Brand D - Bakery,D-05,E-commerce,724,245799.76,15344.59,230455.16,169357.19,7666.45,4809.51,4483.22
2025-09,Brand D - Bakery,D-05,E-commerce,742,251861.42,6077.51,245783.92,179727.25,6389.73,10058.1,5401.24
2025-10,Brand D - Bakery,D-05,E-commerce,668,226561.62,11573.91,214987.72,148193.34,5747.63,4984.78,5096.8
2025-11,Brand D - Bakery,D-05,E-commerce,752,255140.84,5483.45,249657.39,172459.01,9396.38,10738.38,4352.8
2025-12,Brand D - Bakery,D-05,E-commerce,689,233728.42,9387.74,224340.68,161762.29,7538.99,7492.72,2942.96
2024-01,Brand E - Butter,E-01,Modern Trade,2582,1140591.72,68461.62,1072130.1,638380.52,26056.57,41785.75,18875.76
2024-02,Brand E - Butter,E-01,Modern Trade,3528,1558298.22,78144.34,1480153.88,900791.35,33668.52,56975.51,18253.48
2024-03,Brand E - Butter,E-01,Modern Trade,2668,1178512.63,66539.61,1111973.02,674901.74,31927.27,47087.09,14791.07
2024-04,Brand E - Butter,E-01,Modern Trade,3327,1469461.86,37423.62,1432038.23,860411.91,27546.45,51264.64,35276.5
2024-05,Brand E - Butter,E-01,Modern Trade,3526,1557373.13,53795.14,1503578.0,930944.13,26185.19,51688.76,18400.93
2024-06,Brand E - Butter,E-01,Modern Trade,4029,1779970.98,80479.48,1699491.5,1007669.67,49100.26,69656.86,39785.52
2024-07,Brand E - Butter,E-01,Modern Trade,3452,1524914.36,117526.78,1407387.58,831946.06,28283.75,52791.39,32174.6
2024-08,Brand E - Butter,E-01,Modern Trade,3256,1438507.22,100251.06,1338256.15,780518.11,20303.58,61419.58,22483.23
2024-09,Brand E - Butter,E-01,Modern Trade,3975,1756082.55,119272.31,1636810.25,1017289.03,29222.32,74998.92,18687.79
2024-10,Brand E - Butter,E-01,Modern Trade,3763,1662273.94,109359.59,1552914.34,919164.66,36475.97,32535.12,21909.31
2024-11,Brand E - Butter,E-01,Modern Trade,2584,1141521.39,44379.97,1097141.42,688380.22,28449.42,49816.39,19849.26
2024-12,Brand E - Butter,E-01,Modern Trade,3180,1404545.4,70813.24,1333732.17,813136.87,35092.15,26919.72,16637.44
2025-01,Brand E - Butter,E-01,Modern Trade,3043,1344029.12,96339.25,1247689.87,783323.03,19483.21,50284.34,18662.77
2025-02,Brand E - Butter,E-01,Modern Trade,2906,1283776.87,45554.08,1238222.79,765426.66,35135.83,36434.88,30122.08
2025-03,Brand E - Butter,E-01,Modern Trade,3763,1662176.34,76542.57,1585633.77,983328.68,51497.31,61848.32,35611.63
2025-04,Brand E - Butter,E-01,Modern Trade,3551,1568582.45,61613.98,1506968.47,934683.95,42168.99,65272.2,18690.0
2025-05,Brand E - Butter,E-01,Modern Trade,3616,1597389.77,39825.67,1557564.1,961926.78,37282.57,36266.75,21235.98
2025-06,Brand E - Butter,E-01,Modern Trade,4581,2023633.28,126619.13,1897014.15,1142083.55,38740.67,60675.46,25914.73
2025-07,Brand E - Butter,E-01,Modern Trade,4092,1807454.7,144583.19,1662871.51,977223.38,25241.57,40540.58,18230.92
2025-08,Brand E - Butter,E-01,Modern Trade,3441,1520170.73,78234.61,1441936.13,866730.95,41365.63,41696.53,33798.8
2025-09,Brand E - Butter,E-01,Modern Trade,3755,1658807.12,47738.57,1611068.56,1008779.61,26224.82,71165.99,18878.4
2025-10,Brand E - Butter,E-01,Modern Trade,4068,1796850.96,59378.38,1737472.58,1060908.91,30525.16,43839.45,35228.31
2025-11,Brand E - Butter,E-01,Modern Trade,3626,1601661.64,56444.22,1545217.42,929929.22,39116.91,55415.08,31896.37
2025-12,Brand E - Butter,E-01,Modern Trade,3715,1641036.26,114040.87,1526995.39,924132.64,37313.49,61201.89,25396.27
2024-01,Brand E - Butter,E-01,Wholesale,1995,881212.47,42057.91,839154.56,511157.86,25378.89,29811.74,8752.5
2024-02,Brand E - Butter,E-01,Wholesale,2408,1063724.21,82302.26,981421.95,576555.72,20989.35,42216.23,16289.46
2024-03,Brand E - Butter,E-01,Wholesale,2400,1060187.5,65104.0,995083.5,579858.2,24493.93,44169.83,20632.29
2024-04,Brand E - Butter,E-01,Wholesale,3013,1330917.51,31947.45,1298970.06,802572.99,19237.91,44750.96,30724.82
2024-05,Brand E - Butter,E-01,Wholesale,2570,1135468.47,48632.87,1086835.59,668656.51,25115.03,22196.01,20940.71
2024-06,Brand E - Butter,E-01,Wholesale,2554,1127998.01,88109.22,1039888.79,615100.84,28375.69,45828.43,14918.91
2024-07,Brand E - Butter,E-01,Wholesale,2882,1273136.65,85352.79,1187783.86,724460.83,39715.94,27112.19,21905.53
2024-08,Brand E - Butter,E-01,Wholesale,3008,1328695.59,26668.47,1302027.12,775358.75,40511.84,36669.77,14785.47
2024-09,Brand E - Butter,E-01,Wholesale,2930,1294212.42,37289.49,1256922.93,768752.59,35639.53,57151.31,12966.39
2024-10,Brand E - Butter,E-01,Wholesale,2697,1191313.22,50480.99,1140832.23,710410.96,35017.75,41535.84,18152.09
2024-11,Brand E - Butter,E-01,Wholesale,2666,1177717.95,52209.62,1125508.33,690692.63,27277.23,31127.99,12723.54
2024-12,Brand E - Butter,E-01,Wholesale,2278,1006330.54,53977.09,952353.44,562142.7,24376.15,36013.63,12367.6
2025-01,Brand E - Butter,E-01,Wholesale,2653,1171877.24,28298.98,1143578.27,710464.69,25122.06,56622.44,27951.63
2025-02,Brand E - Butter,E-01,Wholesale,2227,983885.83,32020.51,951865.32,586741.63,29108.44,33328.73,12747.49
2025-03,Brand E - Butter,E-01,Wholesale,2992,1321846.51,33395.46,1288451.05,777880.43,33408.24,40750.17,15375.18
2025-04,Brand E - Butter,E-01,Wholesale,2891,1276921.26,26086.08,1250835.19,737531.38,20534.46,53795.52,23968.56
2025-05,Brand E - Butter,E-01,Wholesale,3425,1512912.01,93641.53,1419270.48,843700.45,40952.18,33658.83,26111.27
2025-06,Brand E - Butter,E-01,Wholesale,3377,1491920.03,79633.17,1412286.86,830036.24,29884.52,42579.84,22202.06
2025-07,Brand E - Butter,E-01,Wholesale,2874,1269482.05,42163.98,1227318.07,719629.64,19549.72,27983.18,20869.15
2025-08,Brand E - Butter,E-01,Wholesale,3111,1374275.08,30638.79,1343636.29,826655.34,36994.33,38020.93,32581.0
2025-09,Brand E - Butter,E-01,Wholesale,3514,1552370.83,87276.59,1465094.25,922356.2,42982.5,29488.79,22771.71
2025-10,Brand E - Butter,E-01,Wholesale,2662,1175867.01,93107.87,1082759.14,672881.17,36830.76,23411.23,14004.73
2025-11,Brand E - Butter,E-01,Wholesale,2826,1248137.76,83311.85,1164825.91,698751.1,27410.72,36696.73,28891.63
2025-12,Brand E - Butter,E-01,Wholesale,2158,953186.57,30870.81,922315.77,553639.85,22751.46,39134.77,15778.56
2024-01,Brand E - Butter,E-01,HoReCa,780,344754.35,23384.21,321370.14,192439.98,7230.03,13477.6,7388.35
2024-02,Brand E - Butter,E-01,HoReCa,794,350656.97,21005.91,329651.06,196117.08,9444.3,7631.76,4781.2
2024-03,Brand E - Butter,E-01,HoReCa,1002,442671.32,19650.55,423020.77,251391.48,13681.1,13271.09,8021.07
2024-04,Brand E - Butter,E-01,HoReCa,922,407067.69,17006.97,390060.73,238292.84,8621.44,15611.63,7674.67
2024-05,Brand E - Butter,E-01,HoReCa,941,415506.32,15305.3,400201.03,245644.47,15697.33,13232.69,6280.12
2024-06,Brand E - Butter,E-01,HoReCa,1044,461089.9,32510.66,428579.24,255069.58,19585.56,19849.3,8849.69
2024-07,Brand E - Butter,E-01,HoReCa,923,407577.86,29136.15,378441.71,224676.13,17043.63,11100.91,5723.62
2024-08,Brand E - Butter,E-01,HoReCa,996,439759.75,9903.14,429856.61,266397.67,19020.51,19900.03,8798.44
2024-09,Brand E - Butter,E-01,HoReCa,850,375524.56,8377.96,367146.6,218759.53,14790.52,11959.48,6136.66
2024-10,Brand E - Butter,E-01,HoReCa,814,359656.06,16684.42,342971.63,215929.16,11652.53,9837.0,6187.2
2024-11,Brand E - Butter,E-01,HoReCa,670,295781.69,8923.15,286858.54,167706.04,10756.17,8934.23,3595.68
2024-12,Brand E - Butter,E-01,HoReCa,895,395555.21,17103.26,378451.96,233460.72,15159.74,13098.15,8177.29
2025-01,Brand E - Butter,E-01,HoReCa,778,343738.2,23637.03,320101.16,200386.66,9351.37,15615.95,4583.5
2025-02,Brand E - Butter,E-01,HoReCa,836,369441.78,8849.75,360592.03,226792.6,10200.19,16718.5,7799.84
2025-03,Brand E - Butter,E-01,HoReCa,901,398135.19,10676.64,387458.55,232431.72,11541.26,18494.04,6912.47
2025-04,Brand E - Butter,E-01,HoReCa,1142,504362.32,12502.25,491860.07,299148.48,14307.0,16178.94,7018.81
2025-05,Brand E - Butter,E-01,HoReCa,1022,451428.89,21374.57,430054.32,255338.81,8734.09,18111.08,4523.52
2025-06,Brand E - Butter,E-01,HoReCa,1068,471591.95,31909.7,439682.25,273121.33,9406.98,17136.19,10983.98
2025-07,Brand E - Butter,E-01,HoReCa,1063,469544.23,24298.12,445246.11,269480.37,11164.7,17458.45,8480.6
2025-08,Brand E - Butter,E-01,HoReCa,1014,447820.14,14215.86,433604.28,268800.18,15948.24,11060.91,6884.86
2025-09,Brand E - Butter,E-01,HoReCa,1055,465948.97,18677.59,447271.38,268393.38,17926.56,16101.46,7683.98
2025-10,Brand E - Butter,E-01,HoReCa,1041,459696.07,26193.67,433502.4,272053.13,10653.79,15151.99,9216.0
2025-11,Brand E - Butter,E-01,HoReCa,906,400039.68,30761.44,369278.24,215750.0,17226.65,12835.45,6208.48
2025-12,Brand E - Butter,E-01,HoReCa,819,361972.86,18086.64,343886.22,213874.12,15367.36,14715.53,5422.2
2024-01,Brand E - Butter,E-01,E-commerce,492,217213.0,13740.77,203472.23,128164.61,3631.7,9008.75,3584.23
2024-02,Brand E - Butter,E-01,E-commerce,490,216600.2,5308.68,211291.52,125511.15,5745.03,10203.57,3957.36
2024-03,Brand E - Butter,E-01,E-commerce,489,216222.27,15437.76,200784.5,123558.57,3822.6,7878.79,3983.72
2024-04,Brand E - Butter,E-01,E-commerce,647,285928.4,9876.79,276051.61,168249.57,7234.47,8494.02,4929.57
2024-05,Brand E - Butter,E-01,E-commerce,632,278993.97,14050.95,264943.02,158131.15,5506.53,12675.16,4697.42
2024-06,Brand E - Butter,E-01,E-commerce,640,282499.83,12965.4,269534.42,163342.17,7647.92,13154.95,4420.87
2024-07,Brand E - Butter,E-01,E-commerce,668,295298.11,10987.47,284310.64,177901.83,9314.43,7423.46,4502.74
2024-08,Brand E - Butter,E-01,E-commerce,620,274002.3,11260.85,262741.46,155939.58,8637.99,8945.03,3551.53
2024-09,Brand E - Butter,E-01,E-commerce,475,209748.01,9593.93,200154.08,121300.6,4231.23,5102.05,3566.05
2024-10,Brand E - Butter,E-01,E-commerce,502,221951.86,5367.88,216583.98,126950.86,5858.55,4411.84,4685.7
2024-11,Brand E - Butter,E-01,E-commerce,545,240796.43,10208.72,230587.71,141831.41,5660.39,8009.57,4386.83
2024-12,Brand E - Butter,E-01,E-commerce,553,244420.05,15492.65,228927.4,140096.8,7147.09,5359.32,4449.67
2025-01,Brand E - Butter,E-01,E-commerce,576,254289.04,11444.69,242844.35,146642.85,7112.37,8570.49,5989.48
2025-02,Brand E - Butter,E-01,E-commerce,548,242226.48,13612.41,228614.07,140587.49,7135.05,7740.43,4303.27
2025-03,Brand E - Butter,E-01,E-commerce,677,298943.68,23045.77,275897.91,162422.32,7010.94,8537.08,6547.76
2025-04,Brand E - Butter,E-01,E-commerce,620,273692.94,8735.05,264957.89,162848.62,4591.05,8718.21,4421.88
2025-05,Brand E - Butter,E-01,E-commerce,760,335588.99,25668.28,309920.71,181679.66,7431.45,10271.34,3575.0
2025-06,Brand E - Butter,E-01,E-commerce,704,310922.41,21167.14,289755.27,177109.12,8589.52,6852.18,6997.48
2025-07,Brand E - Butter,E-01,E-commerce,754,332964.32,16798.59,316165.72,192700.79,7724.77,6730.07,7590.6
2025-08,Brand E - Butter,E-01,E-commerce,726,320580.76,7838.97,312741.79,189635.25,4835.5,7751.3,5592.99
2025-09,Brand E - Butter,E-01,E-commerce,664,293237.78,15307.8,277929.98,165804.56,6855.47,6954.53,5251.35
2025-10,Brand E - Butter,E-01,E-commerce,570,251571.04,13993.18,237577.85,148954.47,4189.03,6253.76,3219.97
2025-11,Brand E - Butter,E-01,E-commerce,606,267599.82,20706.5,246893.31,151106.58,8477.77,7035.11,5652.08
2025-12,Brand E - Butter,E-01,E-commerce,666,294164.47,13957.87,280206.6,165111.9,8891.42,10332.52,3576.32
2024-01,Brand E - Butter,E-02,Modern Trade,424,109678.03,8450.7,101227.33,62613.7,5665.1,2329.26,1606.12
2024-02,Brand E - Butter,E-02,Modern Trade,566,146452.94,11114.86,135338.08,81924.31,7214.1,2844.99,1456.97
2024-03,Brand E - Butter,E-02,Modern Trade,544,140698.52,5703.87,134994.65,84703.25,7358.55,3233.12,1801.51
2024-04,Brand E - Butter,E-02,Modern Trade,560,144845.57,8739.46,136106.11,82748.14,5166.01,3962.83,2249.28
2024-05,Brand E - Butter,E-02,Modern Trade,495,128036.5,3702.41,124334.1,75935.72,3925.19,4581.41,3018.88
2024-06,Brand E - Butter,E-02,Modern Trade,573,148219.39,10939.01,137280.38,86199.65,3760.08,6438.11,2946.14
2024-07,Brand E - Butter,E-02,Modern Trade,586,151516.04,7534.35,143981.7,90512.86,7892.11,6006.92,2055.39
2024-08,Brand E - Butter,E-02,Modern Trade,545,140775.85,4569.3,136206.55,79682.05,5775.26,3661.54,2754.54
2024-09,Brand E - Butter,E-02,Modern Trade,542,140017.9,8752.57,131265.32,77357.34,6102.5,5837.09,2875.52
2024-10,Brand E - Butter,E-02,Modern Trade,447,115536.23,4527.6,111008.63,67807.15,5454.7,2725.08,1571.36
2024-11,Brand E - Butter,E-02,Modern Trade,518,133846.73,4675.33,129171.4,79574.28,7024.51,6205.5,1573.14
2024-12,Brand E - Butter,E-02,Modern Trade,464,120008.19,4508.61,115499.58,70147.57,5494.89,4808.67,2783.98
2025-01,Brand E - Butter,E-02,Modern Trade,531,137212.6,5185.35,132027.24,82214.31,6157.93,2997.64,2242.08
2025-02,Brand E - Butter,E-02,Modern Trade,439,113540.6,7430.83,106109.77,65961.5,5626.15,3369.94,1169.71
2025-03,Brand E - Butter,E-02,Modern Trade,568,146814.62,8146.46,138668.15,81746.31,7343.94,4058.55,3282.54
2025-04,Brand E - Butter,E-02,Modern Trade,567,146633.71,4589.08,142044.63,82956.55,6456.03,6259.81,3128.21
2025-05,Brand E - Butter,E-02,Modern Trade,638,165065.38,4211.47,160853.91,98319.67,7780.42,3654.47,3115.47
2025-06,Brand E - Butter,E-02,Modern Trade,623,161186.68,7077.19,154109.49,91209.67,6184.75,4092.9,3304.61
2025-07,Brand E - Butter,E-02,Modern Trade,701,181222.18,9107.1,172115.08,107134.0,6033.37,6610.05,1891.56
2025-08,Brand E - Butter,E-02,Modern Trade,616,159223.85,5969.34,153254.5,91055.4,5952.13,7478.83,2112.49
2025-09,Brand E - Butter,E-02,Modern Trade,656,169692.48,11208.4,158484.08,92439.87,7869.29,5250.79,3901.85
2025-10,Brand E - Butter,E-02,Modern Trade,466,120555.36,5453.56,115101.8,70511.68,5757.04,5267.31,1773.57
2025-11,Brand E - Butter,E-02,Modern Trade,544,140707.66,8360.21,132347.45,82393.58,5914.59,4385.89,2446.38
2025-12,Brand E - Butter,E-02,Modern Trade,465,120304.46,4288.47,116015.99,68144.06,4772.37,5254.87,1396.0
2024-01,Brand E - Butter,E-02,Wholesale,294,75964.09,1937.0,74027.09,43796.07,2216.35,1649.74,1643.62
2024-02,Brand E - Butter,E-02,Wholesale,368,95088.17,2376.78,92711.4,56067.52,4165.76,2875.33,1265.66
2024-03,Brand E - Butter,E-02,Wholesale,391,101189.64,2886.58,98303.06,58156.52,5444.2,1973.02,1886.63
2024-04,Brand E - Butter,E-02,Wholesale,428,110646.4,4048.09,106598.3,64286.91,2596.74,3898.5,1371.79
2024-05,Brand E - Butter,E-02,Wholesale,376,97201.24,2996.42,94204.82,57874.16,4466.44,2702.43,1249.33
2024-06,Brand E - Butter,E-02,Wholesale,333,86072.83,6212.79,79860.05,47704.58,2549.99,1676.14,1349.54
2024-07,Brand E - Butter,E-02,Wholesale,446,115228.51,8516.78,106711.74,65876.34,5734.71,3539.33,1126.54
2024-08,Brand E - Butter,E-02,Wholesale,439,113571.44,2803.65,110767.79,69105.96,3206.14,3145.21,2600.69
2024-09,Brand E - Butter,E-02,Wholesale,408,105543.52,2395.11,103148.42,62126.46,3293.87,2321.94,2497.28
2024-10,Brand E - Butter,E-02,Wholesale,409,105828.01,6979.44,98848.56,61876.26,3684.82,3844.43,1460.32
2024-11,Brand E - Butter,E-02,Wholesale,321,83014.3,2887.05,80127.26,48549.98,3394.45,3472.97,1900.71
2024-12,Brand E - Butter,E-02,Wholesale,297,76758.87,2901.9,73856.96,45546.04,2214.49,2117.85,981.53
2025-01,Brand E - Butter,E-02,Wholesale,370,95730.55,6734.26,88996.29,53256.54,4591.35,2487.95,1462.85
2025-02,Brand E - Butter,E-02,Wholesale,371,95841.4,6477.69,89363.7,53524.02,3021.8,2499.61,1443.37
2025-03,Brand E - Butter,E-02,Wholesale,448,115817.7,4104.62,111713.08,65670.7,5769.45,4980.23,2094.83
2025-04,Brand E - Butter,E-02,Wholesale,501,129474.56,7537.0,121937.55,73738.35,4465.98,3951.65,2619.62
2025-05,Brand E - Butter,E-02,Wholesale,435,112426.65,4997.21,107429.43,65042.82,5730.73,2745.89,1343.58
2025-06,Brand E - Butter,E-02,Wholesale,556,143675.56,5804.53,137871.03,85631.04,3357.78,4749.72,2613.82
2025-07,Brand E - Butter,E-02,Wholesale,494,127622.77,9817.03,117805.73,70180.2,5705.82,3924.86,1782.64
2025-08,Brand E - Butter,E-02,Wholesale,507,130976.78,3593.71,127383.08,77458.93,6821.48,6094.23,2734.56
2025-09,Brand E - Butter,E-02,Wholesale,419,108216.65,3272.08,104944.58,61820.52,5467.58,2810.0,2492.13
2025-10,Brand E - Butter,E-02,Wholesale,470,121397.67,4453.59,116944.08,68783.46,6075.14,5781.64,2469.09
2025-11,Brand E - Butter,E-02,Wholesale,366,94534.55,6798.77,87735.78,53637.63,2849.88,2225.69,1520.62
2025-12,Brand E - Butter,E-02,Wholesale,376,97213.44,2537.77,94675.67,58245.91,4133.43,2044.54,1891.13
2024-01,Brand E - Butter,E-02,HoReCa,100,25806.55,925.72,24880.84,14612.53,1463.02,1028.61,517.9
2024-02,Brand E - Butter,E-02,HoReCa,115,29710.2,944.75,28765.45,17110.32,1795.78,1431.45,473.8
2024-03,Brand E - Butter,E-02,HoReCa,132,34032.27,1576.9,32455.37,18906.19,2425.12,1046.56,608.24
2024-04,Brand E - Butter,E-02,HoReCa,137,35316.24,1457.28,33858.96,20742.17,1696.98,1071.76,778.15
2024-05,Brand E - Butter,E-02,HoReCa,169,43767.1,1022.29,42744.81,25265.82,1596.87,1947.67,1042.91
2024-06,Brand E - Butter,E-02,HoReCa,172,44517.67,2343.63,42174.04,25341.38,2551.59,1851.87,545.24
2024-07,Brand E - Butter,E-02,HoReCa,158,40939.93,1604.57,39335.36,24371.01,1596.53,1578.54,673.89
2024-08,Brand E - Butter,E-02,HoReCa,142,36796.85,1687.68,35109.17,21938.88,1799.63,1111.9,783.06
2024-09,Brand E - Butter,E-02,HoReCa,150,38837.02,2525.06,36311.96,22181.34,2182.13,1126.41,864.55
2024-10,Brand E - Butter,E-02,HoReCa,156,40206.63,908.01,39298.62,23464.55,2067.03,1719.33,965.71
2024-11,Brand E - Butter,E-02,HoReCa,131,33756.62,1619.58,32137.05,19338.92,1984.96,817.22,444.73
2024-12,Brand E - Butter,E-02,HoReCa,144,37271.88,1310.05,35961.83,21788.87,1314.17,991.83,563.36
2025-01,Brand E - Butter,E-02,HoReCa,140,36077.95,1069.41,35008.54,20603.91,1309.61,1326.0,673.42
2025-02,Brand E - Butter,E-02,HoReCa,131,33903.17,1940.37,31962.79,18624.49,1249.0,772.71,495.99
2025-03,Brand E - Butter,E-02,HoReCa,130,33511.49,960.27,32551.22,20245.63,1418.59,1543.91,569.72
2025-04,Brand E - Butter,E-02,HoReCa,155,39954.8,2484.23,37470.57,21830.37,1634.9,1208.9,528.9
2025-05,Brand E - Butter,E-02,HoReCa,174,45037.25,2256.56,42780.69,25782.38,3194.1,1702.17,872.2
2025-06,Brand E - Butter,E-02,HoReCa,146,37801.16,1729.99,36071.17,22394.77,1775.83,1387.13,487.39
2025-07,Brand E - Butter,E-02,HoReCa,182,47109.24,1336.9,45772.34,27511.96,2050.44,1415.46,937.73
2025-08,Brand E - Butter,E-02,HoReCa,145,37544.81,2447.99,35096.82,20433.23,1701.37,1668.0,839.57
2025-09,Brand E - Butter,E-02,HoReCa,142,36740.2,1580.93,35159.27,22048.46,2359.96,1089.43,481.64
2025-10,Brand E - Butter,E-02,HoReCa,146,37782.71,2899.54,34883.17,20587.91,1327.26,1133.51,697.83
2025-11,Brand E - Butter,E-02,HoReCa,136,35139.47,864.53,34274.94,21572.44,1900.85,1651.23,345.81
2025-12,Brand E - Butter,E-02,HoReCa,144,37341.04,1771.3,35569.75,21129.47,1984.02,883.5,385.09
2024-01,Brand E - Butter,E-02,E-commerce,71,18412.56,508.86,17903.7,10782.81,816.81,639.05,249.71
2024-02,Brand E - Butter,E-02,E-commerce,72,18636.02,1303.29,17332.73,10187.79,885.19,471.05,288.13
2024-03,Brand E - Butter,E-02,E-commerce,79,20366.49,843.63,19522.87,11898.1,769.73,797.34,208.92
2024-04,Brand E - Butter,E-02,E-commerce,90,23205.78,1052.56,22153.21,13426.53,554.26,600.74,524.61
2024-05,Brand E - Butter,E-02,E-commerce,105,27260.66,998.13,26262.53,16043.35,722.09,1133.28,632.55
2024-06,Brand E - Butter,E-02,E-commerce,103,26595.46,925.04,25670.41,15125.65,1120.18,947.8,555.28
2024-07,Brand E - Butter,E-02,E-commerce,108,28045.09,1052.38,26992.71,16578.98,1369.18,1010.65,426.46
2024-08,Brand E - Butter,E-02,E-commerce,94,24261.5,619.96,23641.54,14883.0,988.74,494.53,337.63
2024-09,Brand E - Butter,E-02,E-commerce,114,29546.21,1804.92,27741.29,17092.4,1393.57,737.84,380.92
2024-10,Brand E - Butter,E-02,E-commerce,82,21311.52,513.99,20797.53,12496.49,756.17,933.87,499.61
2024-11,Brand E - Butter,E-02,E-commerce,95,24526.86,510.85,24016.01,13986.62,1281.3,779.08,570.43
2024-12,Brand E - Butter,E-02,E-commerce,74,19073.96,1235.46,17838.5,11168.15,624.14,532.57,310.61
2025-01,Brand E - Butter,E-02,E-commerce,90,23158.19,490.22,22667.97,14184.65,998.23,900.86,396.14
2025-02,Brand E - Butter,E-02,E-commerce,100,25855.88,1082.8,24773.08,14546.92,1275.88,865.19,346.28
2025-03,Brand E - Butter,E-02,E-commerce,100,25930.82,921.86,25008.97,15666.32,602.23,630.21,544.18
2025-04,Brand E - Butter,E-02,E-commerce,110,28348.48,1017.67,27330.81,17021.39,894.94,714.84,464.32
2025-05,Brand E - Butter,E-02,E-commerce,109,28140.47,1667.78,26472.69,15451.78,1373.11,627.69,372.68
2025-06,Brand E - Butter,E-02,E-commerce,95,24596.05,1882.2,22713.85,14030.64,863.74,1080.0,362.39
2025-07,Brand E - Butter,E-02,E-commerce,108,27916.81,2097.62,25819.19,15126.56,825.53,1078.93,604.53
2025-08,Brand E - Butter,E-02,E-commerce,105,27020.72,758.42,26262.29,15901.5,904.54,1001.26,584.74
2025-09,Brand E - Butter,E-02,E-commerce,103,26633.87,1963.54,24670.32,14434.91,1062.12,1026.19,254.86
2025-10,Brand E - Butter,E-02,E-commerce,95,24642.39,1297.9,23344.49,14306.01,1146.42,749.48,386.17
2025-11,Brand E - Butter,E-02,E-commerce,112,29045.34,1501.66,27543.69,16211.43,1277.66,752.77,435.08
2025-12,Brand E - Butter,E-02,E-commerce,96,24943.41,1042.95,23900.45,14661.54,822.1,1068.66,321.74
2024-01,Brand E - Butter,E-03,Modern Trade,3494,2616753.75,124111.48,2492642.28,1462249.25,29946.31,122878.14,55866.43
2024-02,Brand E - Butter,E-03,Modern Trade,3815,2856953.97,223936.54,2633017.43,1558641.31,46673.16,76826.21,41601.04
2024-03,Brand E - Butter,E-03,Modern Trade,3289,2463028.03,100341.09,2362686.94,1464300.35,39639.0,56792.8,52564.36
2024-04,Brand E - Butter,E-03,Modern Trade,4483,3357715.55,214477.57,3143237.99,1935962.14,44622.83,81741.31,74236.36
2024-05,Brand E - Butter,E-03,Modern Trade,4015,3006894.17,199374.81,2807519.36,1671666.43,49989.69,97846.63,54411.06
2024-06,Brand E - Butter,E-03,Modern Trade,5307,3974666.49,186071.58,3788594.91,2348971.78,34202.94,150408.55,83334.38
2024-07,Brand E - Butter,E-03,Modern Trade,4604,3448160.25,169255.44,3278904.81,1934985.34,29814.97,114548.5,62128.48
2024-08,Brand E - Butter,E-03,Modern Trade,5020,3759732.82,220444.95,3539287.87,2072738.44,65809.12,75429.39,68413.09
2024-09,Brand E - Butter,E-03,Modern Trade,4611,3453403.82,235503.49,3217900.33,2026876.53,60281.21,83791.09,72390.14
2024-10,Brand E - Butter,E-03,Modern Trade,4180,3130138.75,81893.99,3048244.76,1895557.24,43987.48,67193.78,37412.08
2024-11,Brand E - Butter,E-03,Modern Trade,3308,2477104.4,189239.38,2287865.02,1430834.62,45010.48,67453.47,28282.09
2024-12,Brand E - Butter,E-03,Modern Trade,4065,3044206.81,233353.93,2810852.87,1737693.86,25395.88,97900.03,31134.92
2025-01,Brand E - Butter,E-03,Modern Trade,4701,3520618.64,95225.14,3425393.5,2089820.73,52075.41,154466.58,37091.1
2025-02,Brand E - Butter,E-03,Modern Trade,3431,2569890.72,129941.5,2439949.22,1534987.48,39610.94,121033.55,49149.12
2025-03,Brand E - Butter,E-03,Modern Trade,4747,3554799.91,117798.67,3437001.24,2098778.24,50115.05,91937.4,35875.0
2025-04,Brand E - Butter,E-03,Modern Trade,4489,3362045.65,155143.29,3206902.36,1987739.06,44661.45,110793.37,59624.34
2025-05,Brand E - Butter,E-03,Modern Trade,5023,3762166.73,159741.19,3602425.54,2200273.66,59761.17,114180.68,87006.71
2025-06,Brand E - Butter,E-03,Modern Trade,5579,4178313.9,329584.17,3848729.73,2256610.51,53415.67,146358.24,42735.6
2025-07,Brand E - Butter,E-03,Modern Trade,4623,3462460.84,148802.63,3313658.22,2033220.64,29601.91,138441.18,50023.21
2025-08,Brand E - Butter,E-03,Modern Trade,5148,3855125.37,139059.92,3716065.45,2292008.01,31194.49,134669.44,60116.82
2025-09,Brand E - Butter,E-03,Modern Trade,4869,3646652.33,278662.88,3367989.45,1974953.72,33351.08,89628.89,70688.85
2025-10,Brand E - Butter,E-03,Modern Trade,4770,3572141.82,249150.56,3322991.26,2083116.06,50156.47,67613.61,46554.83
2025-11,Brand E - Butter,E-03,Modern Trade,4393,3290363.23,168521.72,3121841.51,1861927.77,45856.7,142913.16,62227.38
2025-12,Brand E - Butter,E-03,Modern Trade,4279,3204805.42,190239.44,3014565.98,1870217.63,57135.37,103725.09,40218.14
2024-01,Brand E - Butter,E-03,Wholesale,2726,2041766.86,71881.9,1969884.97,1168117.48,35727.72,92099.69,29743.41
2024-02,Brand E - Butter,E-03,Wholesale,3230,2419137.49,118809.08,2300328.41,1392161.65,27685.56,113215.26,36217.55
2024-03,Brand E - Butter,E-03,Wholesale,3654,2736751.84,155123.11,2581628.73,1604846.48,42879.09,81886.95,57739.65
2024-04,Brand E - Butter,E-03,Wholesale,3191,2389733.61,118481.04,2271252.57,1358702.18,41360.16,58628.68,54770.54
2024-05,Brand E - Butter,E-03,Wholesale,3663,2743192.65,191356.44,2551836.21,1548575.22,48266.82,107030.9,47972.16
2024-06,Brand E - Butter,E-03,Wholesale,3771,2824191.34,58159.04,2766032.3,1630659.32,27628.25,74940.28,41734.31
2024-07,Brand E - Butter,E-03,Wholesale,3230,2419052.73,172665.93,2246386.8,1404556.95,39134.49,92604.79,44345.72
2024-08,Brand E - Butter,E-03,Wholesale,3436,2573500.82,148227.05,2425273.78,1425708.59,24498.14,73446.27,44581.0
2024-09,Brand E - Butter,E-03,Wholesale,3223,2413499.41,129398.71,2284100.69,1354205.82,39649.43,101098.35,48449.05
2024-10,Brand E - Butter,E-03,Wholesale,3212,2405711.02,98785.36,2306925.66,1363687.95,37808.86,95036.34,23511.93
2024-11,Brand E - Butter,E-03,Wholesale,2565,1921262.94,152374.17,1768888.77,1069125.98,27835.11,47750.45,28685.39
2024-12,Brand E - Butter,E-03,Wholesale,2639,1976633.52,113474.4,1863159.12,1096059.43,18499.61,51253.46,28812.22
2025-01,Brand E - Butter,E-03,Wholesale,3264,2444228.49,80919.02,2363309.47,1421770.71,45602.88,101678.49,51293.27
2025-02,Brand E - Butter,E-03,Wholesale,3974,2976510.26,181560.16,2794950.1,1649575.04,31251.82,59438.23,43676.42
2025-03,Brand E - Butter,E-03,Wholesale,3673,2750696.7,197694.93,2553001.78,1577895.61,43514.04,65846.46,36234.35
2025-04,Brand E - Butter,E-03,Wholesale,3692,2765030.25,159238.03,2605792.22,1555495.28,40884.21,119840.26,45754.87
2025-05,Brand E - Butter,E-03,Wholesale,4442,3326613.86,123862.81,3202751.05,1908674.02,61197.2,150759.18,42410.27
2025-06,Brand E - Butter,E-03,Wholesale,4105,3074056.57,200409.52,2873647.05,1804763.26,26042.72,102126.63,70338.7
2025-07,Brand E - Butter,E-03,Wholesale,3867,2895862.8,224611.81,2671250.99,1652473.28,37349.74,90648.96,51594.17
2025-08,Brand E - Butter,E-03,Wholesale,3740,2800686.02,182897.07,2617788.94,1572422.24,32774.54,99859.95,45715.88
2025-09,Brand E - Butter,E-03,Wholesale,3986,2985200.81,165532.06,2819668.75,1647714.72,46308.58,74441.48,46591.57
2025-10,Brand E - Butter,E-03,Wholesale,3528,2641953.26,103718.78,2538234.49,1523109.57,46211.62,119356.5,30972.53
2025-11,Brand E - Butter,E-03,Wholesale,2715,2033177.14,81160.79,1952016.36,1211202.5,32621.15,57129.99,31810.26
2025-12,Brand E - Butter,E-03,Wholesale,3615,2707305.08,187656.32,2519648.76,1468143.5,32699.5,117832.58,61451.46
2024-01,Brand E - Butter,E-03,HoReCa,935,700380.19,38566.94,661813.25,402883.61,12273.36,14016.8,9159.52
2024-02,Brand E - Butter,E-03,HoReCa,890,666786.51,48597.3,618189.21,362775.28,16395.88,16823.03,8289.89
2024-03,Brand E - Butter,E-03,HoReCa,1160,868791.01,30080.56,838710.45,519072.2,10180.05,26644.99,20548.42
2024-04,Brand E - Butter,E-03,HoReCa,1106,828228.62,60997.28,767231.34,452848.87,10970.9,19674.3,9910.24
2024-05,Brand E - Butter,E-03,HoReCa,1189,890836.81,55345.8,835491.0,486450.16,18678.2,32124.48,12218.47
2024-06,Brand E - Butter,E-03,HoReCa,1265,947660.48,47784.94,899875.54,545030.56,16687.79,34349.76,15592.0
2024-07,Brand E - Butter,E-03,HoReCa,1255,939860.72,72946.8,866913.92,541512.4,16919.11,34634.06,8814.17
2024-08,Brand E - Butter,E-03,HoReCa,1180,883880.02,68285.53,815594.49,498884.83,22983.4,26544.46,18096.92
2024-09,Brand E - Butter,E-03,HoReCa,1194,894115.51,70097.09,824018.42,482578.63,17738.73,38608.91,13461.57
2024-10,Brand E - Butter,E-03,HoReCa,1093,818860.97,30951.63,787909.34,495846.3,17071.31,22116.43,18736.48
2024-11,Brand E - Butter,E-03,HoReCa,1061,794955.14,36529.48,758425.66,445193.76,19578.06,31379.31,9051.44
2024-12,Brand E - Butter,E-03,HoReCa,1110,831371.74,60104.65,771267.09,462706.3,15677.23,26317.06,7768.93
2025-01,Brand E - Butter,E-03,HoReCa,1088,814990.68,53152.66,761838.02,457445.34,20740.31,31296.97,16085.83
2025-02,Brand E - Butter,E-03,HoReCa,1204,901697.49,26801.36,874896.14,509577.68,10814.03,32768.03,14431.1
2025-03,Brand E - Butter,E-03,HoReCa,1224,916312.46,40773.02,875539.43,540388.21,19003.48,34500.88,20258.77
2025-04,Brand E - Butter,E-03,HoReCa,1177,881393.95,58672.29,822721.66,504395.73,17956.07,27915.08,13706.18
2025-05,Brand E - Butter,E-03,HoReCa,1436,1075640.69,44390.65,1031250.04,614302.36,19979.43,25709.35,15340.46
2025-06,Brand E - Butter,E-03,HoReCa,1370,1026289.85,67171.11,959118.74,567421.24,23669.33,34143.95,9623.17
2025-07,Brand E - Butter,E-03,HoReCa,1302,975222.19,73834.05,901388.15,559373.36,19185.98,27173.62,17106.45
2025-08,Brand E - Butter,E-03,HoReCa,1267,948532.19,59170.58,889361.6,523870.25,20639.98,26923.42,11722.62
2025-09,Brand E - Butter,E-03,HoReCa,1461,1093993.97,34699.53,1059294.44,637314.15,18468.51,22540.75,14436.14
2025-10,Brand E - Butter,E-03,HoReCa,1129,845228.33,57819.05,787409.28,484082.25,18685.54,25897.68,15215.89
2025-11,Brand E - Butter,E-03,HoReCa,1233,923783.14,23883.88,899899.26,548738.37,14385.7,30425.38,11990.16
2025-12,Brand E - Butter,E-03,HoReCa,925,693024.75,51315.56,641709.19,384375.31,10654.89,22870.28,6590.69
2024-01,Brand E - Butter,E-03,E-commerce,610,457070.39,19490.82,437579.56,271428.45,8310.64,17579.16,6143.21
2024-02,Brand E - Butter,E-03,E-commerce,776,581151.7,42867.19,538284.51,335308.53,8473.35,20643.51,8290.56
2024-03,Brand E - Butter,E-03,E-commerce,630,471494.79,13164.5,458330.29,272639.42,5873.54,13531.0,7572.1
2024-04,Brand E - Butter,E-03,E-commerce,891,667436.83,51880.3,615556.54,385057.97,7031.5,12394.16,14839.52
2024-05,Brand E - Butter,E-03,E-commerce,822,615519.16,34480.02,581039.14,339942.5,9733.84,25421.25,8455.3
2024-06,Brand E - Butter,E-03,E-commerce,835,625622.81,13652.92,611969.89,383655.16,11603.9,13802.88,13696.92
2024-07,Brand E - Butter,E-03,E-commerce,755,565529.43,14199.84,551329.59,336772.53,9769.85,11581.66,10764.74
2024-08,Brand E - Butter,E-03,E-commerce,798,597871.33,25871.75,571999.57,334997.07,9881.39,20245.71,13455.54
2024-09,Brand E - Butter,E-03,E-commerce,754,564612.89,44456.48,520156.42,314814.51,6599.64,24868.06,12079.17
2024-10,Brand E - Butter,E-03,E-commerce,774,579363.03,40079.95,539283.09,329306.52,10780.78,18694.06,6453.64
2024-11,Brand E - Butter,E-03,E-commerce,627,469370.5,31664.55,437705.95,275675.57,7477.53,8989.17,10838.51
2024-12,Brand E - Butter,E-03,E-commerce,564,422410.73,28803.24,393607.49,240487.88,3807.12,14992.76,9774.94
2025-01,Brand E - Butter,E-03,E-commerce,689,516224.8,21413.79,494811.01,290518.62,5759.95,18041.33,6789.67
2025-02,Brand E - Butter,E-03,E-commerce,760,568851.87,38551.3,530300.57,312203.88,9961.73,18540.3,11318.19
2025-03,Brand E - Butter,E-03,E-commerce,760,569352.62,27226.58,542126.04,336611.36,8778.7,25387.93,8564.65
2025-04,Brand E - Butter,E-03,E-commerce,817,612113.83,29271.55,582842.29,349058.86,5006.7,15776.47,8599.28
2025-05,Brand E - Butter,E-03,E-commerce,955,715489.22,26279.7,689209.52,426045.15,7278.19,27312.48,9556.38
2025-06,Brand E - Butter,E-03,E-commerce,855,640201.14,30366.23,609834.9,383423.57,11875.68,12906.91,8798.71
2025-07,Brand E - Butter,E-03,E-commerce,910,681628.87,18412.89,663215.98,412819.76,6529.9,21227.38,9802.14
2025-08,Brand E - Butter,E-03,E-commerce,963,721151.92,20472.95,700678.97,421949.19,10831.89,30306.29,11169.95
2025-09,Brand E - Butter,E-03,E-commerce,882,660410.72,43160.82,617249.89,387115.77,8943.14,15771.58,13455.23
2025-10,Brand E - Butter,E-03,E-commerce,714,534692.42,26579.0,508113.42,315228.94,7963.42,23972.67,6991.72
2025-11,Brand E - Butter,E-03,E-commerce,745,557805.8,42741.58,515064.22,313048.75,6944.06,21569.48,10810.08
2025-12,Brand E - Butter,E-03,E-commerce,865,647730.41,23642.27,624088.15,380661.6,7554.65,26311.76,6360.04
2024-01,Brand E - Butter,E-04,Modern Trade,955,341128.62,21614.05,319514.58,188522.3,8938.03,14706.33,4643.75
2024-02,Brand E - Butter,E-04,Modern Trade,1136,405756.45,14577.79,391178.66,243887.77,14152.89,16045.89,8180.45
2024-03,Brand E - Butter,E-04,Modern Trade,1286,459197.32,13922.53,445274.79,261266.42,10836.19,14517.0,4527.96
2024-04,Brand E - Butter,E-04,Modern Trade,1179,421214.99,23121.43,398093.56,237365.92,14999.67,17818.74,6913.65
2024-05,Brand E - Butter,E-04,Modern Trade,1527,545554.42,33567.99,511986.42,318766.54,19272.82,11121.29,8746.46
2024-06,Brand E - Butter,E-04,Modern Trade,1562,558007.7,42074.49,515933.21,310917.49,11789.6,24445.58,11482.58
2024-07,Brand E - Butter,E-04,Modern Trade,1309,467458.76,31724.87,435733.89,261620.34,12655.61,13628.01,7460.54
2024-08,Brand E - Butter,E-04,Modern Trade,1263,451025.28,10740.87,440284.4,273351.72,13289.75,13471.44,10860.64
2024-09,Brand E - Butter,E-04,Modern Trade,1182,422036.22,10615.45,411420.77,252342.1,13217.19,11707.4,6892.46
2024-10,Brand E - Butter,E-04,Modern Trade,1304,465834.41,11270.8,454563.61,282183.68,11929.85,12316.16,5938.83
2024-11,Brand E - Butter,E-04,Modern Trade,1339,478245.73,24152.72,454093.01,281188.34,17920.31,14583.46,9699.62
2024-12,Brand E - Butter,E-04,Modern Trade,1122,400938.64,8998.31,391940.34,238027.02,12281.83,8467.22,4668.38
2025-01,Brand E - Butter,E-04,Modern Trade,1285,458875.53,15633.61,443241.93,274035.01,10760.9,12123.15,9631.18
2025-02,Brand E - Butter,E-04,Modern Trade,1365,487529.36,19641.79,467887.57,274507.98,18589.27,16997.16,7801.54
2025-03,Brand E - Butter,E-04,Modern Trade,1343,479811.44,22309.66,457501.77,277333.99,18314.51,10326.2,11173.22
2025-04,Brand E - Butter,E-04,Modern Trade,1423,508410.82,20501.93,487908.89,294629.53,11901.21,24003.74,9421.01
2025-05,Brand E - Butter,E-04,Modern Trade,1679,599603.79,23031.53,576572.26,361071.2,21302.16,28697.97,11300.88
2025-06,Brand E - Butter,E-04,Modern Trade,1617,577730.12,39035.92,538694.2,323898.31,18253.83,12629.53,10211.8
2025-07,Brand E - Butter,E-04,Modern Trade,1632,583029.41,14647.74,568381.67,341087.44,18620.33,25614.83,6744.16
2025-08,Brand E - Butter,E-04,Modern Trade,1658,592048.95,46069.91,545979.05,321934.05,16431.72,14330.95,12193.7
2025-09,Brand E - Butter,E-04,Modern Trade,1487,531304.96,21264.47,510040.49,302908.7,19160.85,12685.74,8649.14
2025-10,Brand E - Butter,E-04,Modern Trade,1423,508346.19,12591.94,495754.26,302807.05,13702.61,11176.08,6117.29
2025-11,Brand E - Butter,E-04,Modern Trade,1275,455287.84,10143.14,445144.7,279325.33,15855.89,12909.15,8972.92
2025-12,Brand E - Butter,E-04,Modern Trade,1362,486463.07,24501.11,461961.96,274718.95,9269.14,11102.74,6158.14
2024-01,Brand E - Butter,E-04,Wholesale,722,257731.35,14336.48,243394.88,144923.55,5869.51,8811.02,5251.91
2024-02,Brand E - Butter,E-04,Wholesale,983,350945.64,7061.08,343884.56,212924.13,8987.54,10589.4,8574.69
2024-03,Brand E - Butter,E-04,Wholesale,1052,375902.56,18176.75,357725.81,221587.37,10991.55,15264.71,5899.38
2024-04,Brand E - Butter,E-04,Wholesale,1083,386746.89,10510.91,376235.98,220500.48,6948.4,8911.05,5439.82
2024-05,Brand E - Butter,E-04,Wholesale,990,353725.8,7187.85,346537.95,210597.32,11224.53,7576.32,4189.77
2024-06,Brand E - Butter,E-04,Wholesale,1220,435873.53,33004.32,402869.21,250609.32,14891.85,16399.11,6739.64
2024-07,Brand E - Butter,E-04,Wholesale,1247,445569.26,11076.42,434492.84,271566.34,14587.97,18034.42,5836.97
2024-08,Brand E - Butter,E-04,Wholesale,1246,445123.47,14599.02,430524.45,264316.17,11379.12,10346.86,4898.37
2024-09,Brand E - Butter,E-04,Wholesale,1032,368528.66,29387.73,339140.93,202027.17,8635.21,8511.13,7705.27
2024-10,Brand E - Butter,E-04,Wholesale,831,296673.76,11682.92,284990.83,177184.58,7740.78,12528.29,2995.83
2024-11,Brand E - Butter,E-04,Wholesale,826,295137.32,22481.21,272656.11,161081.03,8100.33,13526.57,5614.72
2024-12,Brand E - Butter,E-04,Wholesale,885,316073.74,6793.96,309279.78,182662.02,9969.52,13012.86,3724.59
2025-01,Brand E - Butter,E-04,Wholesale,1086,387932.94,11767.29,376165.66,229509.51,10221.01,15567.01,4018.08
2025-02,Brand E - Butter,E-04,Wholesale,950,339283.56,20736.57,318547.0,192610.19,12387.72,10033.02,3958.83
2025-03,Brand E - Butter,E-04,Wholesale,1163,415375.42,23783.01,391592.41,241535.96,13319.1,11685.15,7024.48
2025-04,Brand E - Butter,E-04,Wholesale,1153,411905.64,32507.15,379398.49,221612.53,12192.12,16803.02,9009.98
2025-05,Brand E - Butter,E-04,Wholesale,1513,540465.12,30840.68,509624.44,308980.45,11680.79,12205.35,9187.15
2025-06,Brand E - Butter,E-04,Wholesale,1201,429126.37,16121.17,413005.2,243466.17,14311.22,15042.9,5445.73
2025-07,Brand E - Butter,E-04,Wholesale,1290,460726.37,21765.25,438961.11,272063.58,17930.49,15225.54,5465.09
2025-08,Brand E - Butter,E-04,Wholesale,1210,432323.64,18618.12,413705.53,254902.22,14541.22,10495.54,7808.72
2025-09,Brand E - Butter,E-04,Wholesale,1380,492894.36,17103.13,475791.23,296675.46,19182.45,12121.77,8969.93
2025-10,Brand E - Butter,E-04,Wholesale,1287,459685.06,26233.12,433451.94,271527.31,9412.82,12930.62,8114.82
2025-11,Brand E - Butter,E-04,Wholesale,904,322822.73,20223.5,302599.22,181604.81,8485.87,10779.55,6920.67
2025-12,Brand E - Butter,E-04,Wholesale,1091,389777.39,10153.1,379624.3,223823.32,14959.17,11043.87,9344.56
2024-01,Brand E - Butter,E-04,HoReCa,291,104054.88,4837.11,99217.77,60021.97,3570.45,4033.51,1219.83
2024-02,Brand E - Butter,E-04,HoReCa,322,115040.86,6755.78,108285.09,66006.85,4111.94,2884.81,2571.81
2024-03,Brand E - Butter,E-04,HoReCa,298,106363.09,5299.34,101063.75,62279.38,2939.99,2773.99,2291.38
2024-04,Brand E - Butter,E-04,HoReCa,386,137833.97,5140.61,132693.37,83029.82,4699.87,6462.31,2047.66
2024-05,Brand E - Butter,E-04,HoReCa,382,136454.02,6580.54,129873.48,76163.73,4911.76,5149.11,2665.67
2024-06,Brand E - Butter,E-04,HoReCa,417,149011.87,5245.49,143766.38,86504.72,5882.94,4024.09,2018.69
2024-07,Brand E - Butter,E-04,HoReCa,373,133396.8,5055.08,128341.72,77651.67,7162.81,3561.8,2542.05
2024-08,Brand E - Butter,E-04,HoReCa,359,128273.69,5168.73,123104.96,73891.3,5524.23,3896.96,2786.09
2024-09,Brand E - Butter,E-04,HoReCa,370,132225.66,7694.25,124531.4,77239.2,4391.12,5237.33,2988.84
2024-10,Brand E - Butter,E-04,HoReCa,345,123294.25,7650.23,115644.02,67900.48,4292.58,5037.3,2268.14
2024-11,Brand E - Butter,E-04,HoReCa,343,122521.62,2950.29,119571.33,75187.84,3900.35,5556.28,2200.02
2024-12,Brand E - Butter,E-04,HoReCa,330,117880.53,4975.92,112904.62,66296.42,5667.74,4749.67,1474.4
2025-01,Brand E - Butter,E-04,HoReCa,349,124760.82,7860.01,116900.81,73423.11,4299.74,3125.75,1959.0
2025-02,Brand E - Butter,E-04,HoReCa,341,121827.4,2735.0,119092.4,74131.83,5021.65,5850.4,2601.04
2025-03,Brand E - Butter,E-04,HoReCa,409,146041.5,7344.49,138697.01,85962.24,3877.39,3131.47,2453.98
2025-04,Brand E - Butter,E-04,HoReCa,378,134941.29,6114.41,128826.87,78039.35,5584.46,4208.89,2454.55
2025-05,Brand E - Butter,E-04,HoReCa,372,132984.04,7209.85,125774.19,74586.42,6338.99,4748.49,1601.53
2025-06,Brand E - Butter,E-04,HoReCa,395,141239.72,8201.17,133038.55,79948.22,6569.76,3119.07,2336.77
2025-07,Brand E - Butter,E-04,HoReCa,444,158620.58,6488.18,152132.4,95186.64,4122.98,5735.11,3357.63
2025-08,Brand E - Butter,E-04,HoReCa,427,152612.99,4160.0,148452.98,93016.78,6529.03,5404.83,2409.96
2025-09,Brand E - Butter,E-04,HoReCa,367,131038.99,5050.31,125988.68,77019.51,5124.58,3993.93,2164.95
2025-10,Brand E - Butter,E-04,HoReCa,378,135068.32,4248.36,130819.96,77633.74,7309.34,5876.93,2147.38
2025-11,Brand E - Butter,E-04,HoReCa,373,133265.98,7980.98,125285.0,76858.18,4473.84,2769.85,1263.26
2025-12,Brand E - Butter,E-04,HoReCa,373,133357.67,7039.89,126317.77,78732.71,3876.81,4790.28,1308.22
2024-01,Brand E - Butter,E-04,E-commerce,172,61418.93,2489.51,58929.42,35679.78,1481.55,1921.95,1021.01
2024-02,Brand E - Butter,E-04,E-commerce,269,96146.54,5651.81,90494.72,55139.96,2543.25,3320.24,1871.79
2024-03,Brand E - Butter,E-04,E-commerce,204,72710.32,2007.79,70702.53,41584.43,1925.43,2202.55,1513.63
2024-04,Brand E - Butter,E-04,E-commerce,225,80225.96,3415.52,76810.45,47031.41,2178.95,3337.98,1653.42
2024-05,Brand E - Butter,E-04,E-commerce,238,85105.63,4815.58,80290.05,48489.69,1834.4,2495.02,1223.03
2024-06,Brand E - Butter,E-04,E-commerce,258,92234.35,6139.28,86095.07,53197.4,1996.53,4022.22,1994.76
2024-07,Brand E - Butter,E-04,E-commerce,242,86307.9,4613.99,81693.91,49699.77,3042.43,3825.15,1410.82
2024-08,Brand E - Butter,E-04,E-commerce,274,97711.94,7521.44,90190.5,56668.58,2895.16,4184.3,1614.15
2024-09,Brand E - Butter,E-04,E-commerce,259,92425.87,2778.95,89646.92,54976.27,3466.06,2898.05,1647.87
2024-10,Brand E - Butter,E-04,E-commerce,255,91073.16,4530.24,86542.92,54222.91,3435.0,2327.99,1247.75
2024-11,Brand E - Butter,E-04,E-commerce,205,73094.63,3268.53,69826.1,42613.27,1463.22,1728.24,1405.73
2024-12,Brand E - Butter,E-04,E-commerce,184,65874.31,2824.26,63050.05,38490.23,2348.01,1344.9,861.55
2025-01,Brand E - Butter,E-04,E-commerce,220,78427.14,5696.69,72730.45,42437.83,2325.29,3284.45,1805.27
2025-02,Brand E - Butter,E-04,E-commerce,248,88679.49,5689.51,82989.99,48922.14,2395.86,3474.61,1613.6
2025-03,Brand E - Butter,E-04,E-commerce,218,78018.15,2437.04,75581.12,44408.41,3024.6,1673.0,1494.22
2025-04,Brand E - Butter,E-04,E-commerce,249,88784.71,5052.43,83732.28,50927.69,2999.04,3556.14,1755.65
2025-05,Brand E - Butter,E-04,E-commerce,300,107228.25,2649.37,104578.88,62961.23,3137.39,4170.18,2346.54
2025-06,Brand E - Butter,E-04,E-commerce,289,103082.35,7485.89,95596.46,56730.26,2264.68,3184.31,2074.01
2025-07,Brand E - Butter,E-04,E-commerce,295,105506.8,3786.94,101719.86,61604.62,2988.59,2414.83,1622.71
2025-08,Brand E - Butter,E-04,E-commerce,241,86188.74,4352.52,81836.22,48941.19,2839.3,1990.77,846.14
2025-09,Brand E - Butter,E-04,E-commerce,290,103611.92,7607.31,96004.62,55985.81,1757.71,1962.11,1987.13
2025-10,Brand E - Butter,E-04,E-commerce,258,91985.16,3895.45,88089.71,52802.88,2039.01,4156.89,2199.17
2025-11,Brand E - Butter,E-04,E-commerce,236,84139.22,3525.25,80613.98,48587.71,2962.68,3503.63,1431.83
2025-12,Brand E - Butter,E-04,E-commerce,233,83322.04,6077.15,77244.89,46088.92,2247.54,3782.41,1146.03
2024-01,Brand E - Butter,E-05,Modern Trade,4371,1082151.39,77461.72,1004689.67,594718.36,42630.38,35759.97,24391.51
2024-02,Brand E - Butter,E-05,Modern Trade,3125,773802.78,23678.39,750124.39,470881.83,22695.32,34430.84,11832.9
2024-03,Brand E - Butter,E-05,Modern Trade,3763,931652.84,54253.85,877398.99,522442.93,45384.63,32363.01,16988.3
2024-04,Brand E - Butter,E-05,Modern Trade,4639,1148660.85,40892.66,1107768.19,652617.36,61714.69,43275.82,15450.93
2024-05,Brand E - Butter,E-05,Modern Trade,4268,1056817.43,73553.77,983263.66,582953.11,51497.34,30737.23,24404.82
2024-06,Brand E - Butter,E-05,Modern Trade,4717,1167884.94,75251.34,1092633.61,659213.16,45250.65,52300.55,27006.18
2024-07,Brand E - Butter,E-05,Modern Trade,4247,1051567.69,51585.55,999982.14,629326.24,36252.33,46249.56,20757.67
2024-08,Brand E - Butter,E-05,Modern Trade,4826,1194949.18,44100.87,1150848.31,683586.74,61974.57,30311.2,11673.33
2024-09,Brand E - Butter,E-05,Modern Trade,3465,857860.06,64193.7,793666.35,465454.71,38114.9,34302.21,13575.93
2024-10,Brand E - Butter,E-05,Modern Trade,4151,1027747.36,44021.97,983725.4,615966.7,38717.41,27667.88,14518.23
2024-11,Brand E - Butter,E-05,Modern Trade,3853,954037.98,44145.86,909892.12,530224.06,46512.4,45391.77,11170.77
2024-12,Brand E - Butter,E-05,Modern Trade,3169,784613.7,35745.48,748868.21,439062.07,25652.36,17727.99,9053.1
2025-01,Brand E - Butter,E-05,Modern Trade,3758,930350.58,18996.45,911354.13,544535.95,39207.14,22633.43,16842.05
2025-02,Brand E - Butter,E-05,Modern Trade,4703,1164360.86,49681.46,1114679.4,658314.18,58115.28,46577.85,24523.13
2025-03,Brand E - Butter,E-05,Modern Trade,3867,957324.19,25142.37,932181.82,583322.18,39443.73,45376.34,22444.51
2025-04,Brand E - Butter,E-05,Modern Trade,5037,1247173.96,46124.14,1201049.82,724301.68,35377.97,47863.04,13477.96
2025-05,Brand E - Butter,E-05,Modern Trade,5109,1264989.79,99512.98,1165476.81,720913.95,63635.87,54038.92,14295.91
2025-06,Brand E - Butter,E-05,Modern Trade,5704,1412368.64,96314.87,1316053.76,798709.93,60417.24,48053.47,21885.32
2025-07,Brand E - Butter,E-05,Modern Trade,5257,1301626.67,33649.9,1267976.78,747949.99,72976.74,29783.3,16584.91
2025-08,Brand E - Butter,E-05,Modern Trade,4668,1155645.16,88655.34,1066989.82,645651.14,56095.84,22832.36,16058.99
2025-09,Brand E - Butter,E-05,Modern Trade,5266,1303842.59,59558.81,1244283.78,763708.04,70483.72,58957.54,17206.07
2025-10,Brand E - Butter,E-05,Modern Trade,4654,1152349.17,52695.34,1099653.82,644945.01,40392.88,41694.45,19526.0
2025-11,Brand E - Butter,E-05,Modern Trade,4163,1030763.3,57664.59,973098.7,581626.34,50058.67,40731.85,19130.69
2025-12,Brand E - Butter,E-05,Modern Trade,5364,1328188.56,83408.37,1244780.19,727045.42,33303.06,38540.66,18703.0
2024-01,Brand E - Butter,E-05,Wholesale,3212,795323.49,51226.41,744097.08,455015.59,24931.95,36167.95,17779.68
2024-02,Brand E - Butter,E-05,Wholesale,2658,658100.73,22018.28,636082.45,395749.79,35349.47,15776.96,14435.01
2024-03,Brand E - Butter,E-05,Wholesale,2713,671631.73,32398.91,639232.82,372340.01,19934.94,21091.34,15515.39
2024-04,Brand E - Butter,E-05,Wholesale,3479,861314.12,56343.42,804970.7,494244.66,40945.3,39646.33,13137.73
2024-05,Brand E - Butter,E-05,Wholesale,3230,799676.15,24889.46,774786.68,466129.32,36011.81,33836.04,10134.55
2024-06,Brand E - Butter,E-05,Wholesale,3504,867486.92,37213.95,830272.97,487701.22,41250.73,40455.93,10720.89
2024-07,Brand E - Butter,E-05,Wholesale,3531,874190.16,39093.08,835097.08,520839.98,24477.25,35135.23,16210.21
2024-08,Brand E - Butter,E-05,Wholesale,3415,845586.94,21203.46,824383.48,506486.25,28427.53,35609.07,13922.02
2024-09,Brand E - Butter,E-05,Wholesale,3077,761819.79,52249.4,709570.39,443139.73,22178.98,27053.89,8295.18
2024-10,Brand E - Butter,E-05,Wholesale,2821,698418.33,48297.0,650121.33,385857.64,18278.07,24253.32,11446.03
2024-11,Brand E - Butter,E-05,Wholesale,3230,799715.61,20886.41,778829.21,476973.58,28946.41,38518.85,17975.39
2024-12,Brand E - Butter,E-05,Wholesale,2941,728242.8,16025.98,712216.82,416025.64,31790.79,34966.23,16860.98
2025-01,Brand E - Butter,E-05,Wholesale,3175,786221.56,58406.73,727814.83,453296.89,21808.48,24408.62,9884.12
2025-02,Brand E - Butter,E-05,Wholesale,3506,868022.3,26931.01,841091.29,514463.77,30831.03,17200.22,19801.82
2025-03,Brand E - Butter,E-05,Wholesale,4260,1054628.43,79906.99,974721.44,611277.67,45240.26,22312.2,21781.74
2025-04,Brand E - Butter,E-05,Wholesale,3432,849632.54,62453.81,787178.73,464476.93,47584.31,30990.92,17857.57
2025-05,Brand E - Butter,E-05,Wholesale,4416,1093316.78,61829.4,1031487.38,627022.73,36821.36,24083.39,12348.76
2025-06,Brand E - Butter,E-05,Wholesale,3606,892875.61,31876.96,860998.65,504257.39,37958.52,39631.77,11826.36
2025-07,Brand E - Butter,E-05,Wholesale,4079,1010036.51,52419.73,957616.79,562602.32,25295.24,33770.38,21666.52
2025-08,Brand E - Butter,E-05,Wholesale,3327,823805.68,46659.35,777146.33,475581.39,28958.6,33681.28,15143.67
2025-09,Brand E - Butter,E-05,Wholesale,3344,827937.98,45942.39,781995.59,462829.78,24956.24,17269.02,19493.27
2025-10,Brand E - Butter,E-05,Wholesale,3448,853659.3,68211.48,785447.82,476756.18,46843.58,33151.83,13822.74
2025-11,Brand E - Butter,E-05,Wholesale,3493,864906.94,51363.38,813543.56,493066.93,25729.84,27305.58,14543.32
2025-12,Brand E - Butter,E-05,Wholesale,2912,720978.15,35750.17,685227.97,426310.88,39823.48,33065.3,13115.28
2024-01,Brand E - Butter,E-05,HoReCa,885,219212.57,8794.63,210417.93,130830.83,10066.79,8052.84,2746.43
2024-02,Brand E - Butter,E-05,HoReCa,702,173856.88,10003.74,163853.14,100874.02,6571.4,6375.95,3351.77
2024-03,Brand E - Butter,E-05,HoReCa,1012,250466.65,13929.21,236537.44,145230.14,11046.94,6668.21,5327.28
2024-04,Brand E - Butter,E-05,HoReCa,1123,278132.11,9219.21,268912.9,161948.68,19955.78,10876.58,2944.82
2024-05,Brand E - Butter,E-05,HoReCa,1230,304421.01,10732.53,293688.48,180725.48,20155.82,14669.78,4198.25
2024-06,Brand E - Butter,E-05,HoReCa,1146,283846.76,17534.04,266312.72,163976.38,16434.0,7351.56,3533.72
2024-07,Brand E - Butter,E-05,HoReCa,1262,312399.24,18730.24,293669.0,178820.62,18724.84,8999.75,5687.88
2024-08,Brand E - Butter,E-05,HoReCa,1225,303255.31,13201.27,290054.04,173157.6,12242.49,14040.99,3291.68
2024-09,Brand E - Butter,E-05,HoReCa,1141,282535.41,12272.69,270262.72,158610.11,12063.13,11271.39,4760.04
2024-10,Brand E - Butter,E-05,HoReCa,1006,249111.65,16892.28,232219.36,142726.86,19597.77,7399.9,4325.24
2024-11,Brand E - Butter,E-05,HoReCa,990,245050.05,13641.61,231408.44,141328.16,15366.84,4862.98,3054.04
2024-12,Brand E - Butter,E-05,HoReCa,928,229812.36,14279.91,215532.44,132175.77,13218.19,5932.91,4188.07
2025-01,Brand E - Butter,E-05,HoReCa,972,240543.26,15358.75,225184.51,132567.51,11922.69,8669.87,4281.49
2025-02,Brand E - Butter,E-05,HoReCa,1149,284444.26,10702.58,273741.68,168974.07,13438.78,11757.6,5037.36
2025-03,Brand E - Butter,E-05,HoReCa,1003,248259.74,8178.89,240080.85,143546.82,11152.96,8565.95,3819.94
2025-04,Brand E - Butter,E-05,HoReCa,1348,333647.55,6810.66,326836.9,200911.74,13003.6,13549.05,6137.42
2025-05,Brand E - Butter,E-05,HoReCa,1270,314401.4,14731.79,299669.61,180543.11,18969.93,14671.6,6768.83
2025-06,Brand E - Butter,E-05,HoReCa,1343,332436.67,21556.91,310879.75,183529.92,18312.13,7252.21,5711.26
2025-07,Brand E - Butter,E-05,HoReCa,1506,372825.57,14731.48,358094.09,216898.15,19504.43,15348.19,8607.02
2025-08,Brand E - Butter,E-05,HoReCa,1262,312339.04,11223.65,301115.39,179099.3,15262.14,12961.83,5803.64
2025-09,Brand E - Butter,E-05,HoReCa,1465,362692.97,26755.3,335937.67,200067.61,13062.41,15729.45,4527.11
2025-10,Brand E - Butter,E-05,HoReCa,1115,275998.04,20857.27,255140.76,151238.08,17002.21,10013.15,4102.26
2025-11,Brand E - Butter,E-05,HoReCa,994,246045.13,13033.21,233011.92,144718.31,13035.75,11398.25,2963.27
2025-12,Brand E - Butter,E-05,HoReCa,1182,292566.49,11683.92,280882.57,164881.48,21062.67,7072.56,4313.55
2024-01,Brand E - Butter,E-05,E-commerce,415,102675.94,2872.28,99803.67,62532.25,3958.44,4698.43,1483.37
2024-02,Brand E - Butter,E-05,E-commerce,725,179382.3,6578.27,172804.03,105687.43,7057.24,4244.34,2017.22
2024-03,Brand E - Butter,E-05,E-commerce,604,149544.19,9844.74,139699.45,85252.4,6912.08,2798.35,1921.6
2024-04,Brand E - Butter,E-05,E-commerce,699,173087.73,12051.67,161036.06,96445.18,4936.41,4891.69,3382.17
2024-05,Brand E - Butter,E-05,E-commerce,720,178160.35,13556.41,164603.94,100844.3,6321.72,6340.46,2833.14
2024-06,Brand E - Butter,E-05,E-commerce,925,229101.31,7422.5,221678.81,133373.35,7807.52,7033.66,4434.88
2024-07,Brand E - Butter,E-05,E-commerce,698,172791.71,6160.87,166630.85,100693.05,4911.66,6715.96,3115.1
2024-08,Brand E - Butter,E-05,E-commerce,815,201786.2,8269.82,193516.39,117311.12,9362.77,8922.05,3597.99
2024-09,Brand E - Butter,E-05,E-commerce,774,191534.01,10163.89,181370.12,108223.04,9481.92,7994.31,2882.51
2024-10,Brand E - Butter,E-05,E-commerce,798,197679.84,9854.14,187825.7,109366.66,5142.62,6242.51,3814.99
2024-11,Brand E - Butter,E-05,E-commerce,793,196435.4,8882.53,187552.87,116107.75,8896.84,5892.34,3006.34
2024-12,Brand E - Butter,E-05,E-commerce,631,156251.09,10327.2,145923.89,88818.51,6178.18,3383.91,2156.62
2025-01,Brand E - Butter,E-05,E-commerce,747,184957.27,14019.3,170937.97,102450.36,6732.3,6472.09,3649.91
2025-02,Brand E - Butter,E-05,E-commerce,725,179470.5,6479.96,172990.54,104667.9,8746.54,6336.13,3581.11
2025-03,Brand E - Butter,E-05,E-commerce,920,227807.87,12991.88,214816.0,131583.61,12198.6,9902.32,4358.69
2025-04,Brand E - Butter,E-05,E-commerce,847,209797.63,13423.01,196374.61,120309.22,10120.59,4897.01,2772.87
2025-05,Brand E - Butter,E-05,E-commerce,911,225612.63,8184.75,217427.88,135911.32,12727.48,8267.44,2525.59
2025-06,Brand E - Butter,E-05,E-commerce,797,197344.34,13070.53,184273.81,113699.22,6280.78,7281.59,4466.54
2025-07,Brand E - Butter,E-05,E-commerce,1009,249823.77,19701.43,230122.34,142318.04,7084.18,11284.71,5003.45
2025-08,Brand E - Butter,E-05,E-commerce,965,238960.21,9435.71,229524.5,141844.45,10243.43,7895.44,5473.78
2025-09,Brand E - Butter,E-05,E-commerce,745,184525.99,4689.59,179836.4,108182.99,8808.17,5100.18,4071.18
2025-10,Brand E - Butter,E-05,E-commerce,741,183365.6,9732.82,173632.79,108257.21,10162.75,3912.3,3666.56
2025-11,Brand E - Butter,E-05,E-commerce,739,183059.09,7369.47,175689.62,102829.33,6316.69,4780.04,4090.43
2025-12,Brand E - Butter,E-05,E-commerce,887,219708.58,12977.72,206730.86,126604.8,5567.95,6180.47,2922.97
2024-01,Brand F - Cream,F-01,Modern Trade,1882,2014449.56,266851.27,1747598.29,1104483.05,23245.11,204768.77,36462.83
2024-02,Brand F - Cream,F-01,Modern Trade,1763,1886678.74,239977.19,1646701.55,1069222.15,18709.76,123357.31,27618.85
2024-03,Brand F - Cream,F-01,Modern Trade,1915,2049827.28,255919.23,1793908.05,1178221.0,14087.31,174948.98,27830.3
2024-04,Brand F - Cream,F-01,Modern Trade,2260,2418425.03,310337.27,2108087.76,1360230.12,15871.75,222565.82,30227.91
2024-05,Brand F - Cream,F-01,Modern Trade,2680,2868144.77,280915.82,2587228.96,1635262.91,25615.89,298203.94,63045.6
2024-06,Brand F - Cream,F-01,Modern Trade,2411,2580072.34,258449.52,2321622.81,1463046.14,27664.2,232714.35,50022.62
2024-07,Brand F - Cream,F-01,Modern Trade,2516,2692826.07,317698.3,2375127.77,1549405.24,23645.8,148522.03,40584.79
2024-08,Brand F - Cream,F-01,Modern Trade,2336,2500251.13,287772.7,2212478.43,1479040.38,16909.94,153947.2,50706.08
2024-09,Brand F - Cream,F-01,Modern Trade,2444,2615877.54,294826.19,2321051.35,1527214.6,15982.07,260954.05,23677.68
2024-10,Brand F - Cream,F-01,Modern Trade,2087,2233644.76,249932.94,1983711.82,1308848.06,21177.17,198093.27,46392.49
2024-11,Brand F - Cream,F-01,Modern Trade,2143,2293239.28,269050.31,2024188.97,1257047.63,17964.84,144751.14,33337.27
2024-12,Brand F - Cream,F-01,Modern Trade,1911,2044700.91,197659.22,1847041.69,1213461.79,17733.23,132764.26,43004.9
2025-01,Brand F - Cream,F-01,Modern Trade,2091,2238110.01,235947.98,2002162.03,1334282.85,25861.23,138507.24,24145.46
2025-02,Brand F - Cream,F-01,Modern Trade,2318,2481058.32,305432.55,2175625.77,1455344.63,28701.72,251799.77,54276.4
2025-03,Brand F - Cream,F-01,Modern Trade,2434,2605244.59,336934.81,2268309.78,1468412.59,28504.52,258869.3,35048.39
2025-04,Brand F - Cream,F-01,Modern Trade,2781,2975819.29,412981.56,2562837.73,1625052.28,34046.55,286607.49,30917.75
2025-05,Brand F - Cream,F-01,Modern Trade,2931,3136644.16,432985.22,2703658.94,1698729.61,23030.48,315735.61,35309.41
2025-06,Brand F - Cream,F-01,Modern Trade,2698,2887368.71,379708.94,2507659.77,1562307.94,37354.27,278443.05,45602.34
2025-07,Brand F - Cream,F-01,Modern Trade,2910,3113965.88,464546.15,2649419.73,1654464.8,22063.77,181094.94,28967.41
2025-08,Brand F - Cream,F-01,Modern Trade,3003,3213849.21,412581.56,2801267.64,1772284.44,18817.16,200720.92,39306.34
2025-09,Brand F - Cream,F-01,Modern Trade,2657,2843622.11,248204.25,2595417.86,1640856.38,22862.55,272628.35,41688.73
2025-10,Brand F - Cream,F-01,Modern Trade,2155,2305743.68,316901.1,1988842.57,1247660.39,16568.54,175063.63,43934.18
2025-11,Brand F - Cream,F-01,Modern Trade,2071,2216781.66,184115.2,2032666.46,1307688.5,27329.22,159858.64,34256.21
2025-12,Brand F - Cream,F-01,Modern Trade,2234,2390435.04,316693.03,2073742.01,1327299.23,25275.25,224555.23,51530.55
2024-01,Brand F - Cream,F-01,Wholesale,1613,1726384.04,154523.66,1571860.38,1007183.07,20679.63,98965.16,18697.74
2024-02,Brand F - Cream,F-01,Wholesale,1426,1525886.27,223796.65,1302089.61,871936.15,17842.8,99910.48,30171.5
2024-03,Brand F - Cream,F-01,Wholesale,1598,1709892.46,218128.15,1491764.32,994623.3,20975.48,98390.36,26366.13
2024-04,Brand F - Cream,F-01,Wholesale,1754,1877373.93,168629.87,1708744.06,1072169.42,18075.89,131376.22,23767.21
2024-05,Brand F - Cream,F-01,Wholesale,1974,2112151.45,304163.67,1807987.78,1138571.59,15099.03,147698.47,18157.16
2024-06,Brand F - Cream,F-01,Wholesale,1921,2056243.66,199495.58,1856748.08,1169226.07,21285.17,156909.87,38741.56
2024-07,Brand F - Cream,F-01,Wholesale,2162,2313867.0,210922.1,2102944.9,1347687.26,29562.08,221851.86,22697.76
2024-08,Brand F - Cream,F-01,Wholesale,1775,1899674.69,247323.88,1652350.81,1103137.73,10713.63,192690.52,29658.36
2024-09,Brand F - Cream,F-01,Wholesale,1548,1656542.46,177677.92,1478864.54,973214.75,15385.96,109407.7,19049.77
2024-10,Brand F - Cream,F-01,Wholesale,1825,1953399.85,273644.81,1679755.04,1081968.88,12879.59,178857.21,26485.15
2024-11,Brand F - Cream,F-01,Wholesale,1670,1787755.93,205630.29,1582125.64,1001794.54,15145.17,100119.08,20114.03
2024-12,Brand F - Cream,F-01,Wholesale,1799,1925324.35,182116.23,1743208.12,1164756.16,17288.97,140627.83,40943.7
2025-01,Brand F - Cream,F-01,Wholesale,1583,1693737.4,236848.66,1456888.73,933351.71,19242.09,147571.25,19916.85
2025-02,Brand F - Cream,F-01,Wholesale,1743,1864867.97,216021.39,1648846.57,1062711.9,16234.96,105531.49,31662.3
2025-03,Brand F - Cream,F-01,Wholesale,1765,1888462.25,275002.84,1613459.41,1029194.99,12645.3,157155.53,40282.1
2025-04,Brand F - Cream,F-01,Wholesale,2124,2272909.9,270157.55,2002752.36,1328384.65,29308.26,149277.22,29232.9
2025-05,Brand F - Cream,F-01,Wholesale,2183,2335919.47,368500.49,1967418.98,1243915.77,27269.69,134036.47,37692.74
2025-06,Brand F - Cream,F-01,Wholesale,2331,2494294.32,326279.08,2168015.25,1402963.36,25268.85,133478.44,33938.7
2025-07,Brand F - Cream,F-01,Wholesale,2126,2275663.98,206147.25,2069516.73,1331202.7,21662.95,198155.64,32592.3
2025-08,Brand F - Cream,F-01,Wholesale,2062,2206791.91,266180.45,1940611.46,1269154.08,12824.02,148379.55,25892.98
2025-09,Brand F - Cream,F-01,Wholesale,1790,1915792.23,251817.67,1663974.56,1070275.27,23393.44,143442.15,22764.66
2025-10,Brand F - Cream,F-01,Wholesale,1992,2131896.41,200368.74,1931527.68,1265702.64,18692.72,134816.46,25060.97
2025-11,Brand F - Cream,F-01,Wholesale,1732,1853291.51,240200.85,1613090.66,1006866.15,16712.72,191304.35,21369.28
2025-12,Brand F - Cream,F-01,Wholesale,1744,1866913.05,277045.58,1589867.47,1023204.19,21156.12,125208.58,35336.31
2024-01,Brand F - Cream,F-01,HoReCa,535,572593.27,62426.32,510166.96,342127.57,6402.02,51337.74,6419.83
2024-02,Brand F - Cream,F-01,HoReCa,377,403219.66,62020.39,341199.26,226090.13,3691.08,28660.36,3876.62
2024-03,Brand F - Cream,F-01,HoReCa,554,593343.89,74598.04,518745.85,343691.84,8758.34,39142.35,7510.76
2024-04,Brand F - Cream,F-01,HoReCa,570,610413.15,75077.96,535335.19,332568.74,9703.94,46407.1,10338.41
2024-05,Brand F - Cream,F-01,HoReCa,622,665457.83,96832.64,568625.19,360630.15,5814.8,61072.89,14138.91
2024-06,Brand F - Cream,F-01,HoReCa,684,732171.4,101481.71,630689.69,404312.98,8215.73,57124.43,11246.34
2024-07,Brand F - Cream,F-01,HoReCa,693,742172.27,69794.73,672377.54,447188.92,12358.33,54681.24,7114.75
2024-08,Brand F - Cream,F-01,HoReCa,712,762289.61,76517.61,685772.0,450330.14,10004.09,61572.98,10531.33
2024-09,Brand F - Cream,F-01,HoReCa,668,715087.02,98935.48,616151.53,396927.66,11015.83,69129.81,13365.87
2024-10,Brand F - Cream,F-01,HoReCa,601,643516.05,96757.1,546758.94,351022.33,5957.58,54555.42,7218.99
2024-11,Brand F - Cream,F-01,HoReCa,553,591694.01,83021.18,508672.83,325059.44,4799.37,47960.82,12203.81
2024-12,Brand F - Cream,F-01,HoReCa,612,654599.73,74092.49,580507.24,369341.86,10841.16,61534.6,5973.17
2025-01,Brand F - Cream,F-01,HoReCa,549,587178.44,93598.02,493580.42,308564.06,4799.25,49521.5,5490.06
2025-02,Brand F - Cream,F-01,HoReCa,603,644973.95,72107.56,572866.39,365797.97,9023.35,59071.97,11443.36
2025-03,Brand F - Cream,F-01,HoReCa,646,691039.35,87826.25,603213.1,392757.64,9353.08,67319.55,12448.82
2025-04,Brand F - Cream,F-01,HoReCa,769,823370.12,96007.96,727362.16,475183.75,9565.75,61818.8,10520.46
2025-05,Brand F - Cream,F-01,HoReCa,779,833597.61,80144.81,753452.8,493060.11,7086.97,46294.87,15227.42
2025-06,Brand F - Cream,F-01,HoReCa,807,863139.4,77153.59,785985.81,519856.96,10075.16,69158.86,10232.55
2025-07,Brand F - Cream,F-01,HoReCa,700,748968.53,110023.22,638945.31,416706.62,7357.35,41840.96,11093.24
2025-08,Brand F - Cream,F-01,HoReCa,745,797218.72,66194.4,731024.32,485560.56,13562.0,79639.22,14388.52
2025-09,Brand F - Cream,F-01,HoReCa,631,675801.04,81391.52,594409.52,380608.46,10604.06,51700.63,8599.78
2025-10,Brand F - Cream,F-01,HoReCa,676,723100.82,60953.32,662147.49,432557.72,7110.66,40559.55,13598.71
2025-11,Brand F - Cream,F-01,HoReCa,688,735897.83,64682.49,671215.35,440037.95,9391.7,45871.95,9058.62
2025-12,Brand F - Cream,F-01,HoReCa,512,548034.1,52931.18,495102.92,311124.02,9358.63,44147.24,12244.13
2024-01,Brand F - Cream,F-01,E-commerce,316,338017.91,32617.35,305400.56,199990.78,4322.05,27279.9,6075.29
2024-02,Brand F - Cream,F-01,E-commerce,321,343283.82,42043.59,301240.24,190842.47,2189.25,26904.69,4149.5
2024-03,Brand F - Cream,F-01,E-commerce,407,435771.08,48382.84,387388.24,250811.09,3813.97,34688.84,9240.82
2024-04,Brand F - Cream,F-01,E-commerce,445,476739.89,41123.09,435616.8,292642.21,3734.22,38614.83,7010.13
2024-05,Brand F - Cream,F-01,E-commerce,433,463053.32,46341.25,416712.07,272887.29,4563.43,46110.12,4544.12
2024-06,Brand F - Cream,F-01,E-commerce,456,487652.15,55414.72,432237.43,273262.92,6289.65,28205.22,9772.85
2024-07,Brand F - Cream,F-01,E-commerce,416,445287.65,38189.9,407097.74,254582.24,3550.7,39230.73,5595.14
2024-08,Brand F - Cream,F-01,E-commerce,474,507504.4,57999.22,449505.18,293218.39,5488.59,44846.8,4573.99
2024-09,Brand F - Cream,F-01,E-commerce,366,391707.42,34518.91,357188.51,232565.09,2283.22,41752.48,6429.89
2024-10,Brand F - Cream,F-01,E-commerce,395,423059.66,67471.46,355588.2,237851.91,2746.49,37996.23,6824.46
2024-11,Brand F - Cream,F-01,E-commerce,402,430350.79,59790.62,370560.17,244914.17,3628.61,31194.02,7694.72
2024-12,Brand F - Cream,F-01,E-commerce,409,437248.86,51781.93,385466.93,248133.34,3859.24,25492.89,4312.64
2025-01,Brand F - Cream,F-01,E-commerce,469,501773.28,75464.72,426308.56,266959.64,5035.01,30172.36,5362.91
2025-02,Brand F - Cream,F-01,E-commerce,392,419096.27,58727.27,360369.0,226653.81,4861.86,35665.79,4109.59
2025-03,Brand F - Cream,F-01,E-commerce,385,412323.94,34359.03,377964.91,249833.66,3182.3,39502.76,4851.19
2025-04,Brand F - Cream,F-01,E-commerce,427,457126.07,58476.87,398649.19,259726.62,4794.81,28215.54,8182.5
2025-05,Brand F - Cream,F-01,E-commerce,469,501659.82,58942.57,442717.24,286503.37,2912.57,41811.58,5734.03
2025-06,Brand F - Cream,F-01,E-commerce,405,433886.02,55532.35,378353.67,245816.51,3323.07,42870.11,4970.38
2025-07,Brand F - Cream,F-01,E-commerce,450,481393.51,42112.69,439280.82,274165.37,3317.73,40964.94,7474.51
2025-08,Brand F - Cream,F-01,E-commerce,462,494410.34,68450.31,425960.04,286127.08,2920.15,39213.99,5184.94
2025-09,Brand F - Cream,F-01,E-commerce,472,505014.91,62132.35,442882.56,281556.62,4618.04,28047.22,8381.46
2025-10,Brand F - Cream,F-01,E-commerce,403,430995.06,45908.27,385086.79,249445.6,3836.13,43843.75,5141.34
2025-11,Brand F - Cream,F-01,E-commerce,382,409299.1,41617.56,367681.54,235065.49,4441.68,39083.05,3711.55
2025-12,Brand F - Cream,F-01,E-commerce,462,494085.28,65214.77,428870.51,278510.2,4730.79,45629.09,9829.18
2024-01,Brand F - Cream,F-02,Modern Trade,3289,3290005.16,406830.52,2883174.64,1881685.77,40636.33,307693.11,49945.56
2024-02,Brand F - Cream,F-02,Modern Trade,4388,4389382.27,425595.15,3963787.12,2481635.96,47550.81,467500.96,94837.57
2024-03,Brand F - Cream,F-02,Modern Trade,3007,3007906.0,418544.7,2589361.31,1698129.29,21106.83,194024.66,52266.77
2024-04,Brand F - Cream,F-02,Modern Trade,3790,3791313.4,568767.75,3222545.65,2103597.27,30282.32,347160.42,77303.15
2024-05,Brand F - Cream,F-02,Modern Trade,4640,4641050.21,722733.14,3918317.07,2444318.53,28581.6,435910.95,72955.28
2024-06,Brand F - Cream,F-02,Modern Trade,3358,3359291.6,421129.68,2938161.92,1855547.31,21625.51,294532.37,45127.34
2024-07,Brand F - Cream,F-02,Modern Trade,5132,5133358.22,685640.61,4447717.61,2924676.51,61771.91,458116.56,77858.84
2024-08,Brand F - Cream,F-02,Modern Trade,4181,4181926.79,523229.12,3658697.67,2457285.07,36877.3,417544.39,59884.42
2024-09,Brand F - Cream,F-02,Modern Trade,4397,4398278.13,419584.09,3978694.04,2504897.46,46895.68,404458.05,70971.76
2024-10,Brand F - Cream,F-02,Modern Trade,3640,3640930.26,402084.12,3238846.14,2170940.98,23872.56,351514.06,74357.8
2024-11,Brand F - Cream,F-02,Modern Trade,3278,3278603.23,484307.23,2794296.0,1819494.93,41117.92,211500.05,42017.67
2024-12,Brand F - Cream,F-02,Modern Trade,4038,4039434.69,632075.28,3407359.41,2120395.24,24899.6,357435.57,50560.7
2025-01,Brand F - Cream,F-02,Modern Trade,3678,3679066.53,297626.79,3381439.73,2126999.55,23682.93,347932.94,38504.88
2025-02,Brand F - Cream,F-02,Modern Trade,3846,3847286.45,605402.83,3241883.61,2174193.84,43729.87,373788.73,74483.02
2025-03,Brand F - Cream,F-02,Modern Trade,4799,4800528.0,608689.36,4191838.64,2636143.92,41633.06,396576.32,58232.63
2025-04,Brand F - Cream,F-02,Modern Trade,4322,4322776.45,654952.66,3667823.79,2306689.07,60144.61,380380.46,54709.67
2025-05,Brand F - Cream,F-02,Modern Trade,4520,4521751.72,492722.82,4029028.91,2537733.19,40711.31,384715.43,95563.79
2025-06,Brand F - Cream,F-02,Modern Trade,5056,5057374.77,779687.95,4277686.82,2727132.78,44162.34,452923.72,52167.53
2025-07,Brand F - Cream,F-02,Modern Trade,4961,4961997.91,527676.19,4434321.73,2964925.84,51719.43,327749.31,48887.24
2025-08,Brand F - Cream,F-02,Modern Trade,5306,5307228.67,560908.88,4746319.79,3064926.29,41667.16,400285.5,111930.06
2025-09,Brand F - Cream,F-02,Modern Trade,3581,3581734.73,371269.96,3210464.77,2088731.52,46815.14,209176.02,65468.97
2025-10,Brand F - Cream,F-02,Modern Trade,4070,4071436.59,572048.19,3499388.4,2332447.84,43494.05,302241.79,74256.42
2025-11,Brand F - Cream,F-02,Modern Trade,4585,4586564.79,610477.84,3976086.95,2608565.64,59705.83,325310.61,72428.84
2025-12,Brand F - Cream,F-02,Modern Trade,4154,4154763.75,494961.23,3659802.52,2332582.43,48560.87,303018.36,51403.95
2024-01,Brand F - Cream,F-02,Wholesale,2739,2739333.31,223241.22,2516092.09,1679026.19,33195.68,244989.36,28470.44
2024-02,Brand F - Cream,F-02,Wholesale,2674,2674965.55,412844.89,2262120.66,1491152.88,16347.55,163504.77,51118.38
2024-03,Brand F - Cream,F-02,Wholesale,3321,3321719.82,486834.16,2834885.66,1813630.87,27094.64,232508.59,70154.79
2024-04,Brand F - Cream,F-02,Wholesale,3404,3404991.45,300863.16,3104128.29,2017333.37,43876.66,295377.93,58709.32
2024-05,Brand F - Cream,F-02,Wholesale,2804,2804811.77,251418.17,2553393.59,1696071.01,29644.56,202319.86,41217.34
2024-06,Brand F - Cream,F-02,Wholesale,4350,4351723.98,641809.02,3709914.96,2332057.73,56520.7,309840.49,50933.13
2024-07,Brand F - Cream,F-02,Wholesale,3029,3029541.18,483041.45,2546499.73,1671806.26,24038.89,263941.36,54485.92
2024-08,Brand F - Cream,F-02,Wholesale,3000,3000712.55,404906.14,2595806.41,1679075.11,34822.63,268464.79,29275.48
2024-09,Brand F - Cream,F-02,Wholesale,2891,2892163.38,348238.59,2543924.79,1696937.11,21744.86,248169.8,29302.7
2024-10,Brand F - Cream,F-02,Wholesale,2584,2584288.13,281905.21,2302382.92,1508771.57,18072.58,218249.51,37255.7
2024-11,Brand F - Cream,F-02,Wholesale,2972,2972644.39,329831.93,2642812.45,1745007.98,24179.18,266039.31,51539.76
2024-12,Brand F - Cream,F-02,Wholesale,2778,2778811.33,259742.57,2519068.76,1581392.45,38062.35,182273.96,59523.3
2025-01,Brand F - Cream,F-02,Wholesale,2987,2987908.59,448331.3,2539577.29,1653561.57,34460.03,196179.64,56157.79
2025-02,Brand F - Cream,F-02,Wholesale,3257,3257780.15,451364.33,2806415.82,1843751.42,37440.17,286851.85,46145.6
2025-03,Brand F - Cream,F-02,Wholesale,2882,2882581.27,396533.7,2486047.57,1566141.58,31764.03,237418.2,50882.31
2025-04,Brand F - Cream,F-02,Wholesale,3438,3439375.13,334213.56,3105161.56,1995158.42,33865.23,306423.55,48078.85
2025-05,Brand F - Cream,F-02,Wholesale,3580,3581058.98,314470.39,3266588.59,2056648.78,37817.77,238453.32,75933.36
2025-06,Brand F - Cream,F-02,Wholesale,4100,4100775.42,373251.96,3727523.46,2435943.2,41316.7,384166.18,50315.47
2025-07,Brand F - Cream,F-02,Wholesale,3734,3735231.78,347965.66,3387266.12,2224295.03,43365.92,406150.48,46719.66
2025-08,Brand F - Cream,F-02,Wholesale,3818,3818815.47,387781.78,3431033.69,2265288.34,27482.25,371119.23,82674.22
2025-09,Brand F - Cream,F-02,Wholesale,3333,3333504.23,286044.47,3047459.76,1947770.04,33219.76,290677.24,39766.49
2025-10,Brand F - Cream,F-02,Wholesale,2977,2977924.02,296690.08,2681233.95,1797082.18,39266.01,245903.05,40712.11
2025-11,Brand F - Cream,F-02,Wholesale,3019,3020162.01,308186.64,2711975.37,1702256.85,38148.08,206499.54,61887.24
2025-12,Brand F - Cream,F-02,Wholesale,3427,3428333.98,276761.7,3151572.28,1998907.63,20757.89,342320.95,73482.47
2024-01,Brand F - Cream,F-02,HoReCa,940,940594.97,89151.97,851443.0,528648.32,13610.0,55666.89,14875.01
2024-02,Brand F - Cream,F-02,HoReCa,918,918453.45,106778.62,811674.83,528988.76,13545.71,52079.85,17841.21
2024-03,Brand F - Cream,F-02,HoReCa,1165,1165207.87,182789.14,982418.73,649608.53,17150.72,104837.02,12580.73
2024-04,Brand F - Cream,F-02,HoReCa,1072,1072196.74,171044.95,901151.79,573363.06,15846.34,106435.56,16467.65
2024-05,Brand F - Cream,F-02,HoReCa,1154,1153966.13,103554.33,1050411.79,657684.65,22182.06,102014.57,17926.98
2024-06,Brand F - Cream,F-02,HoReCa,1217,1217156.59,171234.85,1045921.73,683054.06,16272.17,69211.46,25405.08
2024-07,Brand F - Cream,F-02,HoReCa,1128,1128009.31,151852.49,976156.82,620193.57,13865.61,89727.06,24216.08
2024-08,Brand F - Cream,F-02,HoReCa,1161,1161063.85,107586.4,1053477.45,675539.78,18572.96,84322.52,25149.55
2024-09,Brand F - Cream,F-02,HoReCa,1208,1208574.09,115799.18,1092774.92,724670.3,15342.51,93567.37,24879.04
2024-10,Brand F - Cream,F-02,HoReCa,892,892715.3,111804.35,780910.94,498314.73,14988.7,56844.44,12986.34
2024-11,Brand F - Cream,F-02,HoReCa,1171,1171236.33,104677.31,1066559.01,711764.12,14795.11,121014.19,16916.92
2024-12,Brand F - Cream,F-02,HoReCa,902,902273.38,136997.61,765275.78,500912.49,8543.43,66729.43,13215.35
2025-01,Brand F - Cream,F-02,HoReCa,1108,1108557.75,171643.42,936914.33,622024.59,9509.79,64219.23,22532.14
2025-02,Brand F - Cream,F-02,HoReCa,1084,1083887.17,157222.43,926664.74,609777.06,18908.62,70142.74,16697.22
2025-03,Brand F - Cream,F-02,HoReCa,1155,1155357.04,95225.96,1060131.07,666170.62,17669.69,126241.72,14248.23
2025-04,Brand F - Cream,F-02,HoReCa,1185,1185698.28,121575.0,1064123.29,710937.49,18061.34,120752.55,20792.16
2025-05,Brand F - Cream,F-02,HoReCa,1242,1241957.49,117555.26,1124402.23,706080.35,17178.6,108204.69,12698.15
2025-06,Brand F - Cream,F-02,HoReCa,1272,1272768.2,126912.0,1145856.2,743228.9,14496.68,116236.93,12643.15
2025-07,Brand F - Cream,F-02,HoReCa,1310,1310688.78,143391.17,1167297.61,725963.62,13159.47,110091.23,21381.8
2025-08,Brand F - Cream,F-02,HoReCa,1358,1357919.86,182433.36,1175486.5,755120.1,21578.87,91856.51,25367.42
2025-09,Brand F - Cream,F-02,HoReCa,1258,1258683.04,199007.01,1059676.04,706187.37,20256.55,78198.75,19736.36
2025-10,Brand F - Cream,F-02,HoReCa,991,991110.76,134566.97,856543.79,553509.54,14548.07,72909.4,12323.24
2025-11,Brand F - Cream,F-02,HoReCa,1055,1055732.66,159228.31,896504.36,576043.12,18797.82,79272.11,18571.05
2025-12,Brand F - Cream,F-02,HoReCa,1080,1080096.13,107134.0,972962.13,653688.95,15885.65,69565.26,9833.47
2024-01,Brand F - Cream,F-02,E-commerce,541,540869.82,75692.39,465177.43,309295.4,6746.73,49244.37,10354.66
2024-02,Brand F - Cream,F-02,E-commerce,729,729576.53,114721.36,614855.17,402917.32,4722.09,41144.94,12730.86
2024-03,Brand F - Cream,F-02,E-commerce,739,739611.88,107834.6,631777.28,411177.63,5522.85,63036.88,8875.03
2024-04,Brand F - Cream,F-02,E-commerce,809,809730.22,100076.8,709653.43,466100.18,5253.02,68577.34,9832.79
2024-05,Brand F - Cream,F-02,E-commerce,671,671147.77,73682.28,597465.49,400577.23,5965.76,69083.58,7915.42
2024-06,Brand F - Cream,F-02,E-commerce,678,677928.46,67387.48,610540.98,398169.92,9095.61,58513.49,7463.44
2024-07,Brand F - Cream,F-02,E-commerce,748,747990.94,80050.7,667940.24,436072.43,6216.84,77125.19,8073.0
2024-08,Brand F - Cream,F-02,E-commerce,732,731925.17,114197.62,617727.55,394181.81,7493.02,69620.07,14449.34
2024-09,Brand F - Cream,F-02,E-commerce,777,776739.28,108355.56,668383.72,419765.43,9477.24,47301.15,12027.3
2024-10,Brand F - Cream,F-02,E-commerce,735,735030.22,70938.23,664091.99,419907.42,8621.33,70391.15,13434.85
2024-11,Brand F - Cream,F-02,E-commerce,658,657904.05,61600.35,596303.7,398673.65,6059.91,69440.16,12444.76
2024-12,Brand F - Cream,F-02,E-commerce,610,610429.16,90856.29,519572.87,329539.71,3686.36,40281.54,8827.58
2025-01,Brand F - Cream,F-02,E-commerce,719,719261.9,105593.95,613667.96,406171.68,9779.1,44392.51,7654.0
2025-02,Brand F - Cream,F-02,E-commerce,770,770481.84,96969.42,673512.43,438648.51,5279.12,44284.07,15726.44
2025-03,Brand F - Cream,F-02,E-commerce,891,891383.13,92922.95,798460.18,526136.39,11106.75,77058.94,17436.89
2025-04,Brand F - Cream,F-02,E-commerce,820,820124.84,126153.4,693971.44,461346.66,5747.57,70730.8,11834.78
2025-05,Brand F - Cream,F-02,E-commerce,775,775626.02,110854.97,664771.05,422839.61,10540.89,79640.53,15539.26
2025-06,Brand F - Cream,F-02,E-commerce,840,840262.76,101123.84,739138.92,474556.48,7253.12,76457.82,11344.59
2025-07,Brand F - Cream,F-02,E-commerce,803,802922.91,121919.92,681002.98,443619.71,5918.47,49353.55,16400.37
2025-08,Brand F - Cream,F-02,E-commerce,874,874672.8,99697.85,774974.95,504037.91,8755.04,81786.87,15233.59
2025-09,Brand F - Cream,F-02,E-commerce,807,807542.08,83570.54,723971.54,462726.43,5620.99,53806.04,12095.04
2025-10,Brand F - Cream,F-02,E-commerce,645,644855.22,58000.1,586855.11,394093.47,5725.56,69460.18,13079.28
2025-11,Brand F - Cream,F-02,E-commerce,820,820223.79,113713.83,706509.96,461480.0,9215.78,60989.17,16322.43
2025-12,Brand F - Cream,F-02,E-commerce,765,764921.45,122188.46,642732.99,425280.66,8197.43,65207.3,10292.96
2024-01,Brand F - Cream,F-03,Modern Trade,675,554074.33,85382.17,468692.16,301634.96,6319.96,30736.13,8277.13
2024-02,Brand F - Cream,F-03,Modern Trade,623,511696.78,75065.39,436631.39,282289.72,4027.61,47303.5,9545.74
2024-03,Brand F - Cream,F-03,Modern Trade,644,528351.18,56813.79,471537.39,311423.22,4902.66,39559.54,10593.77
2024-04,Brand F - Cream,F-03,Modern Trade,895,734916.39,101958.23,632958.16,404077.71,5751.23,57661.78,8485.03
2024-05,Brand F - Cream,F-03,Modern Trade,741,608590.65,85596.78,522993.87,333739.21,7471.98,56686.05,5289.5
2024-06,Brand F - Cream,F-03,Modern Trade,856,702368.48,101343.6,601024.88,389131.34,5266.72,65570.26,11295.15
2024-07,Brand F - Cream,F-03,Modern Trade,914,750003.91,69924.18,680079.73,424030.83,7159.79,58978.1,11235.87
2024-08,Brand F - Cream,F-03,Modern Trade,781,641105.82,84241.77,556864.05,370882.28,8700.97,43448.43,12233.31
2024-09,Brand F - Cream,F-03,Modern Trade,1011,830173.34,97874.41,732298.93,480961.34,9693.88,58323.25,15652.86
2024-10,Brand F - Cream,F-03,Modern Trade,844,692983.99,60393.43,632590.56,412331.15,7952.64,52630.47,10644.78
2024-11,Brand F - Cream,F-03,Modern Trade,697,572444.73,50576.84,521867.88,334145.91,6091.09,33376.26,5947.1
2024-12,Brand F - Cream,F-03,Modern Trade,836,686650.39,95861.1,590789.29,379272.73,6337.37,68458.2,6696.19
2025-01,Brand F - Cream,F-03,Modern Trade,898,737315.21,62219.56,675095.65,449375.49,11631.18,65628.42,7592.36
2025-02,Brand F - Cream,F-03,Modern Trade,749,614565.04,67412.66,547152.39,359561.54,5875.19,47154.34,7918.73
2025-03,Brand F - Cream,F-03,Modern Trade,841,690616.99,104227.65,586389.34,383299.74,10432.33,55593.04,11402.04
2025-04,Brand F - Cream,F-03,Modern Trade,958,786278.27,72136.81,714141.46,457294.62,6742.32,79612.88,11003.78
2025-05,Brand F - Cream,F-03,Modern Trade,990,812963.01,88581.25,724381.76,480036.15,13276.53,77882.52,12952.95
2025-06,Brand F - Cream,F-03,Modern Trade,1034,849010.96,98201.93,750809.04,477679.99,14146.5,73645.71,10616.01
2025-07,Brand F - Cream,F-03,Modern Trade,1025,841717.37,69817.8,771899.56,486975.86,10904.51,53663.29,9131.46
2025-08,Brand F - Cream,F-03,Modern Trade,1184,972421.46,99447.32,872974.14,573965.1,14430.52,100805.89,18180.34
2025-09,Brand F - Cream,F-03,Modern Trade,955,784350.38,65160.05,719190.32,463346.73,13326.8,68171.17,11206.2
2025-10,Brand F - Cream,F-03,Modern Trade,815,669378.13,104641.56,564736.56,361045.81,6143.47,64326.32,10977.67
2025-11,Brand F - Cream,F-03,Modern Trade,809,663978.41,80940.64,583037.77,375970.58,10620.51,58247.25,13318.82
2025-12,Brand F - Cream,F-03,Modern Trade,881,723031.17,109746.24,613284.93,394312.46,7446.6,66639.94,13894.17
2024-01,Brand F - Cream,F-03,Wholesale,510,418886.49,60126.13,358760.37,230375.46,4981.85,31155.04,4791.31
2024-02,Brand F - Cream,F-03,Wholesale,640,525185.25,54544.66,470640.59,299948.03,6447.93,33788.74,11287.16
2024-03,Brand F - Cream,F-03,Wholesale,627,514905.13,73810.19,441094.94,275219.3,7695.84,26927.15,6729.67
2024-04,Brand F - Cream,F-03,Wholesale,605,496881.9,77681.58,419200.32,268153.45,7384.64,35490.8,5239.05
2024-05,Brand F - Cream,F-03,Wholesale,607,498164.14,78688.07,419476.07,269960.31,6957.05,25757.82,5963.1
2024-06,Brand F - Cream,F-03,Wholesale,598,490719.55,62197.61,428521.95,271377.68,7747.69,42239.56,10395.95
2024-07,Brand F - Cream,F-03,Wholesale,708,581440.38,57796.39,523643.99,347418.44,9516.68,38237.95,13067.28
2024-08,Brand F - Cream,F-03,Wholesale,689,565517.61,78527.78,486989.83,308065.01,9013.24,45538.29,10516.17
2024-09,Brand F - Cream,F-03,Wholesale,602,494626.94,69060.56,425566.38,265642.59,7079.67,37597.87,6702.8
2024-10,Brand F - Cream,F-03,Wholesale,601,493519.54,68015.1,425504.44,267801.11,8409.2,41363.26,7981.67
2024-11,Brand F - Cream,F-03,Wholesale,620,508986.52,49882.58,459103.95,294495.78,8121.73,28472.33,8451.01
2024-12,Brand F - Cream,F-03,Wholesale,590,484593.67,67209.42,417384.24,260016.71,7884.45,40054.88,8320.02
2025-01,Brand F - Cream,F-03,Wholesale,617,506546.47,54374.48,452172.0,282262.94,6253.49,28690.81,9488.2
2025-02,Brand F - Cream,F-03,Wholesale,628,515703.65,64426.5,451277.14,292462.47,6973.77,28368.4,9573.46
2025-03,Brand F - Cream,F-03,Wholesale,702,576537.18,53529.79,523007.39,335904.6,5219.33,33668.73,9700.72
2025-04,Brand F - Cream,F-03,Wholesale,906,743510.35,118461.33,625049.02,391107.98,12577.66,65486.36,14650.93
2025-05,Brand F - Cream,F-03,Wholesale,800,656832.73,98253.48,558579.25,369942.98,6674.03,49827.51,9409.08
2025-06,Brand F - Cream,F-03,Wholesale,864,709165.98,63383.07,645782.91,433279.61,10218.95,70995.98,14214.47
2025-07,Brand F - Cream,F-03,Wholesale,712,584918.12,65895.0,519023.12,323322.31,7322.31,57004.97,6920.7
2025-08,Brand F - Cream,F-03,Wholesale,748,614266.47,86611.22,527655.25,343472.09,4942.42,48612.85,10018.91
2025-09,Brand F - Cream,F-03,Wholesale,683,560368.45,81730.82,478637.63,302768.32,7672.0,35531.99,5802.63
2025-10,Brand F - Cream,F-03,Wholesale,798,655217.37,79706.15,575511.21,375993.41,11137.66,64525.17,14147.77
2025-11,Brand F - Cream,F-03,Wholesale,545,447082.52,40671.32,406411.19,271182.04,6729.32,28120.12,8474.19
2025-12,Brand F - Cream,F-03,Wholesale,614,503917.21,56617.97,447299.24,287514.4,8236.67,29532.14,8858.75
2024-01,Brand F - Cream,F-03,HoReCa,208,170569.39,21824.97,148744.42,94903.3,2169.86,16154.14,2298.05
2024-02,Brand F - Cream,F-03,HoReCa,199,163060.19,19590.68,143469.51,91842.52,3481.89,13178.0,3482.62
2024-03,Brand F - Cream,F-03,HoReCa,224,183603.57,25467.67,158135.89,105364.13,3992.73,13012.37,1997.01
2024-04,Brand F - Cream,F-03,HoReCa,222,182239.12,29143.19,153095.92,100412.87,3238.4,10048.99,2775.01
2024-05,Brand F - Cream,F-03,HoReCa,254,208818.54,28796.65,180021.89,112970.93,4456.02,15566.3,2546.54
2024-06,Brand F - Cream,F-03,HoReCa,212,173840.6,22992.36,150848.24,95829.68,3335.83,11107.87,1868.64
2024-07,Brand F - Cream,F-03,HoReCa,260,213583.5,17190.65,196392.85,130954.87,3520.0,17411.02,2745.89
2024-08,Brand F - Cream,F-03,HoReCa,226,185837.91,22067.6,163770.31,109177.38,2627.14,11840.38,4006.38
2024-09,Brand F - Cream,F-03,HoReCa,216,177146.48,24140.99,153005.48,98288.46,2680.57,11878.32,2315.4
2024-10,Brand F - Cream,F-03,HoReCa,205,168372.69,24445.13,143927.55,93287.38,2176.32,9117.31,3122.27
2024-11,Brand F - Cream,F-03,HoReCa,183,150509.39,15866.18,134643.21,87969.79,3273.08,10775.19,2533.92
2024-12,Brand F - Cream,F-03,HoReCa,226,185604.83,18769.28,166835.54,104920.16,2309.21,13112.65,4099.63
2025-01,Brand F - Cream,F-03,HoReCa,180,147900.45,14294.04,133606.41,87308.75,2431.2,9504.47,1440.33
2025-02,Brand F - Cream,F-03,HoReCa,214,175610.06,24818.36,150791.69,97083.14,3348.7,12912.82,1894.32
2025-03,Brand F - Cream,F-03,HoReCa,245,201356.04,30352.75,171003.3,107304.9,2363.02,18923.51,4017.92
2025-04,Brand F - Cream,F-03,HoReCa,252,207098.78,18186.31,188912.47,120362.81,3780.3,13523.08,4149.84
2025-05,Brand F - Cream,F-03,HoReCa,250,205582.79,16843.79,188739.0,124405.61,3976.55,17717.92,3180.59
2025-06,Brand F - Cream,F-03,HoReCa,238,195644.49,19177.64,176466.84,113230.95,3638.73,16110.07,3894.8
2025-07,Brand F - Cream,F-03,HoReCa,304,249313.91,34517.31,214796.6,137239.63,3512.22,21743.06,2984.98
2025-08,Brand F - Cream,F-03,HoReCa,225,184872.89,29018.86,155854.04,97866.08,3917.51,16533.24,2272.1
2025-09,Brand F - Cream,F-03,HoReCa,242,198413.02,30498.14,167914.88,110825.52,4673.1,19358.73,2358.07
2025-10,Brand F - Cream,F-03,HoReCa,209,171418.01,21641.5,149776.52,98228.31,3534.05,10514.07,3619.0
2025-11,Brand F - Cream,F-03,HoReCa,194,159327.62,16218.9,143108.72,90805.65,3126.03,12322.2,2201.71
2025-12,Brand F - Cream,F-03,HoReCa,214,175802.23,14104.22,161698.01,108388.17,2477.81,14740.54,3190.69
2024-01,Brand F - Cream,F-03,E-commerce,125,102976.22,11420.09,91556.13,59801.36,1650.79,7736.54,970.54
2024-02,Brand F - Cream,F-03,E-commerce,128,105000.18,9211.07,95789.11,60726.87,802.59,9758.36,1308.03
2024-03,Brand F - Cream,F-03,E-commerce,126,103165.79,15150.18,88015.61,56060.04,1063.5,10298.61,880.74
2024-04,Brand F - Cream,F-03,E-commerce,167,137040.59,19243.15,117797.44,78119.95,1500.49,12225.33,1707.13
2024-05,Brand F - Cream,F-03,E-commerce,144,118424.8,16481.39,101943.4,64097.39,1365.81,9298.56,1223.9
2024-06,Brand F - Cream,F-03,E-commerce,156,128448.29,11575.67,116872.62,78471.43,1778.87,13691.02,2409.53
2024-07,Brand F - Cream,F-03,E-commerce,168,137806.33,20752.92,117053.41,77734.84,1210.93,7478.43,1346.68
2024-08,Brand F - Cream,F-03,E-commerce,170,139775.53,18184.81,121590.72,76570.2,2055.81,10063.18,2464.71
2024-09,Brand F - Cream,F-03,E-commerce,144,118343.05,9471.12,108871.93,67786.28,1535.87,11195.25,1919.26
2024-10,Brand F - Cream,F-03,E-commerce,126,103475.49,12208.45,91267.04,56973.02,1181.62,5908.9,1755.78
2024-11,Brand F - Cream,F-03,E-commerce,121,99444.46,14934.58,84509.88,52938.45,1298.51,6354.4,914.75
2024-12,Brand F - Cream,F-03,E-commerce,133,108780.09,10129.8,98650.29,65328.95,1483.89,10178.48,1202.35
2025-01,Brand F - Cream,F-03,E-commerce,125,102646.94,12330.94,90315.99,57829.92,1107.85,9930.42,2220.34
2025-02,Brand F - Cream,F-03,E-commerce,150,123051.41,14983.73,108067.69,72035.01,1065.31,6685.41,1754.32
2025-03,Brand F - Cream,F-03,E-commerce,146,120021.75,14770.4,105251.35,66606.19,1566.14,9181.32,1513.48
2025-04,Brand F - Cream,F-03,E-commerce,180,147423.81,16257.46,131166.35,86322.48,1113.06,12018.08,2388.93
2025-05,Brand F - Cream,F-03,E-commerce,155,127311.25,14030.66,113280.59,71519.43,2091.58,8723.19,1516.93
2025-06,Brand F - Cream,F-03,E-commerce,183,149893.95,22402.07,127491.87,82396.6,1341.46,8704.29,2814.27
2025-07,Brand F - Cream,F-03,E-commerce,185,151484.79,16722.37,134762.42,84047.07,1355.87,12366.65,1382.56
2025-08,Brand F - Cream,F-03,E-commerce,175,143400.12,19879.97,123520.16,81825.04,1061.32,11749.59,1458.61
2025-09,Brand F - Cream,F-03,E-commerce,175,143526.77,14958.24,128568.53,83039.2,1268.33,7740.34,1987.17
2025-10,Brand F - Cream,F-03,E-commerce,164,134859.41,21512.77,113346.65,74982.56,1854.46,7472.62,2407.77
2025-11,Brand F - Cream,F-03,E-commerce,134,110045.01,9343.93,100701.07,63510.45,1642.14,8684.11,2005.33
2025-12,Brand F - Cream,F-03,E-commerce,172,140945.29,13030.18,127915.11,82091.57,2364.71,14543.66,2418.1
2024-01,Brand F - Cream,F-04,Modern Trade,451,479315.95,20250.83,459065.12,308382.18,3212.19,11028.68,9022.46
2024-02,Brand F - Cream,F-04,Modern Trade,491,521566.11,32341.37,489224.73,312612.67,6352.09,23956.43,10051.75
2024-03,Brand F - Cream,F-04,Modern Trade,546,580058.64,22158.02,557900.63,368073.67,7534.37,25957.58,13089.73
2024-04,Brand F - Cream,F-04,Modern Trade,729,774510.81,27471.92,747038.88,493361.98,7070.24,34330.32,18141.49
2024-05,Brand F - Cream,F-04,Modern Trade,738,784027.05,46385.57,737641.48,479705.78,7231.49,34424.25,8047.57
2024-06,Brand F - Cream,F-04,Modern Trade,666,708494.62,31888.65,676605.97,420991.94,4648.46,23017.1,12315.75
2024-07,Brand F - Cream,F-04,Modern Trade,693,736908.6,41987.67,694920.93,464591.55,9335.2,25762.1,11398.5
2024-08,Brand F - Cream,F-04,Modern Trade,692,735325.65,31996.28,703329.37,441895.24,8271.65,17057.72,10177.14
2024-09,Brand F - Cream,F-04,Modern Trade,573,609075.69,45099.89,563975.81,378533.07,5797.85,18288.98,12631.23
2024-10,Brand F - Cream,F-04,Modern Trade,660,701977.18,52034.35,649942.82,424042.41,7626.92,26353.14,11129.69
2024-11,Brand F - Cream,F-04,Modern Trade,555,589818.3,44210.79,545607.51,359473.76,5394.4,17912.07,6545.38
2024-12,Brand F - Cream,F-04,Modern Trade,574,610634.4,33934.87,576699.53,382371.51,4387.68,13444.26,6987.23
2025-01,Brand F - Cream,F-04,Modern Trade,580,616610.34,32079.99,584530.36,374095.02,6553.6,17821.91,6292.81
2025-02,Brand F - Cream,F-04,Modern Trade,658,699393.7,24406.06,674987.64,422159.12,7332.09,19076.06,16017.41
2025-03,Brand F - Cream,F-04,Modern Trade,691,734983.75,40523.3,694460.45,443088.31,8661.94,20340.08,12839.09
2025-04,Brand F - Cream,F-04,Modern Trade,715,759827.37,49205.62,710621.75,453408.06,8976.52,16551.23,16988.16
2025-05,Brand F - Cream,F-04,Modern Trade,714,758952.33,45667.38,713284.96,446034.42,9660.06,28889.54,11436.87
2025-06,Brand F - Cream,F-04,Modern Trade,705,748948.86,27726.22,721222.64,481272.73,5476.35,23583.29,8681.06
2025-07,Brand F - Cream,F-04,Modern Trade,740,786737.09,62382.38,724354.71,476677.28,9866.47,34012.37,11161.44
2025-08,Brand F - Cream,F-04,Modern Trade,640,679858.14,36005.86,643852.28,430574.75,4701.06,16722.9,15928.27
2025-09,Brand F - Cream,F-04,Modern Trade,736,782750.1,46286.09,736464.02,494614.79,4765.49,23573.35,11075.75
2025-10,Brand F - Cream,F-04,Modern Trade,655,696519.76,54902.94,641616.82,429948.15,4384.06,16869.79,9475.55
2025-11,Brand F - Cream,F-04,Modern Trade,525,558598.12,17098.37,541499.75,341048.67,3344.8,14814.61,7099.15
2025-12,Brand F - Cream,F-04,Modern Trade,619,658314.06,44714.03,613600.03,411444.95,5009.25,27891.8,11866.11
2024-01,Brand F - Cream,F-04,Wholesale,379,402694.06,30896.19,371797.87,232729.07,4892.72,11817.51,7397.58
2024-02,Brand F - Cream,F-04,Wholesale,379,402939.55,31003.42,371936.13,232702.57,4374.12,13594.87,7691.26
2024-03,Brand F - Cream,F-04,Wholesale,551,585649.71,34351.49,551298.22,350006.16,7563.52,14527.59,7438.01
2024-04,Brand F - Cream,F-04,Wholesale,439,466196.82,31223.88,434972.94,277403.27,3524.68,12829.52,7229.07
2024-05,Brand F - Cream,F-04,Wholesale,539,572483.58,13059.3,559424.28,362662.46,4871.86,20374.18,10624.75
2024-06,Brand F - Cream,F-04,Wholesale,468,497219.18,32816.96,464402.22,306504.93,6384.11,21189.33,9867.97
2024-07,Brand F - Cream,F-04,Wholesale,506,538107.44,13072.74,525034.7,349110.48,5535.29,25238.07,8497.51
2024-08,Brand F - Cream,F-04,Wholesale,498,529392.45,26640.28,502752.17,317697.79,3512.98,23816.24,5657.98
2024-09,Brand F - Cream,F-04,Wholesale,459,488296.77,35580.99,452715.78,301671.72,5365.03,13271.81,7319.67
2024-10,Brand F - Cream,F-04,Wholesale,404,429531.89,14589.88,414942.01,267327.06,3216.8,14373.01,8381.51
2024-11,Brand F - Cream,F-04,Wholesale,470,499298.14,34005.59,465292.55,299147.42,5532.36,14871.37,9145.74
2024-12,Brand F - Cream,F-04,Wholesale,363,385907.53,8798.06,377109.47,253250.24,3374.16,13571.94,7764.32
2025-01,Brand F - Cream,F-04,Wholesale,465,494756.35,32828.92,461927.43,309112.64,2854.13,22438.84,11058.17
2025-02,Brand F - Cream,F-04,Wholesale,494,525542.46,40283.92,485258.53,322783.25,3356.57,23311.87,8324.97
2025-03,Brand F - Cream,F-04,Wholesale,419,445054.02,35197.65,409856.37,272032.87,4691.59,18733.65,8292.98
2025-04,Brand F - Cream,F-04,Wholesale,557,592478.24,29458.43,563019.81,353361.71,4799.39,14710.59,5655.02
2025-05,Brand F - Cream,F-04,Wholesale,524,556760.84,40193.98,516566.86,328767.86,7089.94,16917.81,9399.28
2025-06,Brand F - Cream,F-04,Wholesale,486,517140.8,15242.68,501898.12,332662.7,3280.26,10764.51,6738.06
2025-07,Brand F - Cream,F-04,Wholesale,526,558960.75,32781.58,526179.16,348840.86,4136.02,19441.34,11415.72
2025-08,Brand F - Cream,F-04,Wholesale,545,579411.69,30233.2,549178.49,343646.46,5373.32,15540.6,5819.03
2025-09,Brand F - Cream,F-04,Wholesale,511,543273.32,16368.84,526904.49,349094.84,4066.34,12122.02,7808.58
2025-10,Brand F - Cream,F-04,Wholesale,586,622828.24,31282.19,591546.05,375963.53,6352.97,21641.77,13710.02
2025-11,Brand F - Cream,F-04,Wholesale,467,496245.14,36794.37,459450.77,301010.41,5566.2,9381.36,10947.89
2025-12,Brand F - Cream,F-04,Wholesale,487,517525.88,23772.71,493753.17,328772.74,6811.26,23199.52,6347.63
2024-01,Brand F - Cream,F-04,HoReCa,141,149920.42,6140.29,143780.13,93137.38,2669.86,6609.44,1455.85
2024-02,Brand F - Cream,F-04,HoReCa,152,161270.64,8264.93,153005.71,99459.09,2201.93,4028.67,3709.95
2024-03,Brand F - Cream,F-04,HoReCa,157,167312.27,10616.02,156696.25,99651.63,2751.39,5554.81,3790.09
2024-04,Brand F - Cream,F-04,HoReCa,190,201851.11,9230.73,192620.37,119967.93,2390.95,4110.07,2310.15
2024-05,Brand F - Cream,F-04,HoReCa,169,179316.89,7927.38,171389.52,108495.43,2433.77,5367.57,2530.07
2024-06,Brand F - Cream,F-04,HoReCa,173,183936.2,5220.97,178715.22,114324.37,1799.4,6006.46,4271.08
2024-07,Brand F - Cream,F-04,HoReCa,204,217006.88,4377.08,212629.8,140756.48,2007.47,6909.39,3694.85
2024-08,Brand F - Cream,F-04,HoReCa,176,187200.35,10189.16,177011.19,117995.21,1974.29,6875.2,3977.14
2024-09,Brand F - Cream,F-04,HoReCa,169,179830.04,4417.22,175412.82,114649.31,1476.75,8288.43,4273.06
2024-10,Brand F - Cream,F-04,HoReCa,145,154594.25,4667.35,149926.9,99211.88,2226.71,4110.33,2829.3
2024-11,Brand F - Cream,F-04,HoReCa,109,116242.69,7867.1,108375.59,67337.33,1108.04,5383.93,1819.9
2024-12,Brand F - Cream,F-04,HoReCa,167,177380.48,9493.99,167886.49,106418.29,3071.88,4049.24,2008.89
2025-01,Brand F - Cream,F-04,HoReCa,150,159017.14,9824.78,149192.37,99149.27,1280.68,4269.44,1964.86
2025-02,Brand F - Cream,F-04,HoReCa,161,171072.15,6379.68,164692.47,107968.36,2470.01,6847.72,2562.57
2025-03,Brand F - Cream,F-04,HoReCa,156,165428.85,12487.91,152940.94,95014.15,2418.03,3335.13,2732.6
2025-04,Brand F - Cream,F-04,HoReCa,201,213965.35,8793.63,205171.72,137426.57,2219.32,6391.18,2078.45
2025-05,Brand F - Cream,F-04,HoReCa,194,206131.97,10792.58,195339.39,121305.33,3266.46,4448.31,4680.26
2025-06,Brand F - Cream,F-04,HoReCa,202,214393.96,15702.62,198691.34,123910.73,3369.71,8395.03,2366.28
2025-07,Brand F - Cream,F-04,HoReCa,212,225004.87,8360.43,216644.44,140753.8,1912.29,7796.68,2491.26
2025-08,Brand F - Cream,F-04,HoReCa,211,223854.57,17192.3,206662.27,137113.68,1777.22,4593.56,3037.45
2025-09,Brand F - Cream,F-04,HoReCa,156,166067.87,3992.37,162075.5,103188.19,1865.12,5745.06,3881.82
2025-10,Brand F - Cream,F-04,HoReCa,170,180524.28,12282.86,168241.42,105679.71,2077.65,6273.36,3114.25
2025-11,Brand F - Cream,F-04,HoReCa,162,171737.98,6758.05,164979.93,109752.83,2991.82,4743.68,3706.48
2025-12,Brand F - Cream,F-04,HoReCa,159,168754.84,7271.65,161483.19,103651.54,1722.26,3733.51,2661.58
2024-01,Brand F - Cream,F-04,E-commerce,111,118173.58,9122.66,109050.92,68140.91,883.96,5064.73,2053.37
2024-02,Brand F - Cream,F-04,E-commerce,92,97667.56,6260.46,91407.1,58508.76,1111.15,2315.74,2062.9
2024-03,Brand F - Cream,F-04,E-commerce,107,113656.82,3368.98,110287.83,72546.05,1114.64,3615.72,1743.42
2024-04,Brand F - Cream,F-04,E-commerce,120,127523.07,7354.08,120168.99,75434.89,1086.0,5495.53,2565.99
2024-05,Brand F - Cream,F-04,E-commerce,133,141095.11,3189.99,137905.12,89446.94,1306.0,4814.53,2191.91
2024-06,Brand F - Cream,F-04,E-commerce,111,117506.84,5493.98,112012.86,70989.34,721.74,4603.37,1775.61
2024-07,Brand F - Cream,F-04,E-commerce,127,135244.54,6634.57,128609.97,83548.52,806.43,5365.28,3119.44
2024-08,Brand F - Cream,F-04,E-commerce,116,123488.54,5194.84,118293.7,77423.14,1325.51,2722.27,2395.92
2024-09,Brand F - Cream,F-04,E-commerce,107,114232.41,5744.58,108487.82,71476.34,1053.49,2350.57,1990.9
2024-10,Brand F - Cream,F-04,E-commerce,99,105423.06,2272.49,103150.57,66696.74,1009.69,3415.51,1257.57
2024-11,Brand F - Cream,F-04,E-commerce,113,119912.03,8805.74,111106.29,74407.42,1535.31,4157.34,1364.15
2024-12,Brand F - Cream,F-04,E-commerce,95,101191.69,6706.83,94484.86,63045.57,970.13,2098.71,1849.7
2025-01,Brand F - Cream,F-04,E-commerce,113,119698.16,5997.23,113700.93,74513.24,1249.3,2429.94,2577.8
2025-02,Brand F - Cream,F-04,E-commerce,116,122787.68,7679.44,115108.24,73520.78,998.71,3827.32,2236.26
2025-03,Brand F - Cream,F-04,E-commerce,109,115681.61,3535.37,112146.24,73338.4,740.69,2800.27,2174.64
2025-04,Brand F - Cream,F-04,E-commerce,133,141681.87,4709.42,136972.45,88752.42,1559.74,6223.55,1538.94
2025-05,Brand F - Cream,F-04,E-commerce,140,149159.93,7561.37,141598.56,91269.2,1582.41,5447.22,1625.06
2025-06,Brand F - Cream,F-04,E-commerce,149,158150.08,6829.85,151320.22,95630.75,1607.33,4643.73,1910.61
2025-07,Brand F - Cream,F-04,E-commerce,131,139099.25,6206.41,132892.84,86439.9,1682.12,6242.31,2376.48
2025-08,Brand F - Cream,F-04,E-commerce,116,123020.63,7608.19,115412.44,72007.82,1422.9,3031.25,2086.53
2025-09,Brand F - Cream,F-04,E-commerce,111,118490.6,3485.93,115004.67,72447.11,1541.0,2760.79,1620.84
2025-10,Brand F - Cream,F-04,E-commerce,117,124564.05,9730.2,114833.84,73871.26,1118.41,5623.95,2572.47
2025-11,Brand F - Cream,F-04,E-commerce,107,113418.91,6211.57,107207.33,71506.8,914.89,3172.77,1219.89
2025-12,Brand F - Cream,F-04,E-commerce,93,98540.64,7055.28,91485.35,57542.15,752.8,3898.94,1602.46
2024-01,Brand F - Cream,F-05,Modern Trade,1039,809144.33,25399.47,783744.86,487626.09,7026.15,32562.47,18847.32
2024-02,Brand F - Cream,F-05,Modern Trade,1234,960517.06,62056.62,898460.44,562565.66,10500.47,31342.05,15774.88
2024-03,Brand F - Cream,F-05,Modern Trade,1506,1172599.65,71427.9,1101171.75,710917.43,20411.0,39755.2,18104.89
2024-04,Brand F - Cream,F-05,Modern Trade,1366,1064018.22,44565.98,1019452.24,650971.54,12028.84,37349.91,23438.32
2024-05,Brand F - Cream,F-05,Modern Trade,1739,1354218.74,51672.55,1302546.19,826039.84,20280.66,37027.17,21313.02
2024-06,Brand F - Cream,F-05,Modern Trade,1794,1396627.9,88799.41,1307828.49,831588.12,15834.24,30010.41,22093.36
2024-07,Brand F - Cream,F-05,Modern Trade,1685,1312336.62,80060.99,1232275.64,799923.02,11549.66,42778.42,16094.25
2024-08,Brand F - Cream,F-05,Modern Trade,1537,1196495.32,79259.67,1117235.65,750710.16,20221.98,39567.77,20992.8
2024-09,Brand F - Cream,F-05,Modern Trade,1282,998391.77,57560.37,940831.39,613579.82,16362.14,30132.55,11006.29
2024-10,Brand F - Cream,F-05,Modern Trade,1581,1230774.49,67979.28,1162795.21,727608.16,19108.93,51850.94,11683.97
2024-11,Brand F - Cream,F-05,Modern Trade,1569,1221920.1,51792.0,1170128.1,755004.11,14276.28,57504.06,26254.07
2024-12,Brand F - Cream,F-05,Modern Trade,1428,1112192.45,38266.78,1073925.66,697493.35,14579.92,36745.44,13735.2
2025-01,Brand F - Cream,F-05,Modern Trade,1133,882161.05,24236.6,857924.45,558693.84,10114.82,23559.4,16062.01
2025-02,Brand F - Cream,F-05,Modern Trade,1793,1396151.76,58420.4,1337731.35,845774.76,25074.65,59799.28,15723.59
2025-03,Brand F - Cream,F-05,Modern Trade,1466,1141498.92,48522.7,1092976.22,686122.77,11927.16,44456.06,12704.6
2025-04,Brand F - Cream,F-05,Modern Trade,1482,1154230.11,86283.1,1067947.01,673379.54,20608.56,31109.65,22442.19
2025-05,Brand F - Cream,F-05,Modern Trade,1724,1342717.45,57090.07,1285627.39,855148.78,20755.6,57001.86,29924.73
2025-06,Brand F - Cream,F-05,Modern Trade,2013,1567280.66,97891.17,1469389.49,977965.1,23491.54,38176.26,15359.3
2025-07,Brand F - Cream,F-05,Modern Trade,1773,1380876.66,89453.12,1291423.54,845002.98,16058.81,43791.28,31338.47
2025-08,Brand F - Cream,F-05,Modern Trade,1778,1384327.46,68876.99,1315450.47,873164.0,12389.56,40557.85,25274.55
2025-09,Brand F - Cream,F-05,Modern Trade,1834,1428300.39,36106.14,1392194.25,878255.48,11051.62,68706.68,27005.17
2025-10,Brand F - Cream,F-05,Modern Trade,1575,1226422.1,29352.38,1197069.72,778874.15,19424.16,42769.06,22786.8
2025-11,Brand F - Cream,F-05,Modern Trade,1633,1271483.18,47834.47,1223648.71,797281.79,21622.79,56959.38,24175.51
2025-12,Brand F - Cream,F-05,Modern Trade,1795,1397407.97,51756.31,1345651.67,888413.54,19785.74,62848.76,22073.71
2024-01,Brand F - Cream,F-05,Wholesale,1011,787396.27,43399.46,743996.8,475192.91,8698.44,31204.17,13872.02
2024-02,Brand F - Cream,F-05,Wholesale,1065,829338.05,21516.4,807821.66,531284.69,6580.44,32179.7,17723.91
2024-03,Brand F - Cream,F-05,Wholesale,857,667105.44,37885.39,629220.06,413464.72,10957.62,27933.83,13562.75
2024-04,Brand F - Cream,F-05,Wholesale,1087,846602.48,43451.43,803151.05,509497.49,10344.73,34386.02,9761.93
2024-05,Brand F - Cream,F-05,Wholesale,1420,1105736.38,67434.81,1038301.57,662527.61,12503.02,42540.85,13296.03
2024-06,Brand F - Cream,F-05,Wholesale,1136,884289.53,47867.72,836421.81,529802.23,10232.09,34952.6,11494.02
2024-07,Brand F - Cream,F-05,Wholesale,1336,1040039.14,82104.91,957934.23,633092.6,15516.21,39012.23,23646.28
2024-08,Brand F - Cream,F-05,Wholesale,1353,1053450.58,39399.67,1014050.91,680405.12,15362.23,45740.59,13901.86
2024-09,Brand F - Cream,F-05,Wholesale,1178,917099.71,35901.2,881198.51,563700.41,15763.15,24706.58,15899.66
2024-10,Brand F - Cream,F-05,Wholesale,1174,914050.24,32511.07,881539.17,562794.21,14902.57,43252.8,14200.82
2024-11,Brand F - Cream,F-05,Wholesale,862,670953.28,25573.46,645379.82,421708.41,8780.32,31365.53,13956.84
2024-12,Brand F - Cream,F-05,Wholesale,1138,885867.11,36772.16,849094.95,568590.69,12037.66,17157.69,18424.07
2025-01,Brand F - Cream,F-05,Wholesale,1010,786358.3,18300.31,768057.99,485357.38,6631.56,16518.25,14887.74
2025-02,Brand F - Cream,F-05,Wholesale,1094,852025.03,52594.62,799430.41,512576.06,14327.19,36413.65,15297.47
2025-03,Brand F - Cream,F-05,Wholesale,1153,897840.68,52409.38,845431.3,526910.21,7543.23,17424.86,8827.0
2025-04,Brand F - Cream,F-05,Wholesale,1397,1087877.91,26302.52,1061575.4,660266.45,14572.95,53025.17,11470.06
2025-05,Brand F - Cream,F-05,Wholesale,1401,1090651.65,70774.01,1019877.64,676932.31,11655.42,23789.53,23120.95
2025-06,Brand F - Cream,F-05,Wholesale,1439,1120216.84,84479.06,1035737.78,690399.69,18923.41,30420.93,10409.37
2025-07,Brand F - Cream,F-05,Wholesale,1333,1038070.42,37973.19,1000097.24,657458.46,15830.46,38793.65,11080.86
2025-08,Brand F - Cream,F-05,Wholesale,1314,1022882.7,44206.05,978676.66,637036.45,17321.34,42853.72,11702.45
2025-09,Brand F - Cream,F-05,Wholesale,1147,892817.88,37063.49,855754.39,537498.98,12183.0,29764.95,15244.01
2025-10,Brand F - Cream,F-05,Wholesale,1221,950564.76,37160.96,913403.8,573993.46,14215.12,39919.14,13442.17
2025-11,Brand F - Cream,F-05,Wholesale,1067,831199.8,54296.29,776903.51,483601.41,14526.1,23789.85,16264.83
2025-12,Brand F - Cream,F-05,Wholesale,1196,931442.31,53403.21,878039.11,556545.45,15160.99,28949.24,9360.76
2024-01,Brand F - Cream,F-05,HoReCa,367,285560.02,14601.88,270958.14,169534.48,6479.99,9598.88,5011.2
2024-02,Brand F - Cream,F-05,HoReCa,391,304300.23,14049.9,290250.32,192579.18,3357.69,13563.39,5325.23
2024-03,Brand F - Cream,F-05,HoReCa,334,260187.3,18076.62,242110.68,157596.57,5049.93,10153.69,3502.82
2024-04,Brand F - Cream,F-05,HoReCa,404,314925.73,21611.65,293314.08,187330.5,7049.06,10641.68,4144.44
2024-05,Brand F - Cream,F-05,HoReCa,453,352563.63,18798.96,333764.67,210694.39,6936.35,7310.95,4758.0
2024-06,Brand F - Cream,F-05,HoReCa,354,275837.06,13278.92,262558.13,167204.01,3204.4,7608.52,3368.11
2024-07,Brand F - Cream,F-05,HoReCa,418,325863.58,23704.11,302159.46,188467.86,7965.48,12310.4,4454.36
2024-08,Brand F - Cream,F-05,HoReCa,395,307645.97,16435.05,291210.92,191147.43,6877.83,6842.3,4720.25
2024-09,Brand F - Cream,F-05,HoReCa,411,320364.06,12133.68,308230.38,201425.01,3782.94,11943.31,5661.56
2024-10,Brand F - Cream,F-05,HoReCa,402,312914.46,19199.69,293714.77,195039.25,5492.12,7431.45,4732.46
2024-11,Brand F - Cream,F-05,HoReCa,412,321134.6,6883.08,314251.52,200895.75,7820.29,11181.38,7690.67
2024-12,Brand F - Cream,F-05,HoReCa,337,262322.22,20026.44,242295.78,161885.85,5219.56,11371.42,4721.4
2025-01,Brand F - Cream,F-05,HoReCa,373,290146.22,23098.6,267047.62,169523.23,5651.44,6306.81,3177.6
2025-02,Brand F - Cream,F-05,HoReCa,381,296646.72,11210.01,285436.71,180131.47,5228.54,12200.59,6387.44
2025-03,Brand F - Cream,F-05,HoReCa,363,282608.03,6542.43,276065.6,173541.02,5631.18,11277.36,3104.95
2025-04,Brand F - Cream,F-05,HoReCa,430,335163.7,22800.49,312363.21,204238.32,5517.67,8501.96,4678.88
2025-05,Brand F - Cream,F-05,HoReCa,495,385246.94,27185.08,358061.86,225532.72,4352.0,7940.31,6479.29
2025-06,Brand F - Cream,F-05,HoReCa,459,357095.97,17337.73,339758.24,217195.57,6721.61,13087.83,4809.14
2025-07,Brand F - Cream,F-05,HoReCa,467,363602.41,19300.59,344301.82,228847.09,4589.89,11056.96,8045.67
2025-08,Brand F - Cream,F-05,HoReCa,468,364025.46,13959.47,350065.99,222459.01,8372.51,15966.22,5480.44
2025-09,Brand F - Cream,F-05,HoReCa,459,357688.96,15954.46,341734.5,221856.43,5824.12,14006.46,4551.81
2025-10,Brand F - Cream,F-05,HoReCa,430,335126.23,8405.09,326721.14,211088.29,8280.42,9508.24,3789.21
2025-11,Brand F - Cream,F-05,HoReCa,436,339202.29,21226.87,317975.42,206011.6,7513.92,14481.09,7348.17
2025-12,Brand F - Cream,F-05,HoReCa,444,345999.1,21615.16,324383.94,203488.8,6423.11,11929.32,7557.99
2024-01,Brand F - Cream,F-05,E-commerce,212,164993.32,8574.66,156418.66,100150.03,1696.82,3433.95,3896.79
2024-02,Brand F - Cream,F-05,E-commerce,267,208062.36,10182.75,197879.61,128478.64,2133.39,9633.46,2296.22
2024-03,Brand F - Cream,F-05,E-commerce,216,168457.08,9765.45,158691.63,104697.85,3000.75,3928.02,2965.61
2024-04,Brand F - Cream,F-05,E-commerce,199,154708.84,9593.39,145115.45,96888.03,2439.66,3084.0,2707.61
2024-05,Brand F - Cream,F-05,E-commerce,278,216513.95,8343.2,208170.75,137949.19,2495.88,4175.35,2804.27
2024-06,Brand F - Cream,F-05,E-commerce,296,230490.28,15441.27,215049.01,139383.11,3876.6,10090.46,4453.86
2024-07,Brand F - Cream,F-05,E-commerce,274,213246.96,8324.36,204922.6,132824.28,2034.46,5070.63,2580.88
2024-08,Brand F - Cream,F-05,E-commerce,329,256071.68,16117.11,239954.57,158947.8,3482.75,10944.32,4535.75
2024-09,Brand F - Cream,F-05,E-commerce,232,180917.17,12109.0,168808.17,107842.98,2494.72,5133.0,2104.96
2024-10,Brand F - Cream,F-05,E-commerce,235,182998.38,4138.22,178860.16,111213.15,2323.23,5690.84,3059.81
2024-11,Brand F - Cream,F-05,E-commerce,275,214053.04,13487.99,200565.05,132229.88,3305.07,7376.04,4484.55
2024-12,Brand F - Cream,F-05,E-commerce,255,198177.15,9320.83,188856.32,122774.49,1604.38,4275.7,4482.64
2025-01,Brand F - Cream,F-05,E-commerce,245,191067.36,7955.98,183111.39,113911.34,2642.13,4687.09,3449.6
2025-02,Brand F - Cream,F-05,E-commerce,272,211641.08,7412.31,204228.77,134143.96,3659.91,9507.68,2534.17
2025-03,Brand F - Cream,F-05,E-commerce,237,184888.23,3946.57,180941.67,116279.28,2278.41,7887.47,3167.51
2025-04,Brand F - Cream,F-05,E-commerce,254,197437.39,11527.26,185910.12,117496.9,3536.12,6380.41,3816.89
2025-05,Brand F - Cream,F-05,E-commerce,306,237950.04,7955.94,229994.1,149453.9,2714.13,7841.87,5729.9
2025-06,Brand F - Cream,F-05,E-commerce,349,272059.09,13548.0,258511.09,164853.77,3123.52,10162.84,4494.24
2025-07,Brand F - Cream,F-05,E-commerce,301,234167.24,15772.95,218394.29,145229.88,3900.32,8594.88,2893.62
2025-08,Brand F - Cream,F-05,E-commerce,334,259781.43,13232.47,246548.96,156289.72,3655.88,5402.55,3237.75
2025-09,Brand F - Cream,F-05,E-commerce,280,218104.66,4367.15,213737.52,133376.84,3631.59,4808.67,3509.67
2025-10,Brand F - Cream,F-05,E-commerce,253,196693.84,5315.4,191378.44,119386.65,1974.73,6749.18,3299.24
2025-11,Brand F - Cream,F-05,E-commerce,250,194901.12,6190.3,188710.82,117455.4,2117.99,8316.47,4370.26
2025-12,Brand F - Cream,F-05,E-commerce,229,178173.04,5826.31,172346.72,113292.07,1420.34,8478.83,2939.09
2024-01,Brand F - Cream,F-06,Modern Trade,3417,724919.37,55469.87,669449.51,422893.82,34624.14,23302.05,11911.32
2024-02,Brand F - Cream,F-06,Modern Trade,3499,742280.13,26698.31,715581.82,453438.01,31603.5,21703.81,16873.09
2024-03,Brand F - Cream,F-06,Modern Trade,3944,836604.53,48191.27,788413.26,496437.7,41382.8,32905.06,16956.62
2024-04,Brand F - Cream,F-06,Modern Trade,4140,878205.98,51153.3,827052.68,523166.72,49771.15,22215.25,11010.55
2024-05,Brand F - Cream,F-06,Modern Trade,4062,861685.56,63310.04,798375.52,528932.08,39932.57,36285.09,16412.85
2024-06,Brand F - Cream,F-06,Modern Trade,4464,946923.76,59096.91,887826.85,580285.16,50719.86,41063.19,10865.2
2024-07,Brand F - Cream,F-06,Modern Trade,5067,1074777.33,26876.82,1047900.51,693051.22,69826.14,51214.54,21125.12
2024-08,Brand F - Cream,F-06,Modern Trade,4266,904942.79,21542.05,883400.73,574065.5,56894.86,27338.89,9071.9
2024-09,Brand F - Cream,F-06,Modern Trade,3494,741170.28,24226.51,716943.77,446140.76,39594.78,18859.72,11006.72
2024-10,Brand F - Cream,F-06,Modern Trade,3726,790412.68,49604.12,740808.57,473723.44,49941.68,35638.26,7703.58
2024-11,Brand F - Cream,F-06,Modern Trade,3793,804565.1,38778.06,765787.04,513365.52,34559.62,35024.24,18858.09
2024-12,Brand F - Cream,F-06,Modern Trade,3058,648603.49,19481.3,629122.19,417217.17,36249.31,24640.29,13136.14
2025-01,Brand F - Cream,F-06,Modern Trade,3990,846351.08,34938.76,811412.32,519686.16,41530.41,25089.5,13946.61
2025-02,Brand F - Cream,F-06,Modern Trade,3993,847074.81,67331.99,779742.82,495699.12,46517.07,16645.08,15821.27
2025-03,Brand F - Cream,F-06,Modern Trade,4543,963596.24,53233.54,910362.7,599679.59,30450.46,42115.57,19021.23
2025-04,Brand F - Cream,F-06,Modern Trade,4181,886912.49,46869.62,840042.87,550075.3,57983.13,30005.74,16059.05
2025-05,Brand F - Cream,F-06,Modern Trade,5596,1187138.12,94417.61,1092720.51,697587.66,60340.28,29702.34,11919.65
2025-06,Brand F - Cream,F-06,Modern Trade,5084,1078384.08,86155.61,992228.47,616996.8,61376.51,42504.3,22113.83
2025-07,Brand F - Cream,F-06,Modern Trade,5229,1109141.3,87376.94,1021764.35,662042.81,52056.18,49901.45,15407.76
2025-08,Brand F - Cream,F-06,Modern Trade,4675,991644.19,33523.82,958120.37,640919.96,29932.47,20591.77,15424.2
2025-09,Brand F - Cream,F-06,Modern Trade,5342,1133140.85,59637.1,1073503.75,701169.54,32656.46,52334.33,20395.92
2025-10,Brand F - Cream,F-06,Modern Trade,4659,988272.09,58650.56,929621.53,608774.16,54631.13,31665.56,15260.81
2025-11,Brand F - Cream,F-06,Modern Trade,4099,869578.94,41521.15,828057.79,554539.01,44272.76,26841.06,11176.57
2025-12,Brand F - Cream,F-06,Modern Trade,3404,722089.3,45195.61,676893.69,437044.09,24639.21,30739.3,14065.22
2024-01,Brand F - Cream,F-06,Wholesale,3562,755605.53,44642.42,710963.1,457594.14,25335.93,31388.08,14967.17
2024-02,Brand F - Cream,F-06,Wholesale,2864,607619.05,22155.08,585463.98,384099.12,26804.42,27445.83,7629.83
2024-03,Brand F - Cream,F-06,Wholesale,3681,780826.08,51989.67,728836.41,470806.96,32177.13,34894.32,12561.29
2024-04,Brand F - Cream,F-06,Wholesale,3554,753839.49,29618.88,724220.62,469338.62,30062.95,22258.46,13988.4
2024-05,Brand F - Cream,F-06,Wholesale,3769,799614.52,40037.48,759577.04,471744.74,45314.4,23888.79,11461.07
2024-06,Brand F - Cream,F-06,Wholesale,3251,689526.97,42618.08,646908.89,415487.35,43990.67,21768.56,6811.5
2024-07,Brand F - Cream,F-06,Wholesale,3312,702588.86,34422.92,668165.94,437706.39,33087.54,21193.39,14188.3
2024-08,Brand F - Cream,F-06,Wholesale,3995,847520.57,17027.03,830493.54,553725.03,45739.1,19167.05,9235.35
2024-09,Brand F - Cream,F-06,Wholesale,2760,585434.24,16593.34,568840.9,363960.09,32112.61,24562.23,12048.86
2024-10,Brand F - Cream,F-06,Wholesale,2879,610736.3,23871.38,586864.92,393193.5,26294.61,23587.21,5994.53
2024-11,Brand F - Cream,F-06,Wholesale,2842,602791.41,31487.03,571304.38,379824.34,30684.04,20498.4,10774.05
2024-12,Brand F - Cream,F-06,Wholesale,2958,627466.69,17240.16,610226.53,403169.88,23827.2,21208.12,10977.57
2025-01,Brand F - Cream,F-06,Wholesale,3055,648054.66,20699.72,627354.94,419105.38,23612.55,20304.64,14976.77
2025-02,Brand F - Cream,F-06,Wholesale,2838,602113.38,36912.18,565201.19,359792.65,22037.02,17730.84,10050.54
2025-03,Brand F - Cream,F-06,Wholesale,3738,792982.2,35280.42,757701.78,504379.43,39884.87,35404.46,18595.19
2025-04,Brand F - Cream,F-06,Wholesale,3559,755003.93,32208.81,722795.12,458697.62,30534.9,25838.69,11898.57
2025-05,Brand F - Cream,F-06,Wholesale,3817,809666.54,25273.89,784392.64,503733.23,50188.47,23394.4,12659.96
2025-06,Brand F - Cream,F-06,Wholesale,4194,889659.73,64120.88,825538.85,548797.98,42882.52,41230.16,14091.63
2025-07,Brand F - Cream,F-06,Wholesale,3742,793867.45,47293.98,746573.48,496954.34,39523.39,18452.98,14730.36
2025-08,Brand F - Cream,F-06,Wholesale,4237,898789.84,21010.67,877779.17,559482.4,35892.63,37732.59,14681.84
2025-09,Brand F - Cream,F-06,Wholesale,4239,899120.06,60644.07,838475.99,559702.78,39428.41,33654.51,14629.49
2025-10,Brand F - Cream,F-06,Wholesale,3570,757272.67,24441.07,732831.6,469749.5,26659.47,33599.09,8070.64
2025-11,Brand F - Cream,F-06,Wholesale,3218,682655.52,19155.74,663499.77,436330.78,34504.89,29661.64,14293.84
2025-12,Brand F - Cream,F-06,Wholesale,3248,689047.78,24075.89,664971.89,426975.95,30844.25,21502.49,10698.24
2024-01,Brand F - Cream,F-06,HoReCa,979,207768.07,13496.46,194271.6,129961.57,16415.99,8154.58,2818.67
2024-02,Brand F - Cream,F-06,HoReCa,870,184578.95,13668.72,170910.22,113236.55,15300.34,3782.57,4126.82
2024-03,Brand F - Cream,F-06,HoReCa,1079,228889.22,11673.69,217215.53,144669.85,12444.98,7458.61,4944.56
2024-04,Brand F - Cream,F-06,HoReCa,955,202522.1,9845.13,192676.97,121561.94,13877.93,7023.24,3926.57
2024-05,Brand F - Cream,F-06,HoReCa,967,205128.83,10776.39,194352.44,124722.19,12840.18,6224.77,3928.64
2024-06,Brand F - Cream,F-06,HoReCa,1239,262776.84,15350.2,247426.64,163355.81,18533.93,7238.43,2760.25
2024-07,Brand F - Cream,F-06,HoReCa,1167,247465.39,9990.69,237474.69,159571.48,14288.44,5855.31,5142.2
2024-08,Brand F - Cream,F-06,HoReCa,1095,232313.61,7278.68,225034.94,144494.37,10282.2,7929.4,4942.74
2024-09,Brand F - Cream,F-06,HoReCa,1095,232226.9,14727.95,217498.95,141504.01,16861.25,9527.87,5332.06
2024-10,Brand F - Cream,F-06,HoReCa,996,211314.42,4248.23,207066.19,131639.66,14835.5,9359.8,3087.15
2024-11,Brand F - Cream,F-06,HoReCa,951,201688.68,6818.57,194870.11,127304.27,18224.38,9718.46,2273.65
2024-12,Brand F - Cream,F-06,HoReCa,910,193004.13,11781.06,181223.07,121264.43,15355.4,4670.2,3162.21
2025-01,Brand F - Cream,F-06,HoReCa,1109,235326.48,14614.5,220711.98,146074.8,20828.32,6552.36,3625.68
2025-02,Brand F - Cream,F-06,HoReCa,1161,246336.05,9648.26,236687.79,147343.64,22109.7,8702.49,5111.27
2025-03,Brand F - Cream,F-06,HoReCa,1001,212278.79,11141.06,201137.73,129518.87,14436.54,6554.66,3780.55
2025-04,Brand F - Cream,F-06,HoReCa,1422,301679.78,11583.69,290096.09,193874.43,18622.62,10174.08,6311.23
2025-05,Brand F - Cream,F-06,HoReCa,1398,296528.62,6860.75,289667.87,186293.16,22255.9,7436.81,4458.99
2025-06,Brand F - Cream,F-06,HoReCa,1219,258530.54,14050.84,244479.7,158219.51,12915.8,12196.78,2638.07
2025-07,Brand F - Cream,F-06,HoReCa,1279,271265.13,6989.72,264275.41,167621.12,22640.36,9124.82,5919.13
2025-08,Brand F - Cream,F-06,HoReCa,1336,283348.88,18294.29,265054.59,166407.54,20792.62,6229.69,3389.53
2025-09,Brand F - Cream,F-06,HoReCa,1273,270048.42,8938.01,261110.41,163959.96,23212.2,12046.83,3165.22
2025-10,Brand F - Cream,F-06,HoReCa,1168,247816.87,14337.0,233479.86,147277.18,15917.6,4809.76,3293.7
2025-11,Brand F - Cream,F-06,HoReCa,1129,239533.73,12563.07,226970.66,141794.12,18802.69,5001.86,4479.77
2025-12,Brand F - Cream,F-06,HoReCa,1169,248063.0,8858.94,239204.06,159500.12,13610.34,8699.56,3994.09
2024-01,Brand F - Cream,F-06,E-commerce,540,114603.68,8978.88,105624.8,69223.51,3545.19,4963.57,1781.48
2024-02,Brand F - Cream,F-06,E-commerce,525,111401.65,8409.1,102992.54,68636.36,5116.49,3137.73,2303.46
2024-03,Brand F - Cream,F-06,E-commerce,547,116040.67,4400.94,111639.73,72359.81,4509.0,2452.0,2472.28
2024-04,Brand F - Cream,F-06,E-commerce,738,156649.68,5538.49,151111.19,96416.98,4640.08,3529.12,1624.04
2024-05,Brand F - Cream,F-06,E-commerce,767,162691.08,6892.99,155798.09,101843.47,10287.3,4054.59,3568.71
2024-06,Brand F - Cream,F-06,E-commerce,870,184647.18,5749.86,178897.31,117551.42,6014.16,6343.13,3883.79
2024-07,Brand F - Cream,F-06,E-commerce,878,186212.04,7925.78,178286.25,114019.78,8449.97,5562.93,3572.54
2024-08,Brand F - Cream,F-06,E-commerce,841,178325.39,4129.93,174195.46,111230.32,6429.13,3539.97,3252.98
2024-09,Brand F - Cream,F-06,E-commerce,767,162605.28,9496.62,153108.65,97207.75,8608.02,7621.54,2479.81
2024-10,Brand F - Cream,F-06,E-commerce,704,149424.75,6849.24,142575.51,91670.67,7449.97,6901.58,3423.95
2024-11,Brand F - Cream,F-06,E-commerce,751,159393.47,8312.01,151081.46,97491.85,8714.75,6349.97,3245.8
2024-12,Brand F - Cream,F-06,E-commerce,751,159247.3,10770.8,148476.5,97971.12,5158.97,5231.15,3575.06
2025-01,Brand F - Cream,F-06,E-commerce,776,164657.61,12216.99,152440.63,101703.87,6495.74,3407.15,1800.79
2025-02,Brand F - Cream,F-06,E-commerce,677,143611.2,9305.3,134305.91,87818.94,7789.57,5748.19,2888.3
2025-03,Brand F - Cream,F-06,E-commerce,751,159282.08,6451.16,152830.93,97072.57,10147.25,4954.45,3727.06
2025-04,Brand F - Cream,F-06,E-commerce,893,189514.99,7012.17,182502.82,115538.24,11407.93,8749.49,3636.0
2025-05,Brand F - Cream,F-06,E-commerce,779,165152.44,11205.58,153946.85,98748.82,6300.55,4330.79,2913.23
2025-06,Brand F - Cream,F-06,E-commerce,953,202073.49,11872.01,190201.48,126357.59,12617.79,7833.41,2082.64
2025-07,Brand F - Cream,F-06,E-commerce,944,200148.73,14554.46,185594.27,123936.4,12592.2,6573.08,2112.91
2025-08,Brand F - Cream,F-06,E-commerce,873,185210.28,6533.01,178677.27,116933.16,8201.6,6242.36,1817.55
2025-09,Brand F - Cream,F-06,E-commerce,801,169919.13,12826.14,157092.99,102837.22,8420.5,3934.84,3259.98
2025-10,Brand F - Cream,F-06,E-commerce,818,173545.36,4869.12,168676.25,107451.46,5746.5,6195.77,4068.71
2025-11,Brand F - Cream,F-06,E-commerce,805,170676.77,11048.79,159627.98,106559.11,7333.56,5403.6,2198.72
2025-12,Brand F - Cream,F-06,E-commerce,745,157950.05,7367.42,150582.62,95578.27,7803.92,3396.16,2669.59
2024-01,Brand G - Deli Meats,G-01,Modern Trade,812,524092.81,19023.68,505069.14,344769.11,5945.47,16937.04,9023.5
2024-02,Brand G - Deli Meats,G-01,Modern Trade,888,572579.75,15004.03,557575.72,370945.39,7994.52,12316.04,8393.99
2024-03,Brand G - Deli Meats,G-01,Modern Trade,845,545296.64,40779.1,504517.54,333107.79,8770.4,12461.87,10727.75
2024-04,Brand G - Deli Meats,G-01,Modern Trade,886,571336.88,12193.37,559143.51,391503.87,10425.14,24655.64,12140.09
2024-05,Brand G - Deli Meats,G-01,Modern Trade,972,626793.2,16567.9,610225.29,400025.25,7310.01,23238.61,12010.92
2024-06,Brand G - Deli Meats,G-01,Modern Trade,1006,648931.11,31660.59,617270.51,424140.43,8903.99,18471.97,8144.61
2024-07,Brand G - Deli Meats,G-01,Modern Trade,1165,751377.92,24029.82,727348.1,484565.97,12532.95,18566.74,13752.54
2024-08,Brand G - Deli Meats,G-01,Modern Trade,982,633526.04,32900.26,600625.78,410096.36,6614.22,27798.21,13441.52
2024-09,Brand G - Deli Meats,G-01,Modern Trade,884,569992.64,35233.64,534759.01,351285.93,8064.08,11949.5,8297.33
2024-10,Brand G - Deli Meats,G-01,Modern Trade,781,503868.52,36980.3,466888.22,314821.12,8662.15,17950.71,6468.58
2024-11,Brand G - Deli Meats,G-01,Modern Trade,928,598897.89,46761.68,552136.21,369917.29,8636.36,14174.3,12473.61
2024-12,Brand G - Deli Meats,G-01,Modern Trade,683,440279.75,19045.64,421234.11,283064.45,5712.82,17420.57,6906.03
2025-01,Brand G - Deli Meats,G-01,Modern Trade,789,508692.92,29364.28,479328.64,333656.38,8820.07,15691.54,7377.36
2025-02,Brand G - Deli Meats,G-01,Modern Trade,894,576888.42,11995.87,564892.55,381966.48,7691.56,23971.71,8305.04
2025-03,Brand G - Deli Meats,G-01,Modern Trade,971,626306.33,37191.54,589114.79,389649.62,13025.44,21349.39,8418.1
2025-04,Brand G - Deli Meats,G-01,Modern Trade,955,616122.1,14059.2,602062.9,409234.86,6142.91,18401.24,13865.67
2025-05,Brand G - Deli Meats,G-01,Modern Trade,1112,717080.86,17537.94,699542.92,486494.9,12629.51,14695.55,12431.73
2025-06,Brand G - Deli Meats,G-01,Modern Trade,961,620204.26,37853.06,582351.19,398091.15,7698.66,14366.88,11906.04
2025-07,Brand G - Deli Meats,G-01,Modern Trade,1014,654358.73,24477.05,629881.69,424903.87,14110.91,29575.6,12350.26
2025-08,Brand G - Deli Meats,G-01,Modern Trade,1107,713914.35,20926.4,692987.95,453886.94,12927.44,14298.83,9976.08
2025-09,Brand G - Deli Meats,G-01,Modern Trade,934,602442.6,44574.13,557868.46,376035.22,6923.28,16801.35,9650.11
2025-10,Brand G - Deli Meats,G-01,Modern Trade,976,629853.49,49659.43,580194.06,384789.92,8656.09,23989.06,9774.56
2025-11,Brand G - Deli Meats,G-01,Modern Trade,888,573071.03,44204.4,528866.63,359925.22,9474.28,19405.66,7425.07
2025-12,Brand G - Deli Meats,G-01,Modern Trade,898,579131.69,26037.62,553094.06,388813.51,6725.87,12912.56,8589.78
2024-01,Brand G - Deli Meats,G-01,Wholesale,609,393054.71,25177.66,367877.05,246885.89,5014.52,17068.3,8695.44
2024-02,Brand G - Deli Meats,G-01,Wholesale,664,428288.5,31751.9,396536.61,275963.08,7168.9,10512.14,4612.47
2024-03,Brand G - Deli Meats,G-01,Wholesale,701,452060.4,18635.61,433424.79,284259.76,5821.52,15433.74,5483.01
2024-04,Brand G - Deli Meats,G-01,Wholesale,802,517199.36,24786.65,492412.71,325383.46,9410.48,21797.93,8885.8
2024-05,Brand G - Deli Meats,G-01,Wholesale,824,531576.41,39729.65,491846.76,331342.91,6793.69,21079.71,8670.54
2024-06,Brand G - Deli Meats,G-01,Wholesale,743,479351.62,27910.22,451441.41,309981.1,10213.55,18793.45,10618.44
2024-07,Brand G - Deli Meats,G-01,Wholesale,716,461956.82,18854.83,443101.99,302818.03,9107.16,9868.61,7113.98
2024-08,Brand G - Deli Meats,G-01,Wholesale,794,512143.53,35465.31,476678.22,320070.98,9238.99,15323.72,6286.87
2024-09,Brand G - Deli Meats,G-01,Wholesale,746,481032.83,33489.12,447543.71,296146.17,5524.95,17842.66,7809.69
2024-10,Brand G - Deli Meats,G-01,Wholesale,645,416383.17,29796.69,386586.48,266183.81,6159.57,7814.42,3931.03
2024-11,Brand G - Deli Meats,G-01,Wholesale,656,423223.05,31815.22,391407.82,274176.68,7472.56,17718.06,8364.04
2024-12,Brand G - Deli Meats,G-01,Wholesale,677,436854.14,27472.37,409381.77,268947.3,6609.72,8658.08,4970.26
2025-01,Brand G - Deli Meats,G-01,Wholesale,660,425934.15,32174.21,393759.94,264565.44,5975.31,18782.97,4834.97
2025-02,Brand G - Deli Meats,G-01,Wholesale,756,487991.92,22869.01,465122.91,307720.06,9847.45,22742.58,9620.83
2025-03,Brand G - Deli Meats,G-01,Wholesale,778,501591.23,35413.75,466177.48,306599.67,9747.76,11692.58,10588.02
2025-04,Brand G - Deli Meats,G-01,Wholesale,747,481901.56,26499.1,455402.46,299526.78,9926.44,11021.94,4875.96
2025-05,Brand G - Deli Meats,G-01,Wholesale,653,421475.05,19645.87,401829.17,276964.02,5512.48,10261.09,9803.21
2025-06,Brand G - Deli Meats,G-01,Wholesale,819,528564.58,19158.48,509406.1,352860.24,10792.69,14903.39,10751.32
2025-07,Brand G - Deli Meats,G-01,Wholesale,867,559429.74,22805.38,536624.36,362656.44,7367.78,21728.31,13090.17
2025-08,Brand G - Deli Meats,G-01,Wholesale,837,539785.23,33389.96,506395.26,341047.79,10280.6,21134.54,11881.01
2025-09,Brand G - Deli Meats,G-01,Wholesale,839,541406.49,17023.0,524383.49,348425.08,5702.47,16009.07,8605.9
2025-10,Brand G - Deli Meats,G-01,Wholesale,758,488872.46,36831.72,452040.74,317843.46,5334.3,18432.36,7903.88
2025-11,Brand G - Deli Meats,G-01,Wholesale,750,483491.64,30769.03,452722.61,311625.88,6757.65,17924.29,5742.66
2025-12,Brand G - Deli Meats,G-01,Wholesale,646,416804.34,25747.31,391057.04,273818.22,5938.58,16750.22,5903.04
2024-01,Brand G - Deli Meats,G-01,HoReCa,195,125732.99,5785.82,119947.17,78278.18,2417.48,2623.78,2290.12
2024-02,Brand G - Deli Meats,G-01,HoReCa,195,126054.52,5205.45,120849.07,80751.03,2271.06,3137.89,2743.91
2024-03,Brand G - Deli Meats,G-01,HoReCa,249,160860.76,4497.51,156363.25,109826.31,3280.18,6514.25,3083.8
2024-04,Brand G - Deli Meats,G-01,HoReCa,282,181976.39,10845.04,171131.35,113166.83,3663.6,4507.51,3541.08
2024-05,Brand G - Deli Meats,G-01,HoReCa,229,147715.09,9710.84,138004.25,90561.34,3888.79,4913.26,2289.62
2024-06,Brand G - Deli Meats,G-01,HoReCa,253,163193.19,9787.21,153405.97,100145.12,3143.55,5619.02,3124.92
2024-07,Brand G - Deli Meats,G-01,HoReCa,274,176429.74,3595.74,172834.0,112410.02,4313.52,7453.14,2814.99
2024-08,Brand G - Deli Meats,G-01,HoReCa,259,166937.7,8890.37,158047.33,104109.27,2658.93,6069.85,3222.38
2024-09,Brand G - Deli Meats,G-01,HoReCa,225,145298.38,2996.54,142301.83,92692.94,2598.9,4379.8,1689.8
2024-10,Brand G - Deli Meats,G-01,HoReCa,183,117788.8,5847.05,111941.76,78101.33,1704.01,2419.48,1192.81
2024-11,Brand G - Deli Meats,G-01,HoReCa,241,155245.68,3477.17,151768.51,104154.36,4709.46,5146.8,3607.43
2024-12,Brand G - Deli Meats,G-01,HoReCa,224,144316.65,6417.06,137899.59,93251.04,3785.77,4092.51,1763.51
2025-01,Brand G - Deli Meats,G-01,HoReCa,188,121128.25,4321.64,116806.61,81361.87,3595.61,3344.15,2603.56
2025-02,Brand G - Deli Meats,G-01,HoReCa,253,163433.83,5094.33,158339.49,108658.94,3025.65,7577.49,2589.77
2025-03,Brand G - Deli Meats,G-01,HoReCa,293,189005.37,5530.93,183474.44,119985.65,3656.92,5954.19,4046.58
2025-04,Brand G - Deli Meats,G-01,HoReCa,259,166985.18,9211.92,157773.26,107234.21,2728.75,3916.2,3251.35
2025-05,Brand G - Deli Meats,G-01,HoReCa,299,192589.01,6759.13,185829.88,128081.18,3123.87,8240.73,3301.54
2025-06,Brand G - Deli Meats,G-01,HoReCa,273,176202.42,9126.19,167076.24,112820.12,5119.11,7967.53,1810.95
2025-07,Brand G - Deli Meats,G-01,HoReCa,288,185585.7,9018.49,176567.21,121642.7,4037.61,8756.2,3351.54
2025-08,Brand G - Deli Meats,G-01,HoReCa,281,181478.87,7028.64,174450.23,116394.75,3893.04,8301.17,2890.38
2025-09,Brand G - Deli Meats,G-01,HoReCa,286,184269.52,5408.04,178861.47,120310.07,3046.54,4658.66,3433.13
2025-10,Brand G - Deli Meats,G-01,HoReCa,210,135255.64,7880.95,127374.68,89320.74,3408.53,4571.22,2010.18
2025-11,Brand G - Deli Meats,G-01,HoReCa,257,165806.49,7555.59,158250.9,106944.36,2939.53,5819.14,2791.54
2025-12,Brand G - Deli Meats,G-01,HoReCa,203,131216.73,3552.52,127664.21,84958.21,1822.53,3870.74,3020.57
2024-01,Brand G - Deli Meats,G-01,E-commerce,124,80110.39,3571.64,76538.75,50811.58,1511.81,2987.21,982.51
2024-02,Brand G - Deli Meats,G-01,E-commerce,144,92749.76,6678.92,86070.83,58996.71,1124.93,2252.51,1573.12
2024-03,Brand G - Deli Meats,G-01,E-commerce,127,81825.11,3442.08,78383.03,51352.96,1551.62,3111.5,1672.19
2024-04,Brand G - Deli Meats,G-01,E-commerce,164,105549.73,6304.66,99245.07,66128.69,1073.75,2777.88,1718.45
2024-05,Brand G - Deli Meats,G-01,E-commerce,168,108494.94,7325.62,101169.32,69943.74,2072.89,2708.74,1259.23
2024-06,Brand G - Deli Meats,G-01,E-commerce,171,110565.14,4918.86,105646.28,74244.23,1844.98,2603.2,1889.13
2024-07,Brand G - Deli Meats,G-01,E-commerce,179,115294.89,5206.01,110088.87,74164.74,2354.67,4838.37,1238.25
2024-08,Brand G - Deli Meats,G-01,E-commerce,145,93312.38,2159.07,91153.31,60131.77,1614.03,3720.29,1241.52
2024-09,Brand G - Deli Meats,G-01,E-commerce,147,94826.47,4512.25,90314.22,59758.31,1425.96,2820.16,1712.88
2024-10,Brand G - Deli Meats,G-01,E-commerce,109,70592.28,2836.77,67755.51,44316.58,739.17,2477.61,1153.88
2024-11,Brand G - Deli Meats,G-01,E-commerce,159,102258.98,5306.78,96952.2,63530.51,992.8,3265.76,1280.26
2024-12,Brand G - Deli Meats,G-01,E-commerce,165,106134.78,8438.41,97696.37,68503.68,1874.51,3857.49,2406.09
2025-01,Brand G - Deli Meats,G-01,E-commerce,158,101630.59,2237.12,99393.47,65368.48,1652.32,2117.19,2239.2
2025-02,Brand G - Deli Meats,G-01,E-commerce,165,106404.8,7234.33,99170.48,64788.92,1693.42,3741.88,1270.17
2025-03,Brand G - Deli Meats,G-01,E-commerce,192,123862.35,4733.63,119128.72,81796.06,1984.07,3609.8,2517.1
2025-04,Brand G - Deli Meats,G-01,E-commerce,165,106464.21,7230.28,99233.93,68889.96,1235.93,3533.07,1460.07
2025-05,Brand G - Deli Meats,G-01,E-commerce,193,124315.39,7743.31,116572.08,80188.44,1570.1,2975.33,1909.34
2025-06,Brand G - Deli Meats,G-01,E-commerce,191,123522.16,8477.01,115045.14,79451.53,1170.27,4768.51,1642.11
2025-07,Brand G - Deli Meats,G-01,E-commerce,195,125648.1,5864.21,119783.89,84191.83,1495.98,5382.88,1559.4
2025-08,Brand G - Deli Meats,G-01,E-commerce,152,98138.25,7212.04,90926.21,61895.02,1319.85,3851.04,1653.84
2025-09,Brand G - Deli Meats,G-01,E-commerce,166,107060.74,6879.41,100181.33,65336.37,1272.32,4868.08,1624.42
2025-10,Brand G - Deli Meats,G-01,E-commerce,164,105494.5,3189.76,102304.75,71569.59,1384.09,3935.11,1533.58
2025-11,Brand G - Deli Meats,G-01,E-commerce,156,100372.22,5675.62,94696.6,63125.15,1513.42,2990.14,1482.76
2025-12,Brand G - Deli Meats,G-01,E-commerce,141,90762.27,5412.28,85350.0,57871.89,969.18,2727.4,1100.21
2024-01,Brand G - Deli Meats,G-02,Modern Trade,2834,1295087.17,94912.32,1200174.85,799906.25,20373.23,42222.12,23170.98
2024-02,Brand G - Deli Meats,G-02,Modern Trade,2911,1330021.76,90090.3,1239931.45,840775.75,30391.57,33803.67,27274.47
2024-03,Brand G - Deli Meats,G-02,Modern Trade,3296,1506028.49,68750.9,1437277.59,946779.58,32946.48,37497.58,21028.46
2024-04,Brand G - Deli Meats,G-02,Modern Trade,3215,1469053.79,59190.63,1409863.17,973476.1,34303.11,31800.54,22541.41
2024-05,Brand G - Deli Meats,G-02,Modern Trade,3299,1507311.89,75082.78,1432229.11,954043.3,27095.29,38418.57,28831.2
2024-06,Brand G - Deli Meats,G-02,Modern Trade,3226,1474309.29,99121.94,1375187.35,943709.27,38802.8,45779.22,22497.4
2024-07,Brand G - Deli Meats,G-02,Modern Trade,3549,1621732.4,123031.07,1498701.34,990854.84,37831.32,35813.49,21895.73
2024-08,Brand G - Deli Meats,G-02,Modern Trade,3216,1469449.74,36246.96,1433202.78,941886.62,29910.7,30984.49,27285.42
2024-09,Brand G - Deli Meats,G-02,Modern Trade,3267,1492938.51,75126.11,1417812.4,996560.72,34138.29,49047.91,35293.69
2024-10,Brand G - Deli Meats,G-02,Modern Trade,3065,1400482.42,42795.72,1357686.7,882460.66,41323.4,62805.68,22465.58
2024-11,Brand G - Deli Meats,G-02,Modern Trade,2643,1207552.06,55859.92,1151692.14,760706.26,30527.88,29873.53,20912.87
2024-12,Brand G - Deli Meats,G-02,Modern Trade,2862,1307935.52,60496.33,1247439.19,867055.55,33260.01,25359.17,16097.8
2025-01,Brand G - Deli Meats,G-02,Modern Trade,2705,1236194.6,26725.09,1209469.51,809129.55,34000.67,41386.95,20113.7
2025-02,Brand G - Deli Meats,G-02,Modern Trade,3049,1393307.92,49561.24,1343746.69,892188.46,34071.35,65488.49,17066.19
2025-03,Brand G - Deli Meats,G-02,Modern Trade,2951,1348277.28,72497.48,1275779.8,844471.7,27304.9,49624.94,27010.24
2025-04,Brand G - Deli Meats,G-02,Modern Trade,3307,1511295.21,33950.48,1477344.73,986113.9,20011.33,32436.61,35604.78
2025-05,Brand G - Deli Meats,G-02,Modern Trade,3756,1716070.63,123759.38,1592311.25,1068860.01,34126.51,72066.05,27871.8
2025-06,Brand G - Deli Meats,G-02,Modern Trade,3465,1583227.75,91345.96,1491881.8,978284.94,43972.26,58980.72,29957.83
2025-07,Brand G - Deli Meats,G-02,Modern Trade,3855,1761353.24,134725.88,1626627.36,1061367.71,45235.66,46697.31,40195.2
2025-08,Brand G - Deli Meats,G-02,Modern Trade,3904,1783867.82,45257.07,1738610.75,1165508.21,53823.12,64544.93,31982.22
2025-09,Brand G - Deli Meats,G-02,Modern Trade,3147,1437791.35,98152.66,1339638.69,925376.89,29362.32,60769.75,28181.09
2025-10,Brand G - Deli Meats,G-02,Modern Trade,3394,1550802.95,74179.95,1476623.01,1011156.31,42701.0,42937.19,23851.99
2025-11,Brand G - Deli Meats,G-02,Modern Trade,2692,1229903.54,57957.09,1171946.45,790115.35,19354.66,26346.04,21598.57
2025-12,Brand G - Deli Meats,G-02,Modern Trade,2753,1257846.01,38544.71,1219301.29,794446.88,24802.74,41068.6,13541.67
2024-01,Brand G - Deli Meats,G-02,Wholesale,1941,886975.1,54579.62,832395.49,581838.19,12473.28,40116.62,9891.49
2024-02,Brand G - Deli Meats,G-02,Wholesale,1820,831646.57,18182.96,813463.61,547419.96,11634.15,23626.43,16318.68
2024-03,Brand G - Deli Meats,G-02,Wholesale,2578,1177990.25,59715.88,1118274.36,754696.62,35561.94,38567.78,19203.5
2024-04,Brand G - Deli Meats,G-02,Wholesale,2457,1122501.23,69574.51,1052926.72,691757.5,21901.61,41958.09,16567.12
2024-05,Brand G - Deli Meats,G-02,Wholesale,2710,1238261.51,75796.26,1162465.26,764519.49,36938.63,35999.56,18475.19
2024-06,Brand G - Deli Meats,G-02,Wholesale,2692,1229959.57,79443.44,1150516.12,805418.8,22704.6,36778.67,27399.4
2024-07,Brand G - Deli Meats,G-02,Wholesale,2511,1147511.71,86771.8,1060739.91,721051.13,32898.68,27280.13,13026.31
2024-08,Brand G - Deli Meats,G-02,Wholesale,2601,1188309.96,68211.97,1120097.99,784978.35,21572.26,34160.12,23956.9
2024-09,Brand G - Deli Meats,G-02,Wholesale,2113,965304.71,36476.98,928827.73,645851.5,28297.96,31447.83,13873.0
2024-10,Brand G - Deli Meats,G-02,Wholesale,2311,1056124.56,30532.03,1025592.52,681009.18,19259.93,28644.06,10950.45
2024-11,Brand G - Deli Meats,G-02,Wholesale,2197,1004097.22,42310.0,961787.23,640467.43,23998.49,28722.49,20547.9
2024-12,Brand G - Deli Meats,G-02,Wholesale,2085,952500.57,59314.17,893186.39,626069.68,27366.5,35957.76,10224.81
2025-01,Brand G - Deli Meats,G-02,Wholesale,2196,1003292.98,27150.05,976142.93,649026.75,27123.78,24674.55,13785.15
2025-02,Brand G - Deli Meats,G-02,Wholesale,2585,1181356.7,93107.05,1088249.65,741605.47,32930.17,52316.46,19492.74
2025-03,Brand G - Deli Meats,G-02,Wholesale,2872,1312344.47,97574.74,1214769.73,804017.24,17553.62,25131.15,15849.52
2025-04,Brand G - Deli Meats,G-02,Wholesale,3000,1370632.89,61769.1,1308863.79,896435.33,41410.6,44848.03,27494.89
2025-05,Brand G - Deli Meats,G-02,Wholesale,3003,1372142.16,92699.87,1279442.29,877695.72,40106.63,60452.73,13439.18
2025-06,Brand G - Deli Meats,G-02,Wholesale,2655,1213093.82,95871.52,1117222.3,748069.23,17342.98,37433.56,17222.41
2025-07,Brand G - Deli Meats,G-02,Wholesale,2795,1276984.71,51585.87,1225398.84,840275.77,25103.69,43895.72,25167.23
2025-08,Brand G - Deli Meats,G-02,Wholesale,3134,1432162.63,81807.27,1350355.35,913814.87,25514.85,39867.13,13711.41
2025-09,Brand G - Deli Meats,G-02,Wholesale,2938,1342413.36,98562.33,1243851.02,815971.34,24218.63,30779.86,26369.36
2025-10,Brand G - Deli Meats,G-02,Wholesale,2633,1203323.6,62541.95,1140781.64,792152.41,26483.26,55692.91,20518.08
2025-11,Brand G - Deli Meats,G-02,Wholesale,2405,1099004.18,71003.93,1028000.25,721878.86,22024.84,21746.24,12463.61
2025-12,Brand G - Deli Meats,G-02,Wholesale,2374,1084555.17,55313.66,1029241.51,704319.45,25026.78,31022.15,12579.25
2024-01,Brand G - Deli Meats,G-02,HoReCa,675,308327.34,16131.75,292195.59,201650.94,8516.1,9833.22,5085.52
2024-02,Brand G - Deli Meats,G-02,HoReCa,701,320108.75,22257.33,297851.43,206213.01,6054.23,11592.6,5715.85
2024-03,Brand G - Deli Meats,G-02,HoReCa,789,360685.02,28042.25,332642.77,221209.77,12625.21,12825.23,5801.2
2024-04,Brand G - Deli Meats,G-02,HoReCa,923,421868.48,9015.47,412853.0,286048.83,11535.47,13580.25,9199.97
2024-05,Brand G - Deli Meats,G-02,HoReCa,938,428638.22,25123.8,403514.42,277728.58,9840.0,9116.15,4098.62
2024-06,Brand G - Deli Meats,G-02,HoReCa,914,417566.64,17975.54,399591.1,278028.51,14753.08,9194.01,4081.72
2024-07,Brand G - Deli Meats,G-02,HoReCa,904,413229.4,25097.38,388132.03,266986.04,13787.21,12083.76,7280.27
2024-08,Brand G - Deli Meats,G-02,HoReCa,794,362761.79,20240.77,342521.03,227697.44,8243.63,16472.29,6536.06
2024-09,Brand G - Deli Meats,G-02,HoReCa,869,396881.18,27581.26,369299.92,247605.82,11233.86,11505.67,8892.91
2024-10,Brand G - Deli Meats,G-02,HoReCa,732,334705.85,26738.82,307967.03,200268.32,7243.25,14934.13,3762.14
2024-11,Brand G - Deli Meats,G-02,HoReCa,903,412607.98,18829.56,393778.42,259500.52,10461.25,11658.47,8641.23
2024-12,Brand G - Deli Meats,G-02,HoReCa,792,361860.1,17184.69,344675.4,237738.07,11639.29,12059.71,7657.05
2025-01,Brand G - Deli Meats,G-02,HoReCa,684,312749.29,10434.87,302314.42,206020.35,9028.29,13805.02,5055.35
2025-02,Brand G - Deli Meats,G-02,HoReCa,841,384100.63,14391.72,369708.91,241324.59,8062.88,16993.0,8982.11
2025-03,Brand G - Deli Meats,G-02,HoReCa,838,382930.37,8723.61,374206.75,260921.68,12892.71,8719.24,3770.95
2025-04,Brand G - Deli Meats,G-02,HoReCa,965,441148.15,27759.24,413388.91,275498.45,18226.3,14507.03,7968.21
2025-05,Brand G - Deli Meats,G-02,HoReCa,969,442958.17,13897.04,429061.14,296932.51,17897.73,18402.68,6185.29
2025-06,Brand G - Deli Meats,G-02,HoReCa,985,450173.48,13643.54,436529.94,303986.28,17844.11,19649.85,10552.49
2025-07,Brand G - Deli Meats,G-02,HoReCa,933,426183.89,20526.53,405657.36,265322.78,9271.46,10035.74,9998.29
2025-08,Brand G - Deli Meats,G-02,HoReCa,947,432587.41,30679.19,401908.22,262116.6,11898.5,17551.14,4352.03
2025-09,Brand G - Deli Meats,G-02,HoReCa,1080,493351.81,26260.19,467091.62,304208.32,20699.04,12919.94,11308.56
2025-10,Brand G - Deli Meats,G-02,HoReCa,815,372254.71,23022.72,349231.99,235901.83,8707.05,8797.64,5911.45
2025-11,Brand G - Deli Meats,G-02,HoReCa,798,364625.3,13725.8,350899.5,229974.55,7541.99,17041.84,5181.11
2025-12,Brand G - Deli Meats,G-02,HoReCa,834,381196.73,12622.33,368574.4,258263.01,11385.78,15292.07,6634.44
2024-01,Brand G - Deli Meats,G-02,E-commerce,485,221643.66,5967.92,215675.75,143852.08,3177.69,6747.23,3930.02
2024-02,Brand G - Deli Meats,G-02,E-commerce,452,206399.97,6952.52,199447.45,136629.18,4853.44,5500.69,2399.15
2024-03,Brand G - Deli Meats,G-02,E-commerce,424,193893.52,11306.08,182587.44,119459.53,2914.58,6351.67,3472.47
2024-04,Brand G - Deli Meats,G-02,E-commerce,517,236158.43,14076.84,222081.59,145313.3,4977.18,6229.97,2515.57
2024-05,Brand G - Deli Meats,G-02,E-commerce,681,311223.56,12559.24,298664.32,201737.53,4461.71,10693.24,4814.4
2024-06,Brand G - Deli Meats,G-02,E-commerce,711,324909.08,7574.17,317334.9,216631.29,6271.1,12491.7,4736.34
2024-07,Brand G - Deli Meats,G-02,E-commerce,529,241932.0,14611.81,227320.19,147932.41,6042.04,10832.29,5605.77
2024-08,Brand G - Deli Meats,G-02,E-commerce,485,221714.11,7360.1,214354.01,139690.48,5898.0,6652.24,3650.13
2024-09,Brand G - Deli Meats,G-02,E-commerce,565,258240.68,13620.88,244619.8,162767.64,5169.78,10240.19,5180.53
2024-10,Brand G - Deli Meats,G-02,E-commerce,565,258277.15,9704.5,248572.65,164731.89,5411.44,5641.62,5611.48
2024-11,Brand G - Deli Meats,G-02,E-commerce,490,223689.51,12309.65,211379.86,144518.9,6263.96,10345.21,4807.85
2024-12,Brand G - Deli Meats,G-02,E-commerce,529,241861.87,15823.85,226038.01,156788.75,3904.71,9153.22,2436.77
2025-01,Brand G - Deli Meats,G-02,E-commerce,446,203907.43,4360.91,199546.52,137232.8,5118.6,5037.08,3879.47
2025-02,Brand G - Deli Meats,G-02,E-commerce,540,246949.95,7635.73,239314.22,166670.88,4150.32,10051.6,3399.37
2025-03,Brand G - Deli Meats,G-02,E-commerce,574,262471.59,10971.19,251500.4,171319.21,6830.48,9682.67,4138.92
2025-04,Brand G - Deli Meats,G-02,E-commerce,530,242316.83,8694.77,233622.06,160403.76,3902.67,10747.61,4950.17
2025-05,Brand G - Deli Meats,G-02,E-commerce,686,313348.6,9246.96,304101.64,205041.18,4905.93,10409.21,6860.66
2025-06,Brand G - Deli Meats,G-02,E-commerce,574,262196.34,14457.12,247739.22,163482.43,4199.49,11731.87,3893.46
2025-07,Brand G - Deli Meats,G-02,E-commerce,676,308982.98,7915.52,301067.46,204919.94,7125.42,8761.18,4996.16
2025-08,Brand G - Deli Meats,G-02,E-commerce,761,347504.63,7502.17,340002.46,222770.47,7787.84,12909.03,8298.47
2025-09,Brand G - Deli Meats,G-02,E-commerce,619,282904.74,21896.41,261008.33,180641.89,4596.04,12792.98,5070.84
2025-10,Brand G - Deli Meats,G-02,E-commerce,579,264390.56,11226.64,253163.92,172131.95,7980.11,8641.42,3808.89
2025-11,Brand G - Deli Meats,G-02,E-commerce,506,231325.31,18122.13,213203.18,139579.45,5672.04,7014.54,4121.73
2025-12,Brand G - Deli Meats,G-02,E-commerce,591,269932.01,19593.99,250338.02,168197.5,7071.93,6772.35,2555.77
2024-01,Brand G - Deli Meats,G-03,Modern Trade,1640,529905.38,73214.31,456691.07,312181.26,18943.07,53370.51,6678.98
2024-02,Brand G - Deli Meats,G-03,Modern Trade,1929,623294.42,71714.25,551580.17,376568.32,18546.09,40252.82,7834.86
2024-03,Brand G - Deli Meats,G-03,Modern Trade,1643,530773.33,67311.63,463461.71,325698.53,20611.61,54806.26,9725.49
2024-04,Brand G - Deli Meats,G-03,Modern Trade,1741,562635.07,56561.24,506073.84,346782.5,20436.51,48252.21,6474.62
2024-05,Brand G - Deli Meats,G-03,Modern Trade,2127,687176.99,88832.98,598344.0,390577.36,22304.7,35919.02,10507.66
2024-06,Brand G - Deli Meats,G-03,Modern Trade,2438,787647.28,108081.23,679566.05,459887.72,16590.78,46710.17,14022.03
2024-07,Brand G - Deli Meats,G-03,Modern Trade,2264,731573.28,72690.42,658882.87,447183.94,29416.35,71707.22,9503.9
2024-08,Brand G - Deli Meats,G-03,Modern Trade,2235,722026.58,77953.3,644073.28,424017.38,23488.16,42936.04,14502.02
2024-09,Brand G - Deli Meats,G-03,Modern Trade,2069,668547.04,79370.31,589176.73,387708.25,23789.21,51014.39,9740.94
2024-10,Brand G - Deli Meats,G-03,Modern Trade,1878,606735.11,65578.27,541156.84,355427.12,17370.17,40774.45,10247.17
2024-11,Brand G - Deli Meats,G-03,Modern Trade,1913,618125.26,79786.6,538338.65,351042.64,16903.04,34851.94,11014.72
2024-12,Brand G - Deli Meats,G-03,Modern Trade,1809,584360.69,61552.15,522808.55,366417.58,22858.83,53508.06,10613.9
2025-01,Brand G - Deli Meats,G-03,Modern Trade,1871,604544.76,59206.77,545337.98,373609.95,16455.76,37812.56,11189.47
2025-02,Brand G - Deli Meats,G-03,Modern Trade,2352,759964.42,90799.61,669164.82,439737.86,29539.84,51644.98,8240.5
2025-03,Brand G - Deli Meats,G-03,Modern Trade,1745,563700.67,48807.33,514893.34,360420.01,11076.46,57993.17,9015.99
2025-04,Brand G - Deli Meats,G-03,Modern Trade,2515,812675.04,96714.79,715960.26,488296.34,31471.35,76143.0,9507.9
2025-05,Brand G - Deli Meats,G-03,Modern Trade,2312,746841.02,95782.21,651058.81,426764.17,21639.48,52008.98,8541.73
2025-06,Brand G - Deli Meats,G-03,Modern Trade,2279,736351.68,61664.66,674687.01,461009.33,24206.05,64582.25,15809.15
2025-07,Brand G - Deli Meats,G-03,Modern Trade,2670,862616.82,69697.71,792919.11,531878.99,27748.46,53923.99,9694.24
2025-08,Brand G - Deli Meats,G-03,Modern Trade,2477,800347.0,80940.44,719406.55,472477.92,17444.66,52800.48,9236.01
2025-09,Brand G - Deli Meats,G-03,Modern Trade,2105,680252.9,84617.62,595635.28,393506.92,23066.55,48664.86,10732.99
2025-10,Brand G - Deli Meats,G-03,Modern Trade,1980,639627.31,92810.19,546817.12,362670.04,18152.81,55796.46,6157.93
2025-11,Brand G - Deli Meats,G-03,Modern Trade,2092,675877.34,67674.09,608203.25,397790.59,27395.93,62827.25,11919.08
2025-12,Brand G - Deli Meats,G-03,Modern Trade,2057,664452.98,103115.58,561337.4,377345.11,20422.12,53332.62,13506.68
2024-01,Brand G - Deli Meats,G-03,Wholesale,989,319580.72,37113.3,282467.42,187876.87,6814.78,27976.26,3705.37
2024-02,Brand G - Deli Meats,G-03,Wholesale,1417,457892.4,51950.29,405942.11,278855.62,17946.5,42865.44,7188.46
2024-03,Brand G - Deli Meats,G-03,Wholesale,1575,508717.86,64658.08,444059.77,302065.28,15630.93,48107.24,10139.95
2024-04,Brand G - Deli Meats,G-03,Wholesale,1454,469877.77,73664.44,396213.33,277808.89,18456.21,44304.46,6304.88
2024-05,Brand G - Deli Meats,G-03,Wholesale,1676,541406.96,63529.22,477877.74,323616.08,10618.8,38565.5,8403.74
2024-06,Brand G - Deli Meats,G-03,Wholesale,1809,584368.2,70728.04,513640.17,356907.11,17661.76,36095.59,9887.15
2024-07,Brand G - Deli Meats,G-03,Wholesale,1758,568071.41,63919.48,504151.93,341019.95,14991.19,34688.02,6006.51
2024-08,Brand G - Deli Meats,G-03,Wholesale,1692,546674.77,73946.52,472728.25,310084.96,10954.45,37914.04,9736.02
2024-09,Brand G - Deli Meats,G-03,Wholesale,1786,577011.83,65086.56,511925.26,350985.42,16926.83,43050.76,9938.06
2024-10,Brand G - Deli Meats,G-03,Wholesale,1448,467869.14,61931.62,405937.51,271345.1,19735.98,34282.69,6596.33
2024-11,Brand G - Deli Meats,G-03,Wholesale,1427,461157.49,48740.98,412416.51,280922.04,17036.34,34140.93,7038.89
2024-12,Brand G - Deli Meats,G-03,Wholesale,1171,378480.98,50148.02,328332.96,218994.53,8612.16,27901.35,3962.28
2025-01,Brand G - Deli Meats,G-03,Wholesale,1531,494731.68,67020.47,427711.21,299216.72,10806.18,32505.05,6279.51
2025-02,Brand G - Deli Meats,G-03,Wholesale,1352,436916.87,62071.05,374845.82,250534.52,13437.59,38937.52,6943.95
2025-03,Brand G - Deli Meats,G-03,Wholesale,1627,525589.85,68627.48,456962.37,313557.03,16680.44,35508.44,7926.74
2025-04,Brand G - Deli Meats,G-03,Wholesale,1691,546328.63,80510.42,465818.21,326225.55,22039.48,35860.87,10891.04
2025-05,Brand G - Deli Meats,G-03,Wholesale,1708,551914.97,67364.15,484550.82,336996.96,12893.2,46672.42,7681.5
2025-06,Brand G - Deli Meats,G-03,Wholesale,1764,569868.85,71838.81,498030.04,332372.66,20013.75,36007.7,6455.38
2025-07,Brand G - Deli Meats,G-03,Wholesale,1657,535382.71,53280.13,482102.58,333077.52,21229.77,50620.08,10599.39
2025-08,Brand G - Deli Meats,G-03,Wholesale,1883,608399.94,93656.5,514743.45,352526.77,21701.96,48513.26,10513.72
2025-09,Brand G - Deli Meats,G-03,Wholesale,1510,487760.55,45095.81,442664.74,301830.77,20134.94,47263.68,9440.38
2025-10,Brand G - Deli Meats,G-03,Wholesale,1600,516903.22,77602.62,439300.6,289201.11,16317.08,28657.34,5690.53
2025-11,Brand G - Deli Meats,G-03,Wholesale,1544,498845.65,78555.42,420290.23,292106.05,19364.56,45617.21,6324.35
2025-12,Brand G - Deli Meats,G-03,Wholesale,1673,540436.24,55804.49,484631.75,322794.82,20172.37,51029.46,6425.26
2024-01,Brand G - Deli Meats,G-03,HoReCa,449,145185.13,11923.7,133261.44,91504.15,6463.24,15749.42,2184.78
2024-02,Brand G - Deli Meats,G-03,HoReCa,501,162011.91,20735.63,141276.28,93217.0,9490.62,12172.99,2716.89
2024-03,Brand G - Deli Meats,G-03,HoReCa,552,178222.85,18617.51,159605.34,105511.79,8479.78,18635.49,2368.01
2024-04,Brand G - Deli Meats,G-03,HoReCa,466,150608.0,12641.79,137966.22,95241.55,8117.85,9102.11,2862.35
2024-05,Brand G - Deli Meats,G-03,HoReCa,572,184684.69,20104.66,164580.03,112517.82,7311.0,17256.05,2898.72
2024-06,Brand G - Deli Meats,G-03,HoReCa,641,207248.96,29902.01,177346.94,123263.26,7550.01,13002.45,1871.07
2024-07,Brand G - Deli Meats,G-03,HoReCa,504,162894.03,16684.25,146209.79,98916.97,7782.95,13486.63,1979.89
2024-08,Brand G - Deli Meats,G-03,HoReCa,503,162653.44,17613.2,145040.24,94689.11,5013.51,9916.18,3017.21
2024-09,Brand G - Deli Meats,G-03,HoReCa,473,152960.68,13624.78,139335.9,94855.86,6776.67,11082.28,1910.08
2024-10,Brand G - Deli Meats,G-03,HoReCa,592,191358.07,17585.62,173772.45,120801.7,11027.93,10957.36,3879.65
2024-11,Brand G - Deli Meats,G-03,HoReCa,424,136863.99,21042.05,115821.94,77311.04,7724.77,8882.72,2571.27
2024-12,Brand G - Deli Meats,G-03,HoReCa,389,125720.19,15319.03,110401.16,72699.82,3306.02,11279.06,1482.15
2025-01,Brand G - Deli Meats,G-03,HoReCa,413,133320.84,19120.32,114200.52,77525.67,3652.98,11644.24,1355.77
2025-02,Brand G - Deli Meats,G-03,HoReCa,440,142151.37,22256.44,119894.93,83507.47,5807.17,12061.69,1353.99
2025-03,Brand G - Deli Meats,G-03,HoReCa,569,183898.82,23521.01,160377.8,110886.68,7826.41,11154.12,2488.4
2025-04,Brand G - Deli Meats,G-03,HoReCa,676,218408.43,19810.29,198598.14,133865.58,10059.82,18512.66,4380.7
2025-05,Brand G - Deli Meats,G-03,HoReCa,554,179010.37,28063.26,150947.1,104928.43,10785.18,13300.73,1771.38
2025-06,Brand G - Deli Meats,G-03,HoReCa,645,208302.46,30302.89,177999.57,124364.43,7193.84,13971.13,4236.86
2025-07,Brand G - Deli Meats,G-03,HoReCa,653,211120.52,19385.73,191734.79,127268.05,8115.04,13164.14,3319.16
2025-08,Brand G - Deli Meats,G-03,HoReCa,548,177032.08,20347.16,156684.92,101991.63,8035.15,14739.37,2145.94
2025-09,Brand G - Deli Meats,G-03,HoReCa,541,174865.65,17813.01,157052.64,107792.51,7511.86,17462.82,2506.41
2025-10,Brand G - Deli Meats,G-03,HoReCa,616,199047.46,19128.66,179918.81,125540.07,9658.55,12085.47,2053.9
2025-11,Brand G - Deli Meats,G-03,HoReCa,519,167714.47,21250.67,146463.81,98344.03,9264.4,12515.39,2403.39
2025-12,Brand G - Deli Meats,G-03,HoReCa,478,154495.72,24144.64,130351.09,88948.31,8900.97,11210.6,1758.38
2024-01,Brand G - Deli Meats,G-03,E-commerce,283,91302.88,9286.77,82016.11,57611.92,2353.18,4984.21,1975.31
2024-02,Brand G - Deli Meats,G-03,E-commerce,317,102369.71,15328.55,87041.16,57763.66,2718.09,8210.23,1557.67
2024-03,Brand G - Deli Meats,G-03,E-commerce,358,115563.46,13805.03,101758.42,67667.49,2852.91,8332.86,2283.98
2024-04,Brand G - Deli Meats,G-03,E-commerce,379,122510.51,14937.71,107572.8,73304.44,4551.99,6543.06,2214.1
2024-05,Brand G - Deli Meats,G-03,E-commerce,334,107964.78,14182.59,93782.19,62967.58,4436.05,6083.47,2010.33
2024-06,Brand G - Deli Meats,G-03,E-commerce,416,134354.54,17573.78,116780.75,77126.42,4124.62,9343.37,2758.49
2024-07,Brand G - Deli Meats,G-03,E-commerce,376,121443.39,14739.33,106704.06,71328.06,4614.22,7926.38,2053.57
2024-08,Brand G - Deli Meats,G-03,E-commerce,379,122340.95,13244.54,109096.41,73499.33,4195.5,10719.47,1782.2
2024-09,Brand G - Deli Meats,G-03,E-commerce,366,118131.31,16490.35,101640.96,70034.86,3907.32,9811.03,1853.65
2024-10,Brand G - Deli Meats,G-03,E-commerce,301,97229.7,15278.06,81951.63,53294.86,2277.32,6857.59,1123.49
2024-11,Brand G - Deli Meats,G-03,E-commerce,299,96511.37,8252.23,88259.14,60417.53,2436.21,9775.24,1495.25
2024-12,Brand G - Deli Meats,G-03,E-commerce,343,110953.78,17577.75,93376.02,60899.2,4484.11,7911.28,1596.56
2025-01,Brand G - Deli Meats,G-03,E-commerce,378,122197.2,10094.27,112102.93,78270.37,2928.12,8490.95,2701.61
2025-02,Brand G - Deli Meats,G-03,E-commerce,312,100867.68,15536.59,85331.09,57284.71,3077.92,8495.85,1219.33
2025-03,Brand G - Deli Meats,G-03,E-commerce,365,118027.0,12125.47,105901.53,73858.81,4566.56,7809.21,1486.9
2025-04,Brand G - Deli Meats,G-03,E-commerce,451,145639.82,16148.6,129491.23,89843.31,3659.16,11630.3,2749.86
2025-05,Brand G - Deli Meats,G-03,E-commerce,391,126477.55,18899.81,107577.74,74534.42,2474.91,7912.97,2514.87
2025-06,Brand G - Deli Meats,G-03,E-commerce,358,115596.07,11716.95,103879.11,68284.78,4906.22,11083.22,1499.74
2025-07,Brand G - Deli Meats,G-03,E-commerce,410,132339.24,11723.79,120615.45,84731.86,5395.91,13393.7,1667.79
2025-08,Brand G - Deli Meats,G-03,E-commerce,425,137325.46,21133.17,116192.3,79088.94,5652.69,13046.14,1730.31
2025-09,Brand G - Deli Meats,G-03,E-commerce,380,122681.34,12258.52,110422.83,74141.28,4162.47,10939.75,2548.61
2025-10,Brand G - Deli Meats,G-03,E-commerce,304,98296.46,15140.37,83156.09,54201.72,3564.2,6769.75,1014.44
2025-11,Brand G - Deli Meats,G-03,E-commerce,295,95471.68,12462.57,83009.11,55637.88,4002.92,9613.24,1331.28
2025-12,Brand G - Deli Meats,G-03,E-commerce,339,109607.71,9666.83,99940.89,69244.92,3443.42,8709.6,1835.34
2024-01,Brand G - Deli Meats,G-04,Modern Trade,994,777380.63,59414.48,717966.15,473585.38,11063.77,19730.52,13777.86
2024-02,Brand G - Deli Meats,G-04,Modern Trade,924,722795.01,26067.7,696727.31,480110.68,8425.45,29306.3,9626.93
2024-03,Brand G - Deli Meats,G-04,Modern Trade,1334,1043580.27,27766.23,1015814.04,661428.12,13311.07,33861.94,14275.69
2024-04,Brand G - Deli Meats,G-04,Modern Trade,1241,970475.91,31743.94,938731.97,634342.32,7788.91,19835.23,17678.85
2024-05,Brand G - Deli Meats,G-04,Modern Trade,1320,1032636.66,56456.51,976180.15,640486.42,10613.06,24710.54,18721.29
2024-06,Brand G - Deli Meats,G-04,Modern Trade,1243,972055.6,68404.98,903650.62,590408.36,12345.56,32769.76,13859.15
2024-07,Brand G - Deli Meats,G-04,Modern Trade,1587,1241400.91,47696.39,1193704.53,826565.98,9603.22,49933.96,17799.48
2024-08,Brand G - Deli Meats,G-04,Modern Trade,1452,1135363.9,28588.47,1106775.43,756965.1,16947.16,53581.81,27439.39
2024-09,Brand G - Deli Meats,G-04,Modern Trade,1309,1023631.69,47925.82,975705.87,643190.8,15090.17,28278.12,24083.94
2024-10,Brand G - Deli Meats,G-04,Modern Trade,1085,848339.82,42594.18,805745.63,556474.41,8423.3,25229.44,17321.62
2024-11,Brand G - Deli Meats,G-04,Modern Trade,1148,897621.43,23973.33,873648.1,613410.39,14972.09,37464.33,11295.37
2024-12,Brand G - Deli Meats,G-04,Modern Trade,1088,851138.61,50252.92,800885.69,554871.21,9174.45,26173.18,9549.96
2025-01,Brand G - Deli Meats,G-04,Modern Trade,1177,920833.57,40575.4,880258.17,578261.12,14261.35,23824.68,21588.2
2025-02,Brand G - Deli Meats,G-04,Modern Trade,978,764483.03,24205.67,740277.36,511395.62,8087.23,24648.79,12288.79
2025-03,Brand G - Deli Meats,G-04,Modern Trade,1582,1237216.27,72739.6,1164476.67,766295.67,10557.93,31201.14,20574.27
2025-04,Brand G - Deli Meats,G-04,Modern Trade,1412,1104623.92,56733.11,1047890.81,682690.09,11163.76,46890.09,20353.52
2025-05,Brand G - Deli Meats,G-04,Modern Trade,1668,1304508.51,35118.04,1269390.48,866427.15,15157.4,44802.67,30371.29
2025-06,Brand G - Deli Meats,G-04,Modern Trade,1686,1318734.8,44112.24,1274622.56,896202.94,12655.43,63457.24,25780.39
2025-07,Brand G - Deli Meats,G-04,Modern Trade,1686,1318720.26,27881.98,1290838.29,879892.36,12163.11,62936.44,18526.66
2025-08,Brand G - Deli Meats,G-04,Modern Trade,1416,1107037.63,34191.83,1072845.8,748279.82,18323.27,49815.87,14477.99
2025-09,Brand G - Deli Meats,G-04,Modern Trade,1319,1031772.83,79723.88,952048.95,623038.11,11812.95,30631.02,13304.62
2025-10,Brand G - Deli Meats,G-04,Modern Trade,1545,1208290.35,45233.21,1163057.14,799177.31,11862.41,49787.8,26224.89
2025-11,Brand G - Deli Meats,G-04,Modern Trade,1079,843721.36,66898.1,776823.26,508707.55,9824.98,21037.23,7890.48
2025-12,Brand G - Deli Meats,G-04,Modern Trade,1340,1047923.97,32738.69,1015185.29,712501.01,16449.24,50055.84,14968.03
2024-01,Brand G - Deli Meats,G-04,Wholesale,883,690654.84,31303.52,659351.32,438287.33,5925.66,18342.51,7901.44
2024-02,Brand G - Deli Meats,G-04,Wholesale,916,716635.28,16537.25,700098.02,467916.73,7759.7,15837.99,16541.28
2024-03,Brand G - Deli Meats,G-04,Wholesale,1100,860266.31,22755.35,837510.96,574325.16,6643.39,29200.97,9857.21
2024-04,Brand G - Deli Meats,G-04,Wholesale,1052,822742.28,23244.8,799497.49,520774.61,6672.15,30710.32,13611.96
2024-05,Brand G - Deli Meats,G-04,Wholesale,1245,973654.62,30105.67,943548.95,648981.9,11601.36,29740.06,23132.6
2024-06,Brand G - Deli Meats,G-04,Wholesale,1160,907247.62,50392.65,856854.97,588294.24,9876.01,35302.01,9612.71
2024-07,Brand G - Deli Meats,G-04,Wholesale,906,708933.57,55872.18,653061.39,458137.9,12567.72,21899.9,9439.17
2024-08,Brand G - Deli Meats,G-04,Wholesale,1010,789851.65,32871.42,756980.23,515323.27,9651.28,29418.11,8657.61
2024-09,Brand G - Deli Meats,G-04,Wholesale,993,776636.76,29676.9,746959.86,489902.0,13173.0,31011.3,10379.13
2024-10,Brand G - Deli Meats,G-04,Wholesale,842,658878.73,32595.18,626283.55,436544.98,5908.56,29130.53,6829.78
2024-11,Brand G - Deli Meats,G-04,Wholesale,983,768602.75,22419.03,746183.72,494956.06,11545.09,27288.11,15936.2
2024-12,Brand G - Deli Meats,G-04,Wholesale,1002,783735.48,53382.32,730353.16,511407.67,12409.78,33278.07,13662.02
2025-01,Brand G - Deli Meats,G-04,Wholesale,778,608385.83,13733.39,594652.44,398105.8,10729.71,28260.56,13846.5
2025-02,Brand G - Deli Meats,G-04,Wholesale,1015,793980.27,60993.48,732986.8,514503.67,9090.48,20180.07,14053.63
2025-03,Brand G - Deli Meats,G-04,Wholesale,898,702190.06,22702.28,679487.78,446050.29,8348.25,23960.28,15848.54
2025-04,Brand G - Deli Meats,G-04,Wholesale,1036,810269.79,61195.37,749074.42,523260.53,9290.27,25847.01,15603.79
2025-05,Brand G - Deli Meats,G-04,Wholesale,1163,909612.71,51118.5,858494.21,597523.91,10943.15,34843.57,18896.34
2025-06,Brand G - Deli Meats,G-04,Wholesale,1399,1094431.74,71267.74,1023164.0,670380.79,14688.29,44631.79,22561.09
2025-07,Brand G - Deli Meats,G-04,Wholesale,1255,981535.79,60243.49,921292.31,624089.05,15475.62,22406.59,20259.01
2025-08,Brand G - Deli Meats,G-04,Wholesale,1110,868033.46,62136.01,805897.45,566896.23,12332.52,39933.09,11430.08
2025-09,Brand G - Deli Meats,G-04,Wholesale,968,756859.5,55235.16,701624.33,467744.44,13506.73,31844.17,12069.84
2025-10,Brand G - Deli Meats,G-04,Wholesale,868,678698.12,40788.75,637909.37,435656.82,11004.0,23519.4,7132.5
2025-11,Brand G - Deli Meats,G-04,Wholesale,947,740670.83,34297.61,706373.22,486657.27,6194.46,18603.25,12256.59
2025-12,Brand G - Deli Meats,G-04,Wholesale,979,765417.9,55025.65,710392.25,471349.25,8693.36,21661.03,9988.19
2024-01,Brand G - Deli Meats,G-04,HoReCa,237,184987.24,5119.63,179867.61,125645.99,2738.31,5259.86,3898.06
2024-02,Brand G - Deli Meats,G-04,HoReCa,250,195839.03,10260.06,185578.97,125374.2,3697.76,3745.34,2122.12
2024-03,Brand G - Deli Meats,G-04,HoReCa,298,232821.78,9895.32,222926.46,147036.06,5136.68,10638.24,4222.95
2024-04,Brand G - Deli Meats,G-04,HoReCa,381,297850.19,16982.78,280867.42,189175.79,5097.55,12307.62,5021.27
2024-05,Brand G - Deli Meats,G-04,HoReCa,392,306637.62,16728.79,289908.83,201101.75,6104.75,6174.65,3175.84
2024-06,Brand G - Deli Meats,G-04,HoReCa,358,280042.28,17324.61,262717.67,181034.09,5553.56,7469.56,3351.78
2024-07,Brand G - Deli Meats,G-04,HoReCa,331,258641.71,6238.87,252402.83,173858.73,3641.98,6703.35,5502.45
2024-08,Brand G - Deli Meats,G-04,HoReCa,375,293444.43,23195.94,270248.49,187840.17,6023.21,5556.26,5597.51
2024-09,Brand G - Deli Meats,G-04,HoReCa,363,283994.43,19953.16,264041.27,174324.22,5508.27,10595.03,3471.17
2024-10,Brand G - Deli Meats,G-04,HoReCa,337,263824.17,14417.7,249406.47,163829.18,4500.03,8635.32,4471.85
2024-11,Brand G - Deli Meats,G-04,HoReCa,260,203480.62,4833.18,198647.44,132654.34,5024.63,8491.83,2442.6
2024-12,Brand G - Deli Meats,G-04,HoReCa,329,257509.44,12574.42,244935.02,169955.55,4088.13,10180.69,5799.68
2025-01,Brand G - Deli Meats,G-04,HoReCa,286,223474.53,13844.78,209629.76,146232.89,2712.99,5541.19,3870.51
2025-02,Brand G - Deli Meats,G-04,HoReCa,363,284194.61,11132.52,273062.09,184971.14,4913.48,12622.17,5768.6
2025-03,Brand G - Deli Meats,G-04,HoReCa,330,258154.15,20609.49,237544.66,160946.33,3433.28,6856.43,4894.41
2025-04,Brand G - Deli Meats,G-04,HoReCa,396,309960.53,20831.56,289128.97,190064.23,5891.33,13352.62,5892.68
2025-05,Brand G - Deli Meats,G-04,HoReCa,426,333481.66,25588.37,307893.28,214390.46,4204.9,6914.57,4852.95
2025-06,Brand G - Deli Meats,G-04,HoReCa,431,336885.7,14495.32,322390.38,212541.68,7974.9,9166.22,7272.59
2025-07,Brand G - Deli Meats,G-04,HoReCa,411,321362.34,19437.3,301925.04,203627.26,7800.09,8289.77,6156.15
2025-08,Brand G - Deli Meats,G-04,HoReCa,391,305723.5,14622.87,291100.63,198820.84,4509.31,13893.24,3413.18
2025-09,Brand G - Deli Meats,G-04,HoReCa,352,275436.44,18710.13,256726.3,179464.37,5048.06,7453.64,5303.46
2025-10,Brand G - Deli Meats,G-04,HoReCa,353,275796.02,11280.2,264515.82,176508.15,4779.69,9543.91,4390.61
2025-11,Brand G - Deli Meats,G-04,HoReCa,364,285026.27,6575.63,278450.65,189703.79,5742.46,13023.59,6742.09
2025-12,Brand G - Deli Meats,G-04,HoReCa,323,252589.33,7406.82,245182.5,168319.78,3526.98,12053.07,5782.52
2024-01,Brand G - Deli Meats,G-04,E-commerce,174,135833.03,2995.02,132838.01,90663.52,2336.47,3320.13,2604.09
2024-02,Brand G - Deli Meats,G-04,E-commerce,203,158945.46,7444.88,151500.57,106484.95,1591.28,4059.61,2151.86
2024-03,Brand G - Deli Meats,G-04,E-commerce,215,167876.64,7716.26,160160.39,109324.24,2161.59,4737.38,3820.68
2024-04,Brand G - Deli Meats,G-04,E-commerce,230,179726.92,13315.32,166411.6,116600.68,2613.79,7683.51,3114.23
2024-05,Brand G - Deli Meats,G-04,E-commerce,240,187736.94,5623.25,182113.69,126239.36,3051.06,4934.66,2932.02
2024-06,Brand G - Deli Meats,G-04,E-commerce,281,219734.38,9360.92,210373.46,146205.47,3857.02,6955.87,2262.72
2024-07,Brand G - Deli Meats,G-04,E-commerce,220,171906.1,7433.95,164472.15,111080.51,1829.08,8073.53,2388.62
2024-08,Brand G - Deli Meats,G-04,E-commerce,232,181346.59,6536.27,174810.31,122012.28,2493.88,6795.73,3036.9
2024-09,Brand G - Deli Meats,G-04,E-commerce,222,173499.84,13562.12,159937.71,110527.75,2511.91,5084.43,2504.12
2024-10,Brand G - Deli Meats,G-04,E-commerce,243,190321.14,10973.87,179347.28,121304.91,3380.74,7918.2,1827.63
2024-11,Brand G - Deli Meats,G-04,E-commerce,210,164245.93,11543.8,152702.12,104486.76,2761.41,4988.41,2281.75
2024-12,Brand G - Deli Meats,G-04,E-commerce,238,186412.13,11784.44,174627.69,116483.89,2147.85,6403.7,2682.82
2025-01,Brand G - Deli Meats,G-04,E-commerce,192,150422.55,11117.73,139304.82,96401.48,1890.42,5186.65,2575.58
2025-02,Brand G - Deli Meats,G-04,E-commerce,228,178064.06,10872.91,167191.15,116723.21,1958.75,7454.77,4042.4
2025-03,Brand G - Deli Meats,G-04,E-commerce,204,159747.78,4984.2,154763.57,106991.61,1600.16,6714.47,2704.5
2025-04,Brand G - Deli Meats,G-04,E-commerce,264,206297.77,5857.9,200439.88,139434.44,2507.31,7867.31,4394.84
2025-05,Brand G - Deli Meats,G-04,E-commerce,254,198969.99,6201.78,192768.21,129622.59,2887.78,7552.53,2179.39
2025-06,Brand G - Deli Meats,G-04,E-commerce,279,217805.34,16861.04,200944.3,137436.91,2698.37,5146.36,2305.68
2025-07,Brand G - Deli Meats,G-04,E-commerce,298,232757.27,13300.0,219457.28,153009.98,3508.9,9705.73,2481.69
2025-08,Brand G - Deli Meats,G-04,E-commerce,277,216674.88,6378.95,210295.93,139584.14,3531.76,9668.41,2638.65
2025-09,Brand G - Deli Meats,G-04,E-commerce,248,193664.97,13165.89,180499.08,119784.08,2978.56,7196.88,2273.45
2025-10,Brand G - Deli Meats,G-04,E-commerce,224,174879.48,7704.94,167174.54,109812.2,2739.18,6924.51,2385.8
2025-11,Brand G - Deli Meats,G-04,E-commerce,217,169851.79,6444.43,163407.36,111005.67,1579.32,4351.99,1883.0
2025-12,Brand G - Deli Meats,G-04,E-commerce,242,189173.97,13206.21,175967.75,121978.18,1903.03,5302.49,3332.28
2024-01,Brand G - Deli Meats,G-05,Modern Trade,1778,1402330.76,80588.02,1321742.74,887973.72,20850.94,63760.3,30560.5
2024-02,Brand G - Deli Meats,G-05,Modern Trade,1720,1356783.13,100040.89,1256742.24,874209.13,15338.07,52718.77,25132.36
2024-03,Brand G - Deli Meats,G-05,Modern Trade,1828,1441392.91,78063.02,1363329.9,928870.62,19438.97,43619.41,27094.84
2024-04,Brand G - Deli Meats,G-05,Modern Trade,1787,1409025.59,97783.01,1311242.59,855283.11,14114.95,64611.57,30713.14
2024-05,Brand G - Deli Meats,G-05,Modern Trade,2064,1627974.22,114062.42,1513911.8,1004180.66,13188.75,51706.35,16825.73
2024-06,Brand G - Deli Meats,G-05,Modern Trade,1821,1436008.78,67045.28,1368963.5,948801.58,22464.39,48817.89,33929.46
2024-07,Brand G - Deli Meats,G-05,Modern Trade,2275,1793967.77,68337.66,1725630.11,1146896.74,30342.31,58920.43,34673.03
2024-08,Brand G - Deli Meats,G-05,Modern Trade,1861,1467290.51,70001.17,1397289.34,956140.88,17982.42,47682.32,26879.64
2024-09,Brand G - Deli Meats,G-05,Modern Trade,1869,1473927.34,82235.44,1391691.89,918092.88,25108.2,55690.16,23495.44
2024-10,Brand G - Deli Meats,G-05,Modern Trade,1982,1562967.46,36210.21,1526757.25,1042997.96,22841.08,40365.75,21140.44
2024-11,Brand G - Deli Meats,G-05,Modern Trade,2076,1637374.47,44963.56,1592410.91,1085973.95,21851.63,64354.21,30434.42
2024-12,Brand G - Deli Meats,G-05,Modern Trade,1718,1355120.61,57065.6,1298055.01,877406.93,21899.22,36493.89,17719.41
2025-01,Brand G - Deli Meats,G-05,Modern Trade,2053,1618910.42,96955.14,1521955.28,993045.4,24569.56,52325.47,22074.89
2025-02,Brand G - Deli Meats,G-05,Modern Trade,2133,1682490.35,123375.62,1559114.72,1090797.2,21937.33,70585.52,23538.58
2025-03,Brand G - Deli Meats,G-05,Modern Trade,2274,1793101.35,105000.27,1688101.08,1108338.17,17266.09,80761.27,23961.09
2025-04,Brand G - Deli Meats,G-05,Modern Trade,2039,1607917.25,89514.99,1518402.26,992328.63,26244.98,55633.21,29282.5
2025-05,Brand G - Deli Meats,G-05,Modern Trade,2467,1945461.19,40216.36,1905244.83,1335986.34,30334.91,83676.12,39618.23
2025-06,Brand G - Deli Meats,G-05,Modern Trade,2742,2162012.59,161566.68,2000445.91,1359450.63,20105.98,99699.95,35696.18
2025-07,Brand G - Deli Meats,G-05,Modern Trade,2339,1844908.16,52861.62,1792046.54,1228125.2,26971.07,44251.39,22647.81
2025-08,Brand G - Deli Meats,G-05,Modern Trade,2082,1642072.29,93697.29,1548375.0,1046568.23,25512.81,58818.5,31581.37
2025-09,Brand G - Deli Meats,G-05,Modern Trade,2243,1768685.01,141075.77,1627609.25,1096610.72,30021.79,63144.3,16494.55
2025-10,Brand G - Deli Meats,G-05,Modern Trade,1995,1573606.95,88445.46,1485161.49,990178.85,27807.56,34940.35,19716.82
2025-11,Brand G - Deli Meats,G-05,Modern Trade,2366,1866253.92,85808.34,1780445.58,1228674.99,18063.26,76018.43,39360.27
2025-12,Brand G - Deli Meats,G-05,Modern Trade,2281,1799074.66,97910.81,1701163.85,1127332.7,19780.15,52367.15,29191.82
2024-01,Brand G - Deli Meats,G-05,Wholesale,1309,1032148.01,21833.52,1010314.5,708200.83,11388.79,38481.7,14525.81
2024-02,Brand G - Deli Meats,G-05,Wholesale,1269,1000530.02,64778.23,935751.8,618417.98,7638.35,30698.11,14028.42
2024-03,Brand G - Deli Meats,G-05,Wholesale,1709,1348023.65,64943.98,1283079.67,858664.96,15695.2,62394.45,22440.79
2024-04,Brand G - Deli Meats,G-05,Wholesale,1594,1257032.59,57961.15,1199071.44,825016.71,19162.88,38631.68,28998.22
2024-05,Brand G - Deli Meats,G-05,Wholesale,1682,1326667.79,44266.52,1282401.27,868226.89,16931.64,48563.1,24024.59
2024-06,Brand G - Deli Meats,G-05,Wholesale,1648,1299421.84,78630.9,1220790.94,794042.75,16302.03,58313.04,15200.89
2024-07,Brand G - Deli Meats,G-05,Wholesale,1483,1169662.0,67846.25,1101815.75,769185.94,13355.52,49522.47,19998.08
2024-08,Brand G - Deli Meats,G-05,Wholesale,1435,1131822.41,64226.37,1067596.05,728969.79,18056.88,30544.84,11550.5
2024-09,Brand G - Deli Meats,G-05,Wholesale,1264,996508.93,73722.29,922786.64,613910.67,14083.98,22400.25,10409.74
2024-10,Brand G - Deli Meats,G-05,Wholesale,1218,960841.47,59180.84,901660.63,616274.18,14458.14,22064.5,19760.99
2024-11,Brand G - Deli Meats,G-05,Wholesale,1383,1090462.85,42164.42,1048298.42,708936.21,14635.12,38901.65,18377.45
2024-12,Brand G - Deli Meats,G-05,Wholesale,1372,1081961.07,30490.64,1051470.43,739438.64,17584.73,44618.27,22682.33
2025-01,Brand G - Deli Meats,G-05,Wholesale,1468,1157710.57,52705.19,1105005.38,754991.46,12066.56,48790.46,23698.23
2025-02,Brand G - Deli Meats,G-05,Wholesale,1626,1282475.02,30531.14,1251943.88,874080.89,22105.22,44334.02,19269.62
2025-03,Brand G - Deli Meats,G-05,Wholesale,1706,1345246.72,71718.1,1273528.62,834775.69,11899.03,26152.05,12937.22
2025-04,Brand G - Deli Meats,G-05,Wholesale,1754,1383373.19,101701.94,1281671.24,860458.62,12113.77,58681.15,15631.66
2025-05,Brand G - Deli Meats,G-05,Wholesale,1799,1419050.34,79225.03,1339825.3,932553.19,11812.88,30807.84,13646.11
2025-06,Brand G - Deli Meats,G-05,Wholesale,1813,1430133.14,40106.57,1390026.57,965460.5,15909.25,47725.67,15015.1
2025-07,Brand G - Deli Meats,G-05,Wholesale,1775,1399802.52,50578.06,1349224.47,923687.28,23590.45,37680.43,23597.58
2025-08,Brand G - Deli Meats,G-05,Wholesale,1572,1239620.77,57675.23,1181945.54,817342.2,12161.6,47928.86,12972.2
2025-09,Brand G - Deli Meats,G-05,Wholesale,1838,1449260.73,51728.91,1397531.82,914560.65,13899.34,63913.6,14100.71
2025-10,Brand G - Deli Meats,G-05,Wholesale,1348,1063063.87,50509.44,1012554.43,705444.35,18104.08,36831.84,16697.17
2025-11,Brand G - Deli Meats,G-05,Wholesale,1412,1113498.53,64529.19,1048969.34,705316.01,11257.44,37358.56,20303.32
2025-12,Brand G - Deli Meats,G-05,Wholesale,1505,1186592.07,73558.2,1113033.87,757452.42,19170.02,25291.77,15799.77
2024-01,Brand G - Deli Meats,G-05,HoReCa,384,302725.48,6852.06,295873.43,202317.52,3608.3,7282.3,6164.54
2024-02,Brand G - Deli Meats,G-05,HoReCa,432,340340.5,20081.02,320259.48,223102.26,8160.98,9176.11,6778.24
2024-03,Brand G - Deli Meats,G-05,HoReCa,521,411181.74,29632.8,381548.94,252997.56,8446.62,11316.49,9442.1
2024-04,Brand G - Deli Meats,G-05,HoReCa,524,413326.26,19288.43,394037.84,267947.9,9187.87,15085.4,5289.81
2024-05,Brand G - Deli Meats,G-05,HoReCa,520,410385.99,27671.65,382714.34,265269.46,5692.84,12757.84,4063.87
2024-06,Brand G - Deli Meats,G-05,HoReCa,563,443651.86,26695.67,416956.19,284898.43,10111.98,14970.46,5322.93
2024-07,Brand G - Deli Meats,G-05,HoReCa,546,430673.55,15875.45,414798.11,270931.66,8730.78,12120.99,4263.13
2024-08,Brand G - Deli Meats,G-05,HoReCa,485,382686.84,9796.89,372889.95,257861.37,5342.69,10636.96,6775.42
2024-09,Brand G - Deli Meats,G-05,HoReCa,579,456580.72,34423.04,422157.67,279079.31,9089.43,16603.3,5964.38
2024-10,Brand G - Deli Meats,G-05,HoReCa,458,360832.11,22484.95,338347.16,230094.95,7763.89,10899.8,7536.51
2024-11,Brand G - Deli Meats,G-05,HoReCa,470,370578.75,21995.59,348583.16,231278.31,5001.95,13134.1,3691.89
2024-12,Brand G - Deli Meats,G-05,HoReCa,425,335143.39,18379.66,316763.73,207758.41,4201.01,11753.77,5481.61
2025-01,Brand G - Deli Meats,G-05,HoReCa,500,394525.06,22236.84,372288.22,255703.49,6235.52,12450.63,7233.61
2025-02,Brand G - Deli Meats,G-05,HoReCa,476,375500.9,13721.73,361779.17,246329.72,6897.74,12890.28,8936.26
2025-03,Brand G - Deli Meats,G-05,HoReCa,478,376850.33,16660.31,360190.03,238699.13,7685.04,12480.45,6950.57
2025-04,Brand G - Deli Meats,G-05,HoReCa,677,533906.85,13039.12,520867.73,345654.8,11013.49,12507.04,9232.29
2025-05,Brand G - Deli Meats,G-05,HoReCa,597,470628.05,21076.28,449551.77,303250.79,5255.12,20519.32,4729.73
2025-06,Brand G - Deli Meats,G-05,HoReCa,636,501582.22,17040.95,484541.27,336064.01,7305.01,17441.26,9276.29
2025-07,Brand G - Deli Meats,G-05,HoReCa,630,496472.8,19170.38,477302.42,312260.15,11036.25,13316.86,7752.53
2025-08,Brand G - Deli Meats,G-05,HoReCa,519,409030.93,31260.05,377770.89,245834.3,6619.23,9371.64,5827.14
2025-09,Brand G - Deli Meats,G-05,HoReCa,609,480194.73,22172.64,458022.09,310958.31,6444.88,21862.5,9612.29
2025-10,Brand G - Deli Meats,G-05,HoReCa,440,346609.75,24094.07,322515.68,215759.15,7534.01,10067.56,8000.45
2025-11,Brand G - Deli Meats,G-05,HoReCa,526,414511.21,19468.9,395042.31,273909.08,8223.19,8630.28,9318.99
2025-12,Brand G - Deli Meats,G-05,HoReCa,530,417675.39,24763.73,392911.66,274595.18,4793.38,14925.33,6554.61
2024-01,Brand G - Deli Meats,G-05,E-commerce,291,229808.4,14926.61,214881.79,146997.84,3341.21,9352.02,4786.17
2024-02,Brand G - Deli Meats,G-05,E-commerce,334,263041.38,16364.93,246676.45,171924.97,3858.72,9247.48,4933.15
2024-03,Brand G - Deli Meats,G-05,E-commerce,371,292827.76,6954.1,285873.66,185883.03,2650.72,7960.95,5621.4
2024-04,Brand G - Deli Meats,G-05,E-commerce,326,257396.65,5724.37,251672.28,167356.88,2195.7,11247.12,5115.81
2024-05,Brand G - Deli Meats,G-05,E-commerce,332,261591.67,5355.07,256236.6,178913.48,3756.75,8617.97,4684.21
2024-06,Brand G - Deli Meats,G-05,E-commerce,378,297734.24,20456.7,277277.54,192481.77,3071.84,7447.34,6585.39
2024-07,Brand G - Deli Meats,G-05,E-commerce,348,274481.69,20210.53,254271.15,174985.23,2594.83,12257.05,4767.83
2024-08,Brand G - Deli Meats,G-05,E-commerce,344,271477.18,11488.52,259988.66,169415.72,2144.38,10505.29,6467.88
2024-09,Brand G - Deli Meats,G-05,E-commerce,361,284379.59,7219.59,277160.0,187011.51,4422.4,9913.77,6182.47
2024-10,Brand G - Deli Meats,G-05,E-commerce,340,267866.03,11518.84,256347.2,178106.5,4224.45,5905.58,2569.09
2024-11,Brand G - Deli Meats,G-05,E-commerce,323,254528.58,10120.48,244408.1,162346.19,3256.18,10962.79,4550.83
2024-12,Brand G - Deli Meats,G-05,E-commerce,367,289432.92,21056.54,268376.38,177786.71,3458.08,6213.04,6520.34
2025-01,Brand G - Deli Meats,G-05,E-commerce,295,232761.84,12738.77,220023.06,151717.23,3667.75,9006.53,3354.24
2025-02,Brand G - Deli Meats,G-05,E-commerce,341,268986.09,13581.09,255404.99,171332.21,3939.12,10476.03,5879.36
2025-03,Brand G - Deli Meats,G-05,E-commerce,360,283535.74,12096.03,271439.71,190697.18,3106.04,7608.9,5736.59
2025-04,Brand G - Deli Meats,G-05,E-commerce,326,257119.23,18520.41,238598.82,161710.2,3809.17,7149.97,4211.16
2025-05,Brand G - Deli Meats,G-05,E-commerce,381,300833.7,22038.02,278795.68,191311.96,2444.88,10159.66,5248.65
2025-06,Brand G - Deli Meats,G-05,E-commerce,468,368898.06,22594.95,346303.11,241023.93,4307.9,15131.07,5513.53
2025-07,Brand G - Deli Meats,G-05,E-commerce,355,280010.21,16767.26,263242.95,182373.72,3664.84,6065.71,5678.04
2025-08,Brand G - Deli Meats,G-05,E-commerce,384,302696.45,15558.28,287138.17,190771.69,2760.82,6211.29,4547.41
2025-09,Brand G - Deli Meats,G-05,E-commerce,339,267428.34,16106.64,251321.7,165787.94,3214.39,6121.93,4616.52
2025-10,Brand G - Deli Meats,G-05,E-commerce,306,241456.05,10355.63,231100.42,158667.07,4146.69,10096.94,4087.48
2025-11,Brand G - Deli Meats,G-05,E-commerce,363,286649.53,9351.56,277297.96,193944.03,5026.58,7824.47,6413.54
2025-12,Brand G - Deli Meats,G-05,E-commerce,337,265777.83,18884.91,246892.93,162049.32,2959.48,11802.65,3955.76
2024-01,Brand G - Deli Meats,G-06,Modern Trade,3787,4129048.06,594992.51,3534055.55,2417404.49,45747.67,309624.14,41183.52
2024-02,Brand G - Deli Meats,G-06,Modern Trade,4623,5040072.81,563101.07,4476971.74,3139853.76,40816.44,276168.29,62778.24
2024-03,Brand G - Deli Meats,G-06,Modern Trade,3724,4060648.57,466488.27,3594160.3,2352528.43,42363.17,366494.6,65283.96
2024-04,Brand G - Deli Meats,G-06,Modern Trade,4023,4386747.57,645163.79,3741583.78,2628129.49,42288.96,288963.16,48307.55
2024-05,Brand G - Deli Meats,G-06,Modern Trade,4290,4677482.37,430919.18,4246563.19,2781381.3,49218.49,490306.72,63255.08
2024-06,Brand G - Deli Meats,G-06,Modern Trade,4043,4408482.45,660674.19,3747808.26,2553443.28,31848.19,322230.08,70192.69
2024-07,Brand G - Deli Meats,G-06,Modern Trade,4562,4973467.93,467756.88,4505711.05,2929184.77,29064.95,446574.99,91927.58
2024-08,Brand G - Deli Meats,G-06,Modern Trade,4541,4951297.46,710804.31,4240493.14,2801326.58,27472.58,345393.45,80651.86
2024-09,Brand G - Deli Meats,G-06,Modern Trade,4613,5029869.93,480139.06,4549730.87,3163622.02,31333.17,516794.61,110789.61
2024-10,Brand G - Deli Meats,G-06,Modern Trade,3924,4277808.58,475648.08,3802160.5,2503901.32,50293.61,305187.21,67480.74
2024-11,Brand G - Deli Meats,G-06,Modern Trade,3986,4346364.08,526518.84,3819845.24,2514410.91,47817.22,424400.91,91254.32
2024-12,Brand G - Deli Meats,G-06,Modern Trade,4038,4402395.13,592671.21,3809723.91,2585571.84,45434.67,385680.25,74307.96
2025-01,Brand G - Deli Meats,G-06,Modern Trade,4231,4613057.3,430650.67,4182406.63,2923379.74,57873.58,418249.38,43926.74
2025-02,Brand G - Deli Meats,G-06,Modern Trade,3977,4336649.54,414149.04,3922500.51,2733498.1,36159.09,446339.08,80293.74
2025-03,Brand G - Deli Meats,G-06,Modern Trade,4728,5155225.09,677003.1,4478222.0,2966074.46,50765.14,325092.25,74522.03
2025-04,Brand G - Deli Meats,G-06,Modern Trade,4450,4851517.29,562865.06,4288652.24,2894204.14,27504.54,404381.34,83550.33
2025-05,Brand G - Deli Meats,G-06,Modern Trade,5029,5483653.02,493025.19,4990627.83,3478959.73,32125.95,501335.51,74715.04
2025-06,Brand G - Deli Meats,G-06,Modern Trade,5736,6254029.38,955150.84,5298878.54,3524062.6,44444.6,573771.52,129804.61
2025-07,Brand G - Deli Meats,G-06,Modern Trade,5460,5953001.83,930015.62,5022986.21,3294709.51,33711.67,526369.68,83535.6
2025-08,Brand G - Deli Meats,G-06,Modern Trade,5006,5458129.06,760336.68,4697792.38,3068777.46,34680.4,431471.26,85252.6
2025-09,Brand G - Deli Meats,G-06,Modern Trade,4733,5159858.87,739159.38,4420699.48,2975229.59,49751.76,347565.55,55570.22
2025-10,Brand G - Deli Meats,G-06,Modern Trade,4224,4605244.9,557715.47,4047529.44,2723854.16,35190.42,312866.18,70344.28
2025-11,Brand G - Deli Meats,G-06,Modern Trade,4862,5300633.12,718215.64,4582417.48,3060142.27,43694.35,310245.37,112998.22
2025-12,Brand G - Deli Meats,G-06,Modern Trade,4501,4907024.76,497114.73,4409910.03,2895915.71,43156.46,286348.11,96552.83
2024-01,Brand G - Deli Meats,G-06,Wholesale,2964,3231862.05,264196.08,2967665.97,2049110.06,30559.44,200179.38,37592.77
2024-02,Brand G - Deli Meats,G-06,Wholesale,3176,3463171.07,303004.98,3160166.08,2144283.6,31835.89,239660.03,40280.4
2024-03,Brand G - Deli Meats,G-06,Wholesale,3721,4056563.58,573795.34,3482768.24,2436222.62,41843.92,370151.8,35578.32
2024-04,Brand G - Deli Meats,G-06,Wholesale,3074,3351724.93,500791.39,2850933.55,1915931.4,19251.48,173490.75,34540.93
2024-05,Brand G - Deli Meats,G-06,Wholesale,3980,4339838.35,622029.26,3717809.1,2475431.41,30615.01,393295.32,78749.36
2024-06,Brand G - Deli Meats,G-06,Wholesale,4057,4423498.95,546094.82,3877404.14,2672865.14,51762.85,252128.58,58129.19
2024-07,Brand G - Deli Meats,G-06,Wholesale,3845,4192119.67,503449.51,3688670.16,2562183.42,48079.24,331111.53,59357.08
2024-08,Brand G - Deli Meats,G-06,Wholesale,3477,3791206.01,535743.4,3255462.61,2133005.23,29299.61,243122.91,77856.57
2024-09,Brand G - Deli Meats,G-06,Wholesale,3844,4190677.95,402696.41,3787981.54,2659526.93,26994.69,251021.26,54331.18
2024-10,Brand G - Deli Meats,G-06,Wholesale,3141,3424120.76,309784.24,3114336.52,2189419.13,42953.34,294130.86,66553.88
2024-11,Brand G - Deli Meats,G-06,Wholesale,2629,2866397.46,340238.07,2526159.4,1692893.33,26746.29,183601.24,32660.56
2024-12,Brand G - Deli Meats,G-06,Wholesale,2759,3007836.04,475433.48,2532402.56,1664135.35,29215.59,269786.46,46308.28
2025-01,Brand G - Deli Meats,G-06,Wholesale,2987,3256300.4,307843.32,2948457.09,2034046.72,24762.05,316433.13,71925.59
2025-02,Brand G - Deli Meats,G-06,Wholesale,3462,3774554.88,512704.37,3261850.52,2266305.1,41914.65,297060.57,49894.81
2025-03,Brand G - Deli Meats,G-06,Wholesale,3759,4098592.95,455258.16,3643334.79,2469023.55,26482.36,251218.78,58221.92
2025-04,Brand G - Deli Meats,G-06,Wholesale,3919,4272808.03,661504.42,3611303.61,2401055.58,53918.65,267065.67,69452.71
2025-05,Brand G - Deli Meats,G-06,Wholesale,4033,4396936.85,500151.18,3896785.67,2552744.05,51702.92,320113.14,91489.15
2025-06,Brand G - Deli Meats,G-06,Wholesale,4464,4866964.62,589694.88,4277269.74,2911058.96,47876.64,351451.28,72928.04
2025-07,Brand G - Deli Meats,G-06,Wholesale,3852,4199693.54,426937.82,3772755.72,2562620.31,45429.05,389059.83,85473.84
2025-08,Brand G - Deli Meats,G-06,Wholesale,3873,4223272.51,365710.18,3857562.33,2683006.3,40497.51,260120.24,50802.8
2025-09,Brand G - Deli Meats,G-06,Wholesale,3620,3946482.02,478370.35,3468111.67,2360588.8,45918.14,336481.07,47195.13
2025-10,Brand G - Deli Meats,G-06,Wholesale,3690,4023488.82,566106.76,3457382.07,2359435.14,41311.2,380381.72,71534.37
2025-11,Brand G - Deli Meats,G-06,Wholesale,3295,3592907.75,298656.77,3294250.98,2150155.83,39649.69,389780.41,74246.84
2025-12,Brand G - Deli Meats,G-06,Wholesale,3490,3805391.16,335454.21,3469936.95,2402447.63,39693.76,262406.51,35356.56
2024-01,Brand G - Deli Meats,G-06,HoReCa,872,950308.66,92497.5,857811.16,579236.41,7528.73,54501.75,10827.85
2024-02,Brand G - Deli Meats,G-06,HoReCa,1001,1091525.84,99401.6,992124.24,691846.51,12376.59,101144.19,10925.98
2024-03,Brand G - Deli Meats,G-06,HoReCa,1147,1251003.53,166089.44,1084914.09,732634.86,11817.79,115427.89,19026.89
2024-04,Brand G - Deli Meats,G-06,HoReCa,1020,1111741.12,156026.56,955714.56,653823.93,10325.39,107105.73,21506.99
2024-05,Brand G - Deli Meats,G-06,HoReCa,1271,1385445.97,215570.94,1169875.03,799905.91,14042.84,134984.19,24727.94
2024-06,Brand G - Deli Meats,G-06,HoReCa,1312,1430864.29,182347.38,1248516.9,863707.54,22801.37,128836.1,23168.08
2024-07,Brand G - Deli Meats,G-06,HoReCa,1155,1259653.93,159788.79,1099865.14,761504.71,16036.26,89713.31,18871.92
2024-08,Brand G - Deli Meats,G-06,HoReCa,1195,1302430.25,183948.52,1118481.73,769865.29,16363.55,110164.04,27623.39
2024-09,Brand G - Deli Meats,G-06,HoReCa,1205,1313749.83,142980.54,1170769.29,793741.99,15116.57,121681.93,12685.85
2024-10,Brand G - Deli Meats,G-06,HoReCa,1066,1162357.16,139079.57,1023277.59,711591.49,17402.94,81069.37,25498.92
2024-11,Brand G - Deli Meats,G-06,HoReCa,1176,1282470.62,162925.58,1119545.04,730399.47,10070.31,90436.52,12954.22
2024-12,Brand G - Deli Meats,G-06,HoReCa,1094,1192361.84,128899.4,1063462.44,746847.5,11242.16,77459.13,17325.23
2025-01,Brand G - Deli Meats,G-06,HoReCa,1077,1174622.85,129269.6,1045353.25,727661.75,16385.56,97645.75,23336.02
2025-02,Brand G - Deli Meats,G-06,HoReCa,1056,1151469.61,159863.5,991606.11,662197.86,17979.94,83080.17,21012.76
2025-03,Brand G - Deli Meats,G-06,HoReCa,1200,1308164.91,134204.11,1173960.8,811433.91,19238.22,100514.57,21226.25
2025-04,Brand G - Deli Meats,G-06,HoReCa,1423,1551432.36,128732.33,1422700.03,994099.7,16913.43,110001.0,25961.4
2025-05,Brand G - Deli Meats,G-06,HoReCa,1432,1561482.49,125348.37,1436134.12,952211.74,19550.63,163298.74,17906.95
2025-06,Brand G - Deli Meats,G-06,HoReCa,1413,1540178.21,128785.83,1411392.38,935243.1,12914.17,133506.92,24497.73
2025-07,Brand G - Deli Meats,G-06,HoReCa,1661,1811151.17,154761.5,1656389.67,1154361.85,24220.62,183038.45,40758.77
2025-08,Brand G - Deli Meats,G-06,HoReCa,1283,1398974.23,183919.02,1215055.22,813459.81,15754.55,107312.57,14654.92
2025-09,Brand G - Deli Meats,G-06,HoReCa,1441,1571244.75,225422.02,1345822.73,935872.83,12138.27,116328.61,32813.35
2025-10,Brand G - Deli Meats,G-06,HoReCa,1201,1309423.23,184540.51,1124882.72,755614.35,23303.69,82326.34,17032.44
2025-11,Brand G - Deli Meats,G-06,HoReCa,1159,1263900.13,110054.3,1153845.83,750505.59,12480.94,133344.37,23466.63
2025-12,Brand G - Deli Meats,G-06,HoReCa,1138,1240843.57,192961.95,1047881.62,718547.8,22096.0,80892.53,24700.36
2024-01,Brand G - Deli Meats,G-06,E-commerce,665,725084.67,97749.56,627335.11,428103.39,4987.05,51848.92,8171.17
2024-02,Brand G - Deli Meats,G-06,E-commerce,803,875145.3,104491.12,770654.18,504803.5,7197.81,67191.73,13987.22
2024-03,Brand G - Deli Meats,G-06,E-commerce,532,580246.34,68203.87,512042.48,343381.57,4743.27,45327.94,12085.92
2024-04,Brand G - Deli Meats,G-06,E-commerce,824,897920.24,113498.99,784421.25,547616.67,6065.67,69967.25,15721.13
2024-05,Brand G - Deli Meats,G-06,E-commerce,838,913863.55,142502.99,771360.56,541039.35,6423.37,81496.15,9453.07
2024-06,Brand G - Deli Meats,G-06,E-commerce,848,924164.25,108119.72,816044.54,533059.17,8197.41,71431.34,13391.67
2024-07,Brand G - Deli Meats,G-06,E-commerce,935,1019730.82,140870.62,878860.2,600077.47,7903.53,56128.0,16994.03
2024-08,Brand G - Deli Meats,G-06,E-commerce,842,917826.1,142729.41,775096.68,516306.79,10567.25,74471.79,9149.76
2024-09,Brand G - Deli Meats,G-06,E-commerce,866,943836.33,149582.83,794253.51,522386.56,7697.18,66381.0,13498.87
2024-10,Brand G - Deli Meats,G-06,E-commerce,840,915659.6,133874.81,781784.79,522420.94,9900.82,62305.03,17132.62
2024-11,Brand G - Deli Meats,G-06,E-commerce,610,665211.68,92287.57,572924.11,392210.23,6560.71,41180.9,9098.22
2024-12,Brand G - Deli Meats,G-06,E-commerce,726,791417.36,80845.01,710572.35,477738.87,9321.43,43561.46,12362.04
2025-01,Brand G - Deli Meats,G-06,E-commerce,742,809195.53,76370.32,732825.21,483054.94,5171.51,48641.94,8215.45
2025-02,Brand G - Deli Meats,G-06,E-commerce,724,789661.41,105622.83,684038.57,469978.46,6540.96,59293.66,9472.79
2025-03,Brand G - Deli Meats,G-06,E-commerce,843,919195.46,137718.55,781476.9,514857.5,8723.42,69369.63,12024.65
2025-04,Brand G - Deli Meats,G-06,E-commerce,855,931695.62,103100.36,828595.25,552251.73,9322.54,96848.4,13474.52
2025-05,Brand G - Deli Meats,G-06,E-commerce,818,892280.33,93417.36,798862.97,545073.87,8300.76,64170.24,14729.1
2025-06,Brand G - Deli Meats,G-06,E-commerce,977,1064973.48,101503.83,963469.65,635554.85,8041.44,78027.47,19182.51
2025-07,Brand G - Deli Meats,G-06,E-commerce,1005,1095845.44,123266.54,972578.9,639940.09,12599.7,92749.21,13657.8
2025-08,Brand G - Deli Meats,G-06,E-commerce,841,916840.28,131730.68,785109.6,542188.01,6211.83,90798.38,13449.05
2025-09,Brand G - Deli Meats,G-06,E-commerce,775,845372.06,94617.24,750754.82,507455.07,7070.35,83535.44,12523.87
2025-10,Brand G - Deli Meats,G-06,E-commerce,797,868933.04,105676.46,763256.58,521387.42,7972.08,66105.27,13441.16
2025-11,Brand G - Deli Meats,G-06,E-commerce,675,735765.19,81378.88,654386.31,428278.85,7851.7,46362.71,8652.14
2025-12,Brand G - Deli Meats,G-06,E-commerce,742,808609.94,70393.18,738216.76,507919.18,4787.06,70393.28,16043.66
2024-01,Brand H - Sauces,H-01,Modern Trade,2765,2602833.23,348244.23,2254589.0,1220855.04,30121.63,197499.55,25605.51
2024-02,Brand H - Sauces,H-01,Modern Trade,3415,3214227.72,378692.16,2835535.56,1570908.37,25965.12,317151.78,36263.31
2024-03,Brand H - Sauces,H-01,Modern Trade,3573,3363110.35,526974.28,2836136.07,1539598.79,33536.45,205658.17,64031.87
2024-04,Brand H - Sauces,H-01,Modern Trade,3915,3684767.14,314141.41,3370625.73,1923745.13,31037.83,366473.47,70097.52
2024-05,Brand H - Sauces,H-01,Modern Trade,4725,4447000.14,361149.11,4085851.03,2253905.02,46031.56,425272.9,69225.66
2024-06,Brand H - Sauces,H-01,Modern Trade,4882,4595273.66,470953.66,4124320.01,2375417.8,47168.56,307364.39,68054.21
2024-07,Brand H - Sauces,H-01,Modern Trade,4093,3851979.54,428143.66,3423835.88,1841242.95,37363.92,311824.94,68840.26
2024-08,Brand H - Sauces,H-01,Modern Trade,3998,3763004.55,565856.56,3197147.99,1724288.17,41682.56,258059.86,62783.4
2024-09,Brand H - Sauces,H-01,Modern Trade,3652,3437388.52,444236.43,2993152.09,1613277.16,43927.56,317352.19,57996.26
2024-10,Brand H - Sauces,H-01,Modern Trade,3610,3397768.84,324752.06,3073016.77,1659555.97,43178.27,321693.12,30953.06
2024-11,Brand H - Sauces,H-01,Modern Trade,4147,3903243.76,331632.55,3571611.21,2028715.99,48944.84,340747.83,54791.03
2024-12,Brand H - Sauces,H-01,Modern Trade,3565,3355205.33,512519.4,2842685.93,1608533.14,43573.88,329799.7,31234.1
2025-01,Brand H - Sauces,H-01,Modern Trade,3345,3148213.92,356849.63,2791364.29,1523435.99,24144.4,214585.69,63712.66
2025-02,Brand H - Sauces,H-01,Modern Trade,3950,3718046.17,330504.96,3387541.21,1954579.84,46805.49,343023.5,48298.52
2025-03,Brand H - Sauces,H-01,Modern Trade,4161,3916392.61,614298.32,3302094.29,1836461.66,53685.53,325095.09,63969.73
2025-04,Brand H - Sauces,H-01,Modern Trade,4559,4290602.99,536542.35,3754060.63,2099275.76,60708.22,263280.38,54717.44
2025-05,Brand H - Sauces,H-01,Modern Trade,4153,3908375.49,366061.76,3542313.73,1977002.63,31945.89,288422.47,57146.76
2025-06,Brand H - Sauces,H-01,Modern Trade,4219,3971198.35,331276.42,3639921.93,2007256.25,40266.31,378158.27,77357.86
2025-07,Brand H - Sauces,H-01,Modern Trade,4734,4455430.66,383446.19,4071984.47,2237265.07,43806.01,259823.21,61985.16
2025-08,Brand H - Sauces,H-01,Modern Trade,4691,4414863.86,659742.71,3755121.15,2028275.2,54121.83,303185.14,83753.0
2025-09,Brand H - Sauces,H-01,Modern Trade,4544,4276365.09,448875.04,3827490.04,2142386.31,44021.93,321917.15,50359.36
2025-10,Brand H - Sauces,H-01,Modern Trade,4018,3781925.12,482036.84,3299888.29,1812349.4,49973.77,375875.89,39560.88
2025-11,Brand H - Sauces,H-01,Modern Trade,3231,3040811.84,409374.47,2631437.37,1430533.98,45181.5,301706.86,54437.62
2025-12,Brand H - Sauces,H-01,Modern Trade,4052,3813637.59,402455.46,3411182.12,1899366.9,39462.72,352987.16,80254.96
2024-01,Brand H - Sauces,H-01,Wholesale,2790,2625664.03,347947.14,2277716.88,1228103.18,38101.62,185983.41,40362.45
2024-02,Brand H - Sauces,H-01,Wholesale,2587,2435150.29,274544.3,2160605.99,1203594.07,16782.99,187763.64,45641.12
2024-03,Brand H - Sauces,H-01,Wholesale,2995,2819352.98,423663.91,2395689.07,1335168.05,40607.75,195180.27,27995.23
2024-04,Brand H - Sauces,H-01,Wholesale,3396,3195916.63,261666.47,2934250.16,1672248.83,24694.31,196645.93,53019.72
2024-05,Brand H - Sauces,H-01,Wholesale,3031,2852722.52,437356.56,2415365.96,1334733.6,22848.69,242091.24,52256.74
2024-06,Brand H - Sauces,H-01,Wholesale,2791,2627070.15,318751.56,2308318.59,1285135.88,20201.65,152872.59,52634.32
2024-07,Brand H - Sauces,H-01,Wholesale,3147,2961718.7,466433.74,2495284.95,1370424.32,23435.7,156431.57,27863.9
2024-08,Brand H - Sauces,H-01,Wholesale,3271,3078916.18,269017.48,2809898.7,1540176.14,36560.14,267958.85,48499.42
2024-09,Brand H - Sauces,H-01,Wholesale,2795,2631050.07,419784.61,2211265.45,1273071.29,27620.73,158404.96,42962.55
2024-10,Brand H - Sauces,H-01,Wholesale,2732,2571173.02,245851.46,2325321.56,1322724.03,32021.72,171707.41,27087.63
2024-11,Brand H - Sauces,H-01,Wholesale,2225,2094439.0,229453.66,1864985.34,1072563.23,16808.16,200284.91,21433.74
2024-12,Brand H - Sauces,H-01,Wholesale,2595,2442545.15,292758.8,2149786.35,1234963.09,33575.73,213740.95,28285.2
2025-01,Brand H - Sauces,H-01,Wholesale,2771,2607851.88,250341.49,2357510.38,1271604.18,27234.79,169691.07,29820.27
2025-02,Brand H - Sauces,H-01,Wholesale,2879,2709892.96,418610.45,2291282.51,1249318.97,36233.18,191168.02,51803.11
2025-03,Brand H - Sauces,H-01,Wholesale,2986,2810553.52,269976.46,2540577.06,1411153.95,41097.91,298768.61,46884.0
2025-04,Brand H - Sauces,H-01,Wholesale,3215,3026176.1,400311.71,2625864.39,1513217.08,29510.92,205524.81,53432.12
2025-05,Brand H - Sauces,H-01,Wholesale,3399,3199258.13,315204.44,2884053.7,1617168.26,46178.71,279868.8,30175.85
2025-06,Brand H - Sauces,H-01,Wholesale,3987,3752792.61,329556.92,3423235.68,1908363.55,42560.72,264452.59,48809.21
2025-07,Brand H - Sauces,H-01,Wholesale,4060,3821040.5,607374.58,3213665.92,1764837.93,31916.72,238496.51,34569.15
2025-08,Brand H - Sauces,H-01,Wholesale,3138,2953257.74,250592.36,2702665.38,1552466.16,36984.05,295208.7,42440.47
2025-09,Brand H - Sauces,H-01,Wholesale,2492,2345230.59,272055.25,2073175.34,1157286.79,32745.25,173055.07,25602.36
2025-10,Brand H - Sauces,H-01,Wholesale,3186,2998488.98,442894.82,2555594.16,1458374.48,37017.2,208636.5,42439.89
2025-11,Brand H - Sauces,H-01,Wholesale,3585,3374248.69,400866.24,2973382.44,1663138.15,32181.8,302479.94,56629.76
2025-12,Brand H - Sauces,H-01,Wholesale,2861,2692526.66,311097.58,2381429.07,1286724.78,35091.39,169093.29,36746.34
2024-01,Brand H - Sauces,H-01,HoReCa,807,759385.33,78065.74,681319.6,386142.02,9569.34,64646.48,7539.07
2024-02,Brand H - Sauces,H-01,HoReCa,903,849601.77,102336.4,747265.37,416034.93,16598.24,53541.63,13834.02
2024-03,Brand H - Sauces,H-01,HoReCa,945,889471.48,112732.13,776739.35,430357.91,13609.78,66450.28,12104.66
2024-04,Brand H - Sauces,H-01,HoReCa,1110,1045109.36,139672.61,905436.75,520007.64,15936.76,90524.45,14607.25
2024-05,Brand H - Sauces,H-01,HoReCa,1130,1063222.6,97445.7,965776.9,553115.87,18642.82,61873.7,18632.38
2024-06,Brand H - Sauces,H-01,HoReCa,1147,1079803.55,120791.31,959012.25,550915.26,14749.87,99956.24,21100.88
2024-07,Brand H - Sauces,H-01,HoReCa,1125,1059037.48,105146.28,953891.2,535766.01,16497.39,62911.32,11310.54
2024-08,Brand H - Sauces,H-01,HoReCa,855,804477.9,124956.82,679521.08,391290.95,7729.53,47487.31,7906.08
2024-09,Brand H - Sauces,H-01,HoReCa,952,896178.53,72958.42,823220.1,450690.93,9726.01,87571.97,14360.64
2024-10,Brand H - Sauces,H-01,HoReCa,1029,968821.68,99262.56,869559.12,499202.84,16510.3,55614.4,12121.58
2024-11,Brand H - Sauces,H-01,HoReCa,931,876155.23,78865.47,797289.76,437899.49,13689.51,60831.0,9481.43
2024-12,Brand H - Sauces,H-01,HoReCa,969,912197.9,99260.39,812937.51,455986.42,12661.1,63680.57,13847.74
2025-01,Brand H - Sauces,H-01,HoReCa,1092,1028196.17,101371.57,926824.61,498362.76,18113.23,69482.89,14211.46
2025-02,Brand H - Sauces,H-01,HoReCa,888,835914.12,99833.72,736080.4,411438.72,9094.11,48543.74,12735.85
2025-03,Brand H - Sauces,H-01,HoReCa,1117,1051245.36,86948.38,964296.98,547906.83,18469.89,76767.29,21478.77
2025-04,Brand H - Sauces,H-01,HoReCa,1316,1239018.16,195091.0,1043927.16,571777.36,11181.43,113080.76,11834.54
2025-05,Brand H - Sauces,H-01,HoReCa,1162,1093346.77,144878.82,948467.95,527367.71,22473.02,72043.97,14531.24
2025-06,Brand H - Sauces,H-01,HoReCa,1284,1208107.16,154019.98,1054087.18,575556.47,17070.49,99626.56,17326.23
2025-07,Brand H - Sauces,H-01,HoReCa,1265,1190913.19,121338.36,1069574.82,588933.12,19886.86,93702.32,23928.37
2025-08,Brand H - Sauces,H-01,HoReCa,1186,1115910.33,149702.03,966208.3,550890.8,17402.68,107680.29,9884.16
2025-09,Brand H - Sauces,H-01,HoReCa,1199,1128952.88,136367.37,992585.51,535661.39,12693.82,78173.41,18096.46
2025-10,Brand H - Sauces,H-01,HoReCa,1204,1133609.78,115155.09,1018454.69,584429.75,14954.95,120656.49,20145.59
2025-11,Brand H - Sauces,H-01,HoReCa,1040,979239.05,149098.25,830140.81,475708.48,20230.82,74908.35,10171.36
2025-12,Brand H - Sauces,H-01,HoReCa,1055,993378.52,134737.02,858641.5,468537.06,14587.77,86233.71,16532.34
2024-01,Brand H - Sauces,H-01,E-commerce,535,503164.27,41974.05,461190.22,258325.1,7086.5,35343.41,4929.77
2024-02,Brand H - Sauces,H-01,E-commerce,610,573709.14,78879.72,494829.42,271115.32,6910.95,49320.38,11950.23
2024-03,Brand H - Sauces,H-01,E-commerce,684,643543.09,79970.89,563572.21,302666.43,5419.29,48981.37,12487.06
2024-04,Brand H - Sauces,H-01,E-commerce,641,603158.2,84162.31,518995.89,295872.15,4635.33,33692.26,12793.65
2024-05,Brand H - Sauces,H-01,E-commerce,618,582017.91,72750.16,509267.74,290378.7,8208.98,31518.32,6355.69
2024-06,Brand H - Sauces,H-01,E-commerce,717,674660.16,69773.91,604886.24,347173.89,8921.39,47969.8,12513.21
2024-07,Brand H - Sauces,H-01,E-commerce,852,801667.68,94549.2,707118.48,406294.24,9286.98,48628.26,14370.11
2024-08,Brand H - Sauces,H-01,E-commerce,808,760908.08,121510.14,639397.94,363205.52,9779.84,46783.22,7396.75
2024-09,Brand H - Sauces,H-01,E-commerce,734,690965.08,88194.76,602770.32,330512.67,5788.81,49878.26,8525.19
2024-10,Brand H - Sauces,H-01,E-commerce,723,680358.5,99536.9,580821.6,314915.43,4974.15,67308.38,11594.46
2024-11,Brand H - Sauces,H-01,E-commerce,604,568281.33,51400.48,516880.84,294077.05,3756.18,58883.8,8286.97
2024-12,Brand H - Sauces,H-01,E-commerce,611,575015.34,84497.65,490517.69,268509.06,7453.26,43034.74,5008.77
2025-01,Brand H - Sauces,H-01,E-commerce,654,615891.96,68018.81,547873.15,292876.21,7449.31,65343.98,11532.63
2025-02,Brand H - Sauces,H-01,E-commerce,811,763008.26,98216.24,664792.02,370289.29,9293.26,63273.16,8642.02
2025-03,Brand H - Sauces,H-01,E-commerce,700,658556.04,74304.08,584251.96,313608.41,8036.17,62458.44,8199.98
2025-04,Brand H - Sauces,H-01,E-commerce,889,836401.28,123373.74,713027.54,382828.42,7759.14,67833.08,15994.84
2025-05,Brand H - Sauces,H-01,E-commerce,698,656717.62,63262.93,593454.69,322816.83,9083.4,40608.12,13971.58
2025-06,Brand H - Sauces,H-01,E-commerce,727,684360.73,106689.88,577670.84,322165.99,8854.33,68355.12,11475.42
2025-07,Brand H - Sauces,H-01,E-commerce,966,909046.59,142011.16,767035.43,427015.08,8137.33,57898.91,12673.53
2025-08,Brand H - Sauces,H-01,E-commerce,837,787544.15,70739.3,716804.86,385935.62,9916.96,82207.0,9369.43
2025-09,Brand H - Sauces,H-01,E-commerce,744,700722.03,78139.3,622582.73,353729.89,4850.82,48095.49,6834.27
2025-10,Brand H - Sauces,H-01,E-commerce,813,765283.27,88879.4,676403.87,381814.24,10927.85,76306.93,7464.94
2025-11,Brand H - Sauces,H-01,E-commerce,649,611251.16,56677.61,554573.55,301155.56,5196.7,47919.0,12614.43
2025-12,Brand H - Sauces,H-01,E-commerce,743,699685.87,90302.15,609383.72,338434.92,7765.21,54865.53,14517.03
2024-01,Brand H - Sauces,H-02,Modern Trade,3388,1180846.47,74895.91,1105950.55,591861.74,39541.7,45042.26,23059.78
2024-02,Brand H - Sauces,H-02,Modern Trade,3220,1122420.92,67720.95,1054699.97,572567.22,23144.49,32633.45,13258.6
2024-03,Brand H - Sauces,H-02,Modern Trade,3820,1331583.04,77031.34,1254551.7,706530.93,40226.53,56042.94,13514.84
2024-04,Brand H - Sauces,H-02,Modern Trade,3693,1287078.72,102471.82,1184606.89,636155.06,33373.21,57198.22,23314.23
2024-05,Brand H - Sauces,H-02,Modern Trade,3742,1304085.97,84205.87,1219880.1,661734.74,45584.1,38399.11,24327.89
2024-06,Brand H - Sauces,H-02,Modern Trade,4616,1608986.85,58860.43,1550126.42,841805.39,54097.0,50090.52,36565.95
2024-07,Brand H - Sauces,H-02,Modern Trade,4374,1524605.12,82183.43,1442421.69,790089.86,31051.84,29492.46,34432.02
2024-08,Brand H - Sauces,H-02,Modern Trade,4370,1523137.44,41341.24,1481796.21,844011.69,59483.97,52351.4,31099.0
2024-09,Brand H - Sauces,H-02,Modern Trade,4018,1400466.26,69824.97,1330641.29,750289.35,47816.82,54025.1,29443.58
2024-10,Brand H - Sauces,H-02,Modern Trade,4646,1619293.92,112561.89,1506732.03,812843.46,31180.99,49221.47,30353.86
2024-11,Brand H - Sauces,H-02,Modern Trade,3493,1217498.43,93846.06,1123652.38,608795.97,44802.13,44124.23,27899.24
2024-12,Brand H - Sauces,H-02,Modern Trade,3863,1346526.79,59858.25,1286668.54,720234.76,23788.01,31048.52,25586.4
2025-01,Brand H - Sauces,H-02,Modern Trade,3412,1189236.81,80258.53,1108978.28,603322.85,20624.91,45987.99,26061.25
2025-02,Brand H - Sauces,H-02,Modern Trade,3719,1296260.96,59636.92,1236624.03,702897.64,42249.62,54497.28,19042.52
2025-03,Brand H - Sauces,H-02,Modern Trade,4807,1675337.3,34227.47,1641109.83,912687.16,60224.25,63762.37,34865.81
2025-04,Brand H - Sauces,H-02,Modern Trade,4928,1717598.62,78740.01,1638858.61,937633.31,52087.55,37788.62,27187.7
2025-05,Brand H - Sauces,H-02,Modern Trade,4928,1717709.54,62802.09,1654907.45,950498.92,41718.93,72002.88,17423.48
2025-06,Brand H - Sauces,H-02,Modern Trade,3967,1382711.22,101894.26,1280816.95,708199.4,30388.93,39865.81,31142.78
2025-07,Brand H - Sauces,H-02,Modern Trade,4440,1547444.69,71205.11,1476239.57,795818.0,50051.07,54755.78,32823.86
2025-08,Brand H - Sauces,H-02,Modern Trade,4396,1532044.71,53044.33,1479000.38,815242.36,27399.42,67692.72,27334.02
2025-09,Brand H - Sauces,H-02,Modern Trade,4232,1474878.43,112064.61,1362813.82,736578.88,55898.95,65355.45,18624.63
2025-10,Brand H - Sauces,H-02,Modern Trade,4501,1568942.54,69213.69,1499728.86,850937.01,37036.84,34514.77,23956.16
2025-11,Brand H - Sauces,H-02,Modern Trade,4136,1441604.14,112928.99,1328675.15,711318.24,31924.67,63412.21,31212.96
2025-12,Brand H - Sauces,H-02,Modern Trade,4301,1498904.74,56439.63,1442465.11,791747.91,54065.1,56616.13,31067.85
2024-01,Brand H - Sauces,H-02,Wholesale,2647,922488.61,65873.08,856615.53,478510.72,22380.47,26831.46,18578.21
2024-02,Brand H - Sauces,H-02,Wholesale,3020,1052673.82,84184.57,968489.26,538931.08,41321.64,25813.27,19704.87
2024-03,Brand H - Sauces,H-02,Wholesale,2897,1009671.29,79590.41,930080.88,514741.78,32816.88,31367.57,9312.64
2024-04,Brand H - Sauces,H-02,Wholesale,3248,1132190.5,77161.78,1055028.72,575243.61,41745.34,34188.38,11235.51
2024-05,Brand H - Sauces,H-02,Wholesale,3141,1094779.17,78597.69,1016181.47,562209.22,39452.42,50592.49,13139.11
2024-06,Brand H - Sauces,H-02,Wholesale,3672,1279667.9,78719.85,1200948.06,654568.67,26465.39,39548.93,13919.81
2024-07,Brand H - Sauces,H-02,Wholesale,3642,1269274.8,66026.25,1203248.55,668418.38,35665.79,56827.04,29897.89
2024-08,Brand H - Sauces,H-02,Wholesale,2828,985598.07,37949.25,947648.82,514325.87,34627.0,32780.86,19395.31
2024-09,Brand H - Sauces,H-02,Wholesale,2958,1031092.54,42075.13,989017.41,542717.91,39801.23,31459.22,11379.55
2024-10,Brand H - Sauces,H-02,Wholesale,2551,889290.12,25142.94,864147.18,490530.16,22721.27,39697.92,9042.07
2024-11,Brand H - Sauces,H-02,Wholesale,2710,944632.46,49421.11,895211.36,481420.11,30710.2,30282.74,15647.37
2024-12,Brand H - Sauces,H-02,Wholesale,2535,883606.0,58286.56,825319.45,464400.31,33291.65,25788.65,18767.98
2025-01,Brand H - Sauces,H-02,Wholesale,2547,887588.14,48214.92,839373.22,451678.69,18098.11,24609.03,16492.77
2025-02,Brand H - Sauces,H-02,Wholesale,2775,967235.95,45568.02,921667.93,513370.94,23546.43,21600.8,17732.73
2025-03,Brand H - Sauces,H-02,Wholesale,3233,1126688.56,69367.23,1057321.33,590785.51,27018.55,46293.16,14936.0
2025-04,Brand H - Sauces,H-02,Wholesale,3095,1078591.05,76937.99,1001653.06,555737.32,30273.8,32644.75,14668.15
2025-05,Brand H - Sauces,H-02,Wholesale,4061,1415343.1,59936.62,1355406.48,757286.72,55860.29,53761.34,29650.3
2025-06,Brand H - Sauces,H-02,Wholesale,3565,1242468.23,39272.57,1203195.65,672098.64,48774.72,44977.48,23016.82
2025-07,Brand H - Sauces,H-02,Wholesale,3992,1391210.24,33682.58,1357527.67,742171.06,44101.6,47544.63,25229.65
2025-08,Brand H - Sauces,H-02,Wholesale,3251,1133155.29,29952.38,1103202.91,627240.24,43112.25,32411.97,23415.04
2025-09,Brand H - Sauces,H-02,Wholesale,3521,1227363.86,49362.87,1178000.98,645768.73,21150.72,33964.89,14063.62
2025-10,Brand H - Sauces,H-02,Wholesale,3484,1214224.86,91213.73,1123011.13,607946.49,48383.71,51639.88,27326.54
2025-11,Brand H - Sauces,H-02,Wholesale,3510,1223396.54,64511.18,1158885.36,653871.37,28976.98,28609.3,25718.49
2025-12,Brand H - Sauces,H-02,Wholesale,3389,1181236.66,60126.69,1121109.98,645432.33,41344.36,37162.12,13619.19
2024-01,Brand H - Sauces,H-02,HoReCa,904,315035.76,11804.14,303231.62,167820.16,15504.8,6622.78,3352.06
2024-02,Brand H - Sauces,H-02,HoReCa,902,314330.31,17350.18,296980.13,170431.4,14101.78,7923.93,3603.15
2024-03,Brand H - Sauces,H-02,HoReCa,1017,354444.72,13119.21,341325.5,183405.28,16762.85,13409.18,7449.38
2024-04,Brand H - Sauces,H-02,HoReCa,1287,448619.12,19179.2,429439.93,244720.24,12755.73,20876.06,4658.46
2024-05,Brand H - Sauces,H-02,HoReCa,1175,409698.52,18569.88,391128.65,220327.05,20233.64,14843.49,8066.17
2024-06,Brand H - Sauces,H-02,HoReCa,1116,388897.79,30466.27,358431.52,205522.85,18639.91,15399.8,6532.79
2024-07,Brand H - Sauces,H-02,HoReCa,1090,379779.69,15866.39,363913.29,197037.83,16324.82,8133.28,6523.91
2024-08,Brand H - Sauces,H-02,HoReCa,1104,384916.17,16903.19,368012.98,211483.59,20247.4,9800.9,7358.34
2024-09,Brand H - Sauces,H-02,HoReCa,1137,396254.19,29886.85,366367.35,199438.83,10649.36,15215.98,5448.39
2024-10,Brand H - Sauces,H-02,HoReCa,1027,357917.44,25027.59,332889.85,185684.56,9105.51,7468.33,7078.31
2024-11,Brand H - Sauces,H-02,HoReCa,848,295661.07,10962.1,284698.97,151887.39,10458.08,13409.45,6280.76
2024-12,Brand H - Sauces,H-02,HoReCa,937,326489.25,22029.87,304459.38,174111.82,15680.99,7522.9,3048.08
2025-01,Brand H - Sauces,H-02,HoReCa,1065,371135.28,23237.24,347898.03,199541.72,10892.55,7768.53,6397.04
2025-02,Brand H - Sauces,H-02,HoReCa,1226,427476.47,32584.19,394892.28,225952.27,14534.18,10507.69,7631.36
2025-03,Brand H - Sauces,H-02,HoReCa,1190,414803.36,10797.4,404005.96,222806.18,20743.84,11715.49,6017.48
2025-04,Brand H - Sauces,H-02,HoReCa,991,345543.1,10811.43,334731.67,186705.84,14498.56,13610.06,8055.01
2025-05,Brand H - Sauces,H-02,HoReCa,1301,453451.48,25883.8,427567.68,245468.73,17986.29,19009.53,10043.58
2025-06,Brand H - Sauces,H-02,HoReCa,1091,380263.15,14757.62,365505.54,198676.61,15621.5,17903.45,6334.36
2025-07,Brand H - Sauces,H-02,HoReCa,1330,463463.03,17857.77,445605.26,250718.4,14373.34,10659.94,5953.56
2025-08,Brand H - Sauces,H-02,HoReCa,1282,446804.4,12020.3,434784.1,247616.38,12264.37,16172.47,6595.59
2025-09,Brand H - Sauces,H-02,HoReCa,1290,449736.97,16999.83,432737.15,234095.24,21878.7,13070.69,8544.22
2025-10,Brand H - Sauces,H-02,HoReCa,1163,405447.82,8835.89,396611.94,217030.16,21134.31,17381.51,6503.59
2025-11,Brand H - Sauces,H-02,HoReCa,1154,402344.98,25258.98,377086.0,214967.1,19496.53,17861.02,6038.63
2025-12,Brand H - Sauces,H-02,HoReCa,967,337107.22,16462.48,320644.74,174318.77,8550.48,7317.01,5764.03
2024-01,Brand H - Sauces,H-02,E-commerce,534,186142.33,5787.84,180354.49,102998.31,4029.99,7989.01,2642.32
2024-02,Brand H - Sauces,H-02,E-commerce,578,201354.85,11366.15,189988.7,103376.01,7762.3,7327.79,3429.87
2024-03,Brand H - Sauces,H-02,E-commerce,694,241940.89,16180.1,225760.79,126049.97,9583.24,8852.88,2261.04
2024-04,Brand H - Sauces,H-02,E-commerce,860,299680.03,10381.07,289298.95,156046.31,10209.55,13684.78,4248.63
2024-05,Brand H - Sauces,H-02,E-commerce,560,195135.05,10080.54,185054.51,103004.35,7778.18,6292.1,2846.05
2024-06,Brand H - Sauces,H-02,E-commerce,787,274127.64,8705.67,265421.98,145337.86,7856.87,10977.19,4145.95
2024-07,Brand H - Sauces,H-02,E-commerce,682,237636.58,13194.97,224441.61,122889.74,9180.05,10066.26,3366.88
2024-08,Brand H - Sauces,H-02,E-commerce,734,255661.04,7376.98,248284.06,137473.94,7213.33,7948.09,5022.66
2024-09,Brand H - Sauces,H-02,E-commerce,626,218166.68,7501.5,210665.18,114365.47,7630.17,6442.09,3211.28
2024-10,Brand H - Sauces,H-02,E-commerce,636,221618.05,10376.87,211241.18,116852.4,8780.52,8711.38,2135.36
2024-11,Brand H - Sauces,H-02,E-commerce,644,224602.26,10420.3,214181.96,115089.38,9006.62,7546.53,2181.61
2024-12,Brand H - Sauces,H-02,E-commerce,600,209297.57,4851.21,204446.36,109869.73,5206.17,9343.63,4821.88
2025-01,Brand H - Sauces,H-02,E-commerce,601,209543.1,11295.78,198247.32,114373.16,7375.61,4005.05,3733.67
2025-02,Brand H - Sauces,H-02,E-commerce,786,273929.9,14668.63,259261.27,141725.06,9964.09,6580.25,4806.44
2025-03,Brand H - Sauces,H-02,E-commerce,779,271590.87,9998.43,261592.44,142486.56,5424.72,9577.08,4883.52
2025-04,Brand H - Sauces,H-02,E-commerce,752,261985.64,14725.09,247260.55,138100.96,4786.58,6806.99,5636.4
2025-05,Brand H - Sauces,H-02,E-commerce,760,264940.53,12085.56,252854.98,144785.01,6549.77,12185.21,3332.78
2025-06,Brand H - Sauces,H-02,E-commerce,805,280496.52,14653.33,265843.19,142763.81,5810.59,13281.41,4796.88
2025-07,Brand H - Sauces,H-02,E-commerce,814,283855.94,12524.85,271331.09,154086.7,5315.9,8481.14,5663.64
2025-08,Brand H - Sauces,H-02,E-commerce,791,275533.47,16570.12,258963.35,140243.07,7975.9,10321.69,3569.82
2025-09,Brand H - Sauces,H-02,E-commerce,883,307655.62,10984.02,296671.6,165836.76,9190.81,7195.27,3492.12
2025-10,Brand H - Sauces,H-02,E-commerce,664,231582.76,13769.68,217813.08,117387.62,7243.65,9083.32,4695.47
2025-11,Brand H - Sauces,H-02,E-commerce,698,243298.71,13213.95,230084.76,131352.88,8774.52,9737.08,3393.05
2025-12,Brand H - Sauces,H-02,E-commerce,654,227827.39,5161.45,222665.94,120243.54,8339.23,8413.3,4668.3
2024-01,Brand H - Sauces,H-03,Modern Trade,651,236510.7,23531.21,212979.5,115592.93,8299.52,14146.56,3134.14
2024-02,Brand H - Sauces,H-03,Modern Trade,1065,387066.38,55885.34,331181.04,183311.31,6756.36,36632.64,3916.01
2024-03,Brand H - Sauces,H-03,Modern Trade,813,295407.56,24967.22,270440.34,153378.26,7644.81,17700.53,5612.96
2024-04,Brand H - Sauces,H-03,Modern Trade,1267,460468.85,68260.06,392208.79,225751.1,9084.62,45306.71,9507.58
2024-05,Brand H - Sauces,H-03,Modern Trade,1264,459269.32,49316.47,409952.85,228844.21,9916.82,46816.47,8114.2
2024-06,Brand H - Sauces,H-03,Modern Trade,1125,408819.52,64874.82,343944.7,198314.65,12924.46,38462.15,8383.03
2024-07,Brand H - Sauces,H-03,Modern Trade,1189,432125.92,34947.27,397178.65,223515.74,10999.75,30880.37,8432.04
2024-08,Brand H - Sauces,H-03,Modern Trade,1112,404090.07,37472.7,366617.36,209775.01,11232.52,42466.75,8723.55
2024-09,Brand H - Sauces,H-03,Modern Trade,999,362882.64,52318.44,310564.2,176685.19,6389.44,23485.67,6469.29
2024-10,Brand H - Sauces,H-03,Modern Trade,1214,441095.23,45059.37,396035.86,225701.31,16439.65,32458.47,6373.45
2024-11,Brand H - Sauces,H-03,Modern Trade,1121,407323.57,61929.83,345393.74,195018.68,7663.98,24704.39,4934.78
2024-12,Brand H - Sauces,H-03,Modern Trade,936,340208.12,52112.63,288095.5,162508.65,9218.17,31889.33,5385.81
2025-01,Brand H - Sauces,H-03,Modern Trade,1096,398178.94,42605.26,355573.69,191064.79,12095.69,37199.26,8558.42
2025-02,Brand H - Sauces,H-03,Modern Trade,1153,418989.15,36546.96,382442.19,209692.95,14816.2,24760.92,8080.93
2025-03,Brand H - Sauces,H-03,Modern Trade,1214,441230.28,65587.23,375643.06,214923.89,8167.59,36637.26,3826.96
2025-04,Brand H - Sauces,H-03,Modern Trade,1241,450728.94,62853.81,387875.13,211296.32,14896.68,24996.63,5127.14
2025-05,Brand H - Sauces,H-03,Modern Trade,1272,462128.8,65893.99,396234.8,224333.73,10095.57,29794.34,5010.29
2025-06,Brand H - Sauces,H-03,Modern Trade,1417,514954.7,66818.77,448135.92,240369.02,11311.21,42311.36,7002.36
2025-07,Brand H - Sauces,H-03,Modern Trade,1213,440614.14,65566.14,375048.0,209439.01,8890.94,23209.92,4437.9
2025-08,Brand H - Sauces,H-03,Modern Trade,1200,436065.42,42826.99,393238.43,212671.57,7395.57,34893.54,9243.15
2025-09,Brand H - Sauces,H-03,Modern Trade,1114,404684.52,44395.88,360288.64,206646.44,6706.24,32258.43,8320.34
2025-10,Brand H - Sauces,H-03,Modern Trade,1030,374335.13,39588.8,334746.33,189285.48,9016.29,27980.68,3634.66
2025-11,Brand H - Sauces,H-03,Modern Trade,1199,435575.32,39667.02,395908.3,227252.16,9751.31,43018.32,8617.22
2025-12,Brand H - Sauces,H-03,Modern Trade,1039,377621.76,35752.65,341869.11,194144.77,7015.66,37983.23,7650.75
2024-01,Brand H - Sauces,H-03,Wholesale,593,215558.8,24033.23,191525.56,103644.21,6722.89,11617.68,4078.86
2024-02,Brand H - Sauces,H-03,Wholesale,686,249238.3,21570.28,227668.03,123735.9,8658.99,16673.94,5108.35
2024-03,Brand H - Sauces,H-03,Wholesale,798,289945.62,24391.65,265553.97,146925.3,7632.15,19170.43,4532.83
2024-04,Brand H - Sauces,H-03,Wholesale,772,280604.89,39495.99,241108.9,134373.94,10373.92,27069.65,2962.96
2024-05,Brand H - Sauces,H-03,Wholesale,876,318139.89,43206.17,274933.71,153967.46,11390.72,25790.12,4788.02
2024-06,Brand H - Sauces,H-03,Wholesale,1012,367606.86,29527.77,338079.09,190217.36,10851.59,22083.15,4402.91
2024-07,Brand H - Sauces,H-03,Wholesale,1024,371872.4,29949.81,341922.59,187735.88,7181.25,21316.15,5101.1
2024-08,Brand H - Sauces,H-03,Wholesale,796,289201.5,44572.2,244629.29,136607.3,5481.34,26903.91,3759.75
2024-09,Brand H - Sauces,H-03,Wholesale,817,296898.25,43215.79,253682.46,136733.23,11051.93,20595.05,5793.81
2024-10,Brand H - Sauces,H-03,Wholesale,819,297530.22,44037.86,253492.36,142504.57,11059.32,19862.01,4338.2
2024-11,Brand H - Sauces,H-03,Wholesale,746,270961.7,36564.46,234397.24,130240.8,7613.97,27743.07,4635.32
2024-12,Brand H - Sauces,H-03,Wholesale,741,269193.44,34753.66,234439.78,134022.25,6937.92,26182.2,5613.55
2025-01,Brand H - Sauces,H-03,Wholesale,711,258360.22,35334.26,223025.96,127648.78,8361.17,19674.58,5037.6
2025-02,Brand H - Sauces,H-03,Wholesale,803,291657.84,23609.21,268048.63,144839.58,6634.48,24275.94,6049.81
2025-03,Brand H - Sauces,H-03,Wholesale,894,324742.89,34544.02,290198.87,167413.39,7857.96,32946.48,6752.13
2025-04,Brand H - Sauces,H-03,Wholesale,813,295291.56,25224.27,270067.28,146688.27,8337.41,25661.3,5579.27
2025-05,Brand H - Sauces,H-03,Wholesale,999,362802.26,40631.43,322170.83,177663.35,6698.84,38548.21,3975.66
2025-06,Brand H - Sauces,H-03,Wholesale,1057,383943.64,56078.46,327865.18,179031.81,12238.1,21266.35,4258.17
2025-07,Brand H - Sauces,H-03,Wholesale,1084,393841.24,41548.93,352292.31,203367.29,9846.31,29927.66,4649.23
2025-08,Brand H - Sauces,H-03,Wholesale,1013,368134.86,40188.12,327946.74,180896.03,8781.76,28604.52,3985.12
2025-09,Brand H - Sauces,H-03,Wholesale,941,342040.22,31809.54,310230.68,178089.64,7796.45,34681.07,5359.11
2025-10,Brand H - Sauces,H-03,Wholesale,918,333441.89,36433.62,297008.27,171001.37,8300.9,22944.49,3721.53
2025-11,Brand H - Sauces,H-03,Wholesale,861,312841.47,44131.26,268710.21,144680.57,7073.62,29211.22,5212.78
2025-12,Brand H - Sauces,H-03,Wholesale,658,239104.76,30117.08,208987.68,115850.37,5919.35,18747.16,3015.97
2024-01,Brand H - Sauces,H-03,HoReCa,263,95592.56,8225.82,87366.74,49434.9,4540.75,8962.29,1106.88
2024-02,Brand H - Sauces,H-03,HoReCa,261,94660.8,12705.24,81955.55,46361.91,3107.58,9686.52,1787.89
2024-03,Brand H - Sauces,H-03,HoReCa,223,80984.87,9897.79,71087.08,39568.94,2863.39,6537.98,1501.66
2024-04,Brand H - Sauces,H-03,HoReCa,277,100598.8,9787.46,90811.33,49752.03,2791.81,7053.53,2207.58
2024-05,Brand H - Sauces,H-03,HoReCa,271,98315.42,12932.12,85383.3,48377.31,2627.07,7315.66,859.99
2024-06,Brand H - Sauces,H-03,HoReCa,316,114641.23,12347.36,102293.87,56444.27,5605.75,8256.97,2091.14
2024-07,Brand H - Sauces,H-03,HoReCa,295,107117.52,12265.15,94852.37,53419.64,3417.36,8275.63,1585.45
2024-08,Brand H - Sauces,H-03,HoReCa,313,113815.31,9519.34,104295.97,55741.2,4157.05,9058.1,1641.3
2024-09,Brand H - Sauces,H-03,HoReCa,274,99546.24,10398.78,89147.45,47648.7,3126.99,8053.08,986.99
2024-10,Brand H - Sauces,H-03,HoReCa,290,105468.29,10186.73,95281.56,51610.48,3299.34,8508.57,1278.19
2024-11,Brand H - Sauces,H-03,HoReCa,222,80710.66,6638.08,74072.58,41764.9,2019.72,7318.08,1039.45
2024-12,Brand H - Sauces,H-03,HoReCa,184,66705.35,6435.38,60269.96,32897.25,2283.43,5900.21,847.41
2025-01,Brand H - Sauces,H-03,HoReCa,252,91586.95,12365.36,79221.59,45288.09,3322.72,6806.05,930.38
2025-02,Brand H - Sauces,H-03,HoReCa,302,109776.5,15483.66,94292.83,53370.99,5406.23,8920.83,1794.64
2025-03,Brand H - Sauces,H-03,HoReCa,330,119770.87,11706.86,108064.01,61429.94,5385.44,8974.24,2303.89
2025-04,Brand H - Sauces,H-03,HoReCa,337,122315.82,10087.1,112228.72,62730.91,3094.29,9095.47,2104.1
2025-05,Brand H - Sauces,H-03,HoReCa,338,122831.66,13533.4,109298.26,58466.17,6138.48,9549.23,2557.03
2025-06,Brand H - Sauces,H-03,HoReCa,292,106004.68,11577.35,94427.33,51855.77,4606.49,11157.47,2031.67
2025-07,Brand H - Sauces,H-03,HoReCa,378,137253.8,13296.36,123957.44,69914.88,7048.27,10755.5,1299.56
2025-08,Brand H - Sauces,H-03,HoReCa,346,125732.18,12370.83,113361.34,62390.33,6659.06,10597.37,2715.35
2025-09,Brand H - Sauces,H-03,HoReCa,306,111090.79,9018.83,102071.95,57909.28,4505.97,7852.59,2078.79
2025-10,Brand H - Sauces,H-03,HoReCa,296,107697.58,8865.42,98832.15,56021.83,3234.47,11553.4,1566.67
2025-11,Brand H - Sauces,H-03,HoReCa,298,108205.07,14286.09,93918.98,51812.76,4567.49,6904.88,1264.31
2025-12,Brand H - Sauces,H-03,HoReCa,276,100221.0,15036.02,85184.98,47415.59,3932.53,10105.39,1879.44
2024-01,Brand H - Sauces,H-03,E-commerce,172,62327.16,7010.43,55316.74,31455.92,2087.23,5420.86,1187.62
2024-02,Brand H - Sauces,H-03,E-commerce,213,77398.3,10334.81,67063.49,36408.48,2689.24,6557.03,1627.38
2024-03,Brand H - Sauces,H-03,E-commerce,181,65815.04,9297.68,56517.36,30717.43,1869.19,6434.25,1027.38
2024-04,Brand H - Sauces,H-03,E-commerce,192,69895.78,6795.3,63100.48,35016.48,1342.56,7338.86,1186.76
2024-05,Brand H - Sauces,H-03,E-commerce,194,70560.7,7172.23,63388.47,35262.05,1939.99,5468.89,1097.09
2024-06,Brand H - Sauces,H-03,E-commerce,217,78973.03,12053.85,66919.18,36703.66,2339.0,5052.21,783.7
2024-07,Brand H - Sauces,H-03,E-commerce,213,77443.38,9971.76,67471.61,36850.4,1555.73,5943.38,1596.76
2024-08,Brand H - Sauces,H-03,E-commerce,206,74682.54,11755.58,62926.96,35906.27,1743.08,6340.68,993.81
2024-09,Brand H - Sauces,H-03,E-commerce,180,65248.07,7889.85,57358.23,32301.56,1516.43,5674.84,991.39
2024-10,Brand H - Sauces,H-03,E-commerce,152,55050.46,8300.0,46750.46,26100.93,2061.02,4325.12,807.09
2024-11,Brand H - Sauces,H-03,E-commerce,156,56617.42,7017.5,49599.92,28309.49,1436.18,3600.41,708.67
2024-12,Brand H - Sauces,H-03,E-commerce,187,67928.64,5485.19,62443.45,34729.78,2563.02,7391.74,1063.2
2025-01,Brand H - Sauces,H-03,E-commerce,178,64757.79,5809.28,58948.51,32270.22,2491.38,4102.74,1128.76
2025-02,Brand H - Sauces,H-03,E-commerce,176,63778.94,5357.4,58421.54,33395.07,2267.0,6725.51,1015.08
2025-03,Brand H - Sauces,H-03,E-commerce,206,74966.07,8441.66,66524.41,37180.94,1414.37,6670.87,924.64
2025-04,Brand H - Sauces,H-03,E-commerce,210,76386.14,10059.31,66326.83,37195.15,2119.04,7090.64,1649.74
2025-05,Brand H - Sauces,H-03,E-commerce,235,85280.01,7717.49,77562.52,42373.31,2178.69,4970.91,1068.09
2025-06,Brand H - Sauces,H-03,E-commerce,229,83325.91,8624.69,74701.22,43066.19,2468.88,5009.35,1305.53
2025-07,Brand H - Sauces,H-03,E-commerce,236,85867.09,7532.55,78334.54,44114.72,2544.99,6523.84,821.4
2025-08,Brand H - Sauces,H-03,E-commerce,206,74729.55,10233.14,64496.41,35444.77,2492.49,4605.0,1273.42
2025-09,Brand H - Sauces,H-03,E-commerce,230,83498.78,9415.96,74082.81,42125.74,2436.79,5046.43,1814.32
2025-10,Brand H - Sauces,H-03,E-commerce,203,73881.81,8282.04,65599.77,36930.74,2624.34,7518.49,1136.87
2025-11,Brand H - Sauces,H-03,E-commerce,183,66585.29,5849.89,60735.4,32629.69,2395.61,7050.28,991.56
2025-12,Brand H - Sauces,H-03,E-commerce,200,72595.19,6610.49,65984.71,35261.17,2230.09,5889.93,973.18
2024-01,Brand H - Sauces,H-04,Modern Trade,1366,495628.81,58082.14,437546.67,242455.08,9667.09,37749.11,6209.61
2024-02,Brand H - Sauces,H-04,Modern Trade,1570,569616.07,56892.62,512723.45,273821.46,11085.56,46338.59,7085.54
2024-03,Brand H - Sauces,H-04,Modern Trade,1715,622232.1,95916.02,526316.08,288534.46,14680.5,39278.07,9131.99
2024-04,Brand H - Sauces,H-04,Modern Trade,1819,660252.43,58802.36,601450.07,344507.27,15450.24,55951.67,13411.0
2024-05,Brand H - Sauces,H-04,Modern Trade,1918,696100.37,88868.62,607231.74,340213.29,16665.05,47368.76,8165.62
2024-06,Brand H - Sauces,H-04,Modern Trade,2190,794850.93,100198.13,694652.8,380060.02,23614.01,56820.96,17309.86
2024-07,Brand H - Sauces,H-04,Modern Trade,1910,693243.33,72582.54,620660.79,356467.74,12312.43,67442.51,13875.38
2024-08,Brand H - Sauces,H-04,Modern Trade,1825,662196.03,76019.56,586176.47,324967.08,22704.04,55591.47,8677.13
2024-09,Brand H - Sauces,H-04,Modern Trade,1499,544076.34,69704.22,474372.12,271851.99,18087.66,52800.57,11136.56
2024-10,Brand H - Sauces,H-04,Modern Trade,1567,568667.01,69092.87,499574.14,288037.36,11253.85,53520.09,12158.57
2024-11,Brand H - Sauces,H-04,Modern Trade,1414,513232.28,73482.27,439750.01,246345.34,13400.17,33433.36,4462.69
2024-12,Brand H - Sauces,H-04,Modern Trade,1469,533025.93,49629.27,483396.66,272971.07,13773.92,56466.35,10115.3
2025-01,Brand H - Sauces,H-04,Modern Trade,1623,589113.78,80530.63,508583.15,273245.99,10544.12,57710.34,11778.6
2025-02,Brand H - Sauces,H-04,Modern Trade,1785,647621.02,70220.15,577400.87,326378.81,13972.9,58824.32,13323.66
2025-03,Brand H - Sauces,H-04,Modern Trade,1837,666430.49,64597.88,601832.61,325137.32,22566.53,40329.92,9430.64
2025-04,Brand H - Sauces,H-04,Modern Trade,2294,832346.1,69264.54,763081.56,420179.51,25550.83,58630.84,16345.94
2025-05,Brand H - Sauces,H-04,Modern Trade,2106,764116.41,79231.87,684884.53,366563.46,25266.81,79453.06,8741.18
2025-06,Brand H - Sauces,H-04,Modern Trade,1976,716951.15,96899.05,620052.1,348120.37,19977.29,51378.47,15339.77
2025-07,Brand H - Sauces,H-04,Modern Trade,2343,850343.18,84589.34,765753.84,411873.23,23086.65,79502.36,12507.31
2025-08,Brand H - Sauces,H-04,Modern Trade,2019,732711.69,99985.16,632726.54,347075.97,26596.6,39205.0,13503.42
2025-09,Brand H - Sauces,H-04,Modern Trade,1750,635097.71,67027.71,568070.0,316666.56,17804.5,47754.46,10409.49
2025-10,Brand H - Sauces,H-04,Modern Trade,1744,632933.18,69525.31,563407.87,301888.47,19746.58,53630.93,11037.62
2025-11,Brand H - Sauces,H-04,Modern Trade,1938,703148.29,89318.21,613830.08,352204.11,24679.37,61723.86,10490.62
2025-12,Brand H - Sauces,H-04,Modern Trade,1750,635090.49,84100.03,550990.45,305982.6,11816.11,50031.88,6331.05
2024-01,Brand H - Sauces,H-04,Wholesale,1247,452378.11,58719.59,393658.51,223395.68,17094.94,30305.51,5698.59
2024-02,Brand H - Sauces,H-04,Wholesale,1267,459800.34,70283.61,389516.73,212726.24,14117.43,31356.57,4538.3
2024-03,Brand H - Sauces,H-04,Wholesale,1194,433177.03,53975.03,379202.0,216018.34,13844.24,26830.0,7137.57
2024-04,Brand H - Sauces,H-04,Wholesale,1475,535405.05,71259.56,464145.49,250560.55,12453.15,51035.68,6229.34
2024-05,Brand H - Sauces,H-04,Wholesale,1565,567979.32,71413.91,496565.41,266829.16,13946.99,40454.95,10787.33
2024-06,Brand H - Sauces,H-04,Wholesale,1481,537464.8,48260.4,489204.4,279432.12,11394.85,33136.6,11498.07
2024-07,Brand H - Sauces,H-04,Wholesale,1490,540580.13,75160.58,465419.55,250193.1,13068.14,47844.67,6560.08
2024-08,Brand H - Sauces,H-04,Wholesale,1264,458660.83,58431.45,400229.38,230915.13,16551.93,33616.51,6917.02
2024-09,Brand H - Sauces,H-04,Wholesale,1413,512644.65,77785.33,434859.32,238896.46,16957.49,40618.74,5665.26
2024-10,Brand H - Sauces,H-04,Wholesale,1365,495418.45,75623.09,419795.36,239924.61,14123.01,27673.36,4664.08
2024-11,Brand H - Sauces,H-04,Wholesale,1317,478016.44,45842.32,432174.12,245106.3,15162.03,26088.96,5441.8
2024-12,Brand H - Sauces,H-04,Wholesale,1482,537809.23,55524.76,482284.46,262880.75,14023.04,34891.17,11799.75
2025-01,Brand H - Sauces,H-04,Wholesale,1403,509188.97,52684.66,456504.32,260191.38,17721.61,52132.59,7213.7
2025-02,Brand H - Sauces,H-04,Wholesale,1286,466525.78,39025.71,427500.07,245140.49,12512.08,50537.37,7649.84
2025-03,Brand H - Sauces,H-04,Wholesale,1682,610354.94,82780.81,527574.13,298378.47,11387.59,40414.07,5335.12
2025-04,Brand H - Sauces,H-04,Wholesale,1588,576253.08,89988.23,486264.85,260169.64,13799.37,44064.4,7969.63
2025-05,Brand H - Sauces,H-04,Wholesale,1732,628324.7,56766.74,571557.96,310240.83,14863.19,36163.5,13399.66
2025-06,Brand H - Sauces,H-04,Wholesale,1721,624640.76,65639.1,559001.66,312648.47,12908.4,56243.62,12424.12
2025-07,Brand H - Sauces,H-04,Wholesale,1651,599227.68,84515.1,514712.58,280511.09,17070.78,53856.66,7863.08
2025-08,Brand H - Sauces,H-04,Wholesale,1671,606414.6,55256.96,551157.64,315304.99,10182.42,50432.9,11217.4
2025-09,Brand H - Sauces,H-04,Wholesale,1546,561145.22,78257.82,482887.41,275529.2,13819.34,41362.47,10259.11
2025-10,Brand H - Sauces,H-04,Wholesale,1497,543132.86,79196.48,463936.38,248768.49,16785.72,38087.93,10957.43
2025-11,Brand H - Sauces,H-04,Wholesale,1359,493232.48,50349.36,442883.12,246224.57,15332.9,36076.11,10541.52
2025-12,Brand H - Sauces,H-04,Wholesale,1517,550431.43,84737.86,465693.58,261537.93,19248.23,35615.63,6576.72
2024-01,Brand H - Sauces,H-04,HoReCa,377,136917.06,14072.49,122844.56,66460.16,5220.3,8105.59,2017.95
2024-02,Brand H - Sauces,H-04,HoReCa,440,159659.05,23503.38,136155.67,76118.3,6005.39,9499.96,1804.34
2024-03,Brand H - Sauces,H-04,HoReCa,433,157259.34,22891.7,134367.64,73585.61,5682.82,15139.33,1751.55
2024-04,Brand H - Sauces,H-04,HoReCa,540,196017.55,29206.56,166810.99,94238.38,8606.73,13747.81,3466.4
2024-05,Brand H - Sauces,H-04,HoReCa,504,182790.94,25979.83,156811.12,84681.47,9629.63,17120.41,2917.42
2024-06,Brand H - Sauces,H-04,HoReCa,526,190964.64,27069.37,163895.27,91780.46,5142.97,15002.3,2692.67
2024-07,Brand H - Sauces,H-04,HoReCa,455,164968.64,13836.0,151132.63,84683.99,7679.74,11740.18,3216.75
2024-08,Brand H - Sauces,H-04,HoReCa,500,181475.0,23076.95,158398.04,86556.5,6915.44,12115.66,2826.34
2024-09,Brand H - Sauces,H-04,HoReCa,505,183112.89,19216.34,163896.55,89184.51,5490.44,17866.2,1757.81
2024-10,Brand H - Sauces,H-04,HoReCa,420,152263.33,15126.97,137136.36,78354.4,4381.22,11966.68,2611.57
2024-11,Brand H - Sauces,H-04,HoReCa,437,158496.5,17836.9,140659.61,79717.56,5230.87,9597.63,3440.96
2024-12,Brand H - Sauces,H-04,HoReCa,475,172483.92,22386.47,150097.45,83294.02,7035.58,13007.45,3644.74
2025-01,Brand H - Sauces,H-04,HoReCa,420,152401.48,18335.91,134065.57,72823.89,3692.61,15490.79,2409.02
2025-02,Brand H - Sauces,H-04,HoReCa,527,191164.7,26454.77,164709.93,89023.87,8981.12,16281.81,2669.22
2025-03,Brand H - Sauces,H-04,HoReCa,469,170107.8,21301.06,148806.75,81937.58,7106.78,17807.45,1882.38
2025-04,Brand H - Sauces,H-04,HoReCa,556,201861.46,21574.56,180286.9,103333.11,6881.04,15413.44,2402.99
2025-05,Brand H - Sauces,H-04,HoReCa,551,199990.05,23318.07,176671.98,98238.59,5919.77,20027.41,3144.75
2025-06,Brand H - Sauces,H-04,HoReCa,616,223547.57,30851.92,192695.65,106569.24,6672.78,22263.98,2695.11
2025-07,Brand H - Sauces,H-04,HoReCa,619,224495.37,26705.94,197789.42,111153.59,11124.0,23269.32,4327.8
2025-08,Brand H - Sauces,H-04,HoReCa,512,185706.77,25103.26,160603.51,90604.31,5807.11,12843.12,2224.88
2025-09,Brand H - Sauces,H-04,HoReCa,543,197043.99,18148.6,178895.39,98472.22,4711.89,18662.06,2982.6
2025-10,Brand H - Sauces,H-04,HoReCa,609,220986.7,32036.14,188950.56,101263.5,7321.32,21099.71,4073.05
2025-11,Brand H - Sauces,H-04,HoReCa,528,191442.76,21179.01,170263.75,97481.41,5411.69,17578.77,2819.92
2025-12,Brand H - Sauces,H-04,HoReCa,492,178355.88,14287.0,164068.88,89467.83,7818.53,19438.28,3687.78
2024-01,Brand H - Sauces,H-04,E-commerce,240,87207.36,12887.4,74319.96,40947.51,3038.35,5769.82,781.5
2024-02,Brand H - Sauces,H-04,E-commerce,280,101697.91,15383.8,86314.1,48892.18,3808.0,5559.48,1379.09
2024-03,Brand H - Sauces,H-04,E-commerce,317,114952.95,11661.35,103291.6,57982.6,3985.47,8315.2,2040.06
2024-04,Brand H - Sauces,H-04,E-commerce,281,101802.58,10583.73,91218.85,50103.14,3473.3,8147.18,2243.17
2024-05,Brand H - Sauces,H-04,E-commerce,313,113599.5,9472.3,104127.2,57997.25,4018.25,6553.76,2541.93
2024-06,Brand H - Sauces,H-04,E-commerce,371,134597.19,18733.56,115863.63,63661.94,5159.56,9679.07,2195.11
2024-07,Brand H - Sauces,H-04,E-commerce,351,127525.44,19519.19,108006.25,62155.06,3080.7,7272.18,1685.87
2024-08,Brand H - Sauces,H-04,E-commerce,293,106398.96,8720.02,97678.94,52967.52,1981.09,7257.06,1077.09
2024-09,Brand H - Sauces,H-04,E-commerce,261,94622.55,10337.79,84284.76,45562.1,2354.88,5873.94,1159.55
2024-10,Brand H - Sauces,H-04,E-commerce,335,121412.71,14550.22,106862.48,57851.55,3902.52,7024.29,2086.8
2024-11,Brand H - Sauces,H-04,E-commerce,268,97143.09,11261.73,85881.37,47937.12,1706.94,9308.28,1181.94
2024-12,Brand H - Sauces,H-04,E-commerce,308,111722.62,11916.48,99806.13,56656.63,2348.83,11898.99,2004.18
2025-01,Brand H - Sauces,H-04,E-commerce,305,110854.19,17492.57,93361.63,53130.56,3736.94,8588.02,1147.22
2025-02,Brand H - Sauces,H-04,E-commerce,276,100282.15,12502.49,87779.66,49214.42,3570.25,7718.23,1541.57
2025-03,Brand H - Sauces,H-04,E-commerce,355,128656.89,14389.0,114267.89,63233.54,4186.5,7980.89,2696.21
2025-04,Brand H - Sauces,H-04,E-commerce,342,124269.32,17734.24,106535.08,57459.46,4395.62,11531.15,1873.97
2025-05,Brand H - Sauces,H-04,E-commerce,385,139603.24,12841.97,126761.27,71628.68,2822.16,14280.18,2668.06
2025-06,Brand H - Sauces,H-04,E-commerce,406,147475.46,22800.51,124674.95,71420.98,3347.25,14736.42,1912.93
2025-07,Brand H - Sauces,H-04,E-commerce,387,140561.68,14407.29,126154.39,68159.58,4175.22,13864.14,2715.33
2025-08,Brand H - Sauces,H-04,E-commerce,340,123349.15,17758.99,105590.16,60290.46,2306.74,10572.51,2493.1
2025-09,Brand H - Sauces,H-04,E-commerce,367,133023.67,12534.13,120489.54,69109.95,4056.6,7709.17,2726.31
2025-10,Brand H - Sauces,H-04,E-commerce,321,116422.47,17457.37,98965.1,56103.16,3551.69,6483.5,1911.43
2025-11,Brand H - Sauces,H-04,E-commerce,325,117859.34,15262.52,102596.81,57490.11,2354.75,10546.97,2199.92
2025-12,Brand H - Sauces,H-04,E-commerce,320,115991.31,11143.7,104847.61,56138.45,4129.62,8719.33,1773.0
2024-01,Brand H - Sauces,H-05,Modern Trade,357,191110.66,19297.89,171812.78,93855.63,4372.96,19921.86,2976.14
2024-02,Brand H - Sauces,H-05,Modern Trade,344,183963.85,27555.84,156408.01,89646.55,2081.77,12976.01,2069.45
2024-03,Brand H - Sauces,H-05,Modern Trade,414,221188.57,24267.08,196921.48,109279.93,4092.17,17489.16,2448.23
2024-04,Brand H - Sauces,H-05,Modern Trade,455,243544.95,28830.34,214714.6,118235.49,4092.47,13744.08,3303.06
2024-05,Brand H - Sauces,H-05,Modern Trade,439,234694.38,34941.81,199752.57,114526.89,5684.62,15307.7,2852.66
2024-06,Brand H - Sauces,H-05,Modern Trade,575,307807.97,43213.48,264594.49,152748.49,4666.45,27708.13,3147.83
2024-07,Brand H - Sauces,H-05,Modern Trade,420,224893.84,31901.58,192992.26,109331.85,3465.21,21476.03,4137.37
2024-08,Brand H - Sauces,H-05,Modern Trade,495,264985.67,25611.38,239374.28,138082.95,5724.0,28647.82,2463.88
2024-09,Brand H - Sauces,H-05,Modern Trade,465,248668.27,32208.48,216459.79,116199.24,6182.98,18526.76,3462.1
2024-10,Brand H - Sauces,H-05,Modern Trade,332,177499.96,23548.54,153951.42,83093.15,2241.99,12041.98,1615.19
2024-11,Brand H - Sauces,H-05,Modern Trade,463,247498.28,34504.68,212993.6,118412.75,4211.76,18631.22,4507.62
2024-12,Brand H - Sauces,H-05,Modern Trade,372,199066.45,22550.49,176515.96,101436.69,5146.59,11484.12,3907.58
2025-01,Brand H - Sauces,H-05,Modern Trade,450,240909.91,25125.5,215784.41,119788.53,5411.47,17259.72,5343.04
2025-02,Brand H - Sauces,H-05,Modern Trade,361,193187.02,19025.23,174161.79,94683.26,2350.29,16390.92,2274.29
2025-03,Brand H - Sauces,H-05,Modern Trade,508,271833.34,21783.59,250049.75,140104.4,5829.1,28787.55,5318.3
2025-04,Brand H - Sauces,H-05,Modern Trade,453,242215.51,31239.28,210976.23,119082.63,6185.23,22007.15,4579.48
2025-05,Brand H - Sauces,H-05,Modern Trade,532,284312.85,45376.47,238936.38,129489.49,7161.47,16451.64,4807.56
2025-06,Brand H - Sauces,H-05,Modern Trade,584,312394.69,48846.24,263548.45,148805.52,7380.33,29186.33,2933.63
2025-07,Brand H - Sauces,H-05,Modern Trade,496,265103.64,33241.52,231862.13,133349.19,3341.6,15111.27,3764.9
2025-08,Brand H - Sauces,H-05,Modern Trade,533,285240.87,39237.53,246003.34,137789.59,6316.97,16648.32,5867.63
2025-09,Brand H - Sauces,H-05,Modern Trade,489,261675.02,25158.41,236516.61,135866.4,5419.18,21813.23,5420.27
2025-10,Brand H - Sauces,H-05,Modern Trade,531,284189.58,27400.45,256789.13,140629.64,4408.04,20217.04,6017.54
2025-11,Brand H - Sauces,H-05,Modern Trade,377,201857.36,21975.81,179881.56,103667.03,4337.12,11081.51,4258.34
2025-12,Brand H - Sauces,H-05,Modern Trade,492,263360.81,32411.93,230948.87,128425.51,6190.39,15784.13,4657.35
2024-01,Brand H - Sauces,H-05,Wholesale,306,163779.54,20588.97,143190.57,80764.57,2752.08,15864.26,1950.71
2024-02,Brand H - Sauces,H-05,Wholesale,313,167429.41,19642.66,147786.75,82038.96,4205.4,9540.59,3078.08
2024-03,Brand H - Sauces,H-05,Wholesale,273,146256.58,12788.96,133467.63,71788.2,2111.92,14839.12,2619.81
2024-04,Brand H - Sauces,H-05,Wholesale,347,185371.23,16841.21,168530.01,94884.48,3298.29,13582.13,2694.48
2024-05,Brand H - Sauces,H-05,Wholesale,370,197928.36,24769.5,173158.86,99518.96,3993.17,19756.79,2237.01
2024-06,Brand H - Sauces,H-05,Wholesale,345,184367.73,27972.8,156394.92,88072.0,2522.68,10873.81,3747.66
2024-07,Brand H - Sauces,H-05,Wholesale,372,199230.75,30653.24,168577.51,95243.87,2697.47,18101.62,1818.94
2024-08,Brand H - Sauces,H-05,Wholesale,381,203570.53,28721.3,174849.23,94329.0,4782.08,20063.17,3460.56
2024-09,Brand H - Sauces,H-05,Wholesale,291,155738.83,12756.62,142982.21,76877.2,2537.04,16408.56,2476.41
2024-10,Brand H - Sauces,H-05,Wholesale,402,215000.64,28490.2,186510.44,106209.53,4731.12,14782.86,2599.38
2024-11,Brand H - Sauces,H-05,Wholesale,342,183180.58,20653.33,162527.25,88766.4,4183.26,10179.8,2961.15
2024-12,Brand H - Sauces,H-05,Wholesale,263,140929.76,18562.63,122367.13,68322.76,2435.39,12546.9,2757.03
2025-01,Brand H - Sauces,H-05,Wholesale,302,161777.81,22112.08,139665.73,76007.49,2633.76,12871.56,1890.47
2025-02,Brand H - Sauces,H-05,Wholesale,374,199950.59,29652.13,170298.47,92862.52,2498.79,10898.07,3563.12
2025-03,Brand H - Sauces,H-05,Wholesale,433,231495.11,25048.08,206447.03,119174.37,4463.82,15304.95,4012.0
2025-04,Brand H - Sauces,H-05,Wholesale,336,179486.93,16491.16,162995.77,89271.28,2890.85,10808.05,2486.85
2025-05,Brand H - Sauces,H-05,Wholesale,432,230939.58,21517.94,209421.64,113318.37,5679.09,16823.57,2749.12
2025-06,Brand H - Sauces,H-05,Wholesale,416,222504.52,28609.12,193895.4,106576.28,2966.31,21460.55,4182.18
2025-07,Brand H - Sauces,H-05,Wholesale,397,212197.27,29758.29,182438.99,98851.0,4771.11,17371.41,3345.64
2025-08,Brand H - Sauces,H-05,Wholesale,408,218324.66,23510.48,194814.18,106732.66,5358.31,16387.72,2389.73
2025-09,Brand H - Sauces,H-05,Wholesale,405,216627.21,33006.86,183620.35,101631.56,3339.08,19045.71,2875.21
2025-10,Brand H - Sauces,H-05,Wholesale,378,201991.2,19950.52,182040.68,102793.97,2954.27,13249.12,4255.0
2025-11,Brand H - Sauces,H-05,Wholesale,390,208365.56,19209.6,189155.96,104170.36,4155.38,20168.82,2133.03
2025-12,Brand H - Sauces,H-05,Wholesale,386,206583.0,21983.52,184599.48,105283.87,4536.8,15019.76,2246.46
2024-01,Brand H - Sauces,H-05,HoReCa,106,56730.08,7337.86,49392.22,28082.07,1826.66,5391.12,1026.41
2024-02,Brand H - Sauces,H-05,HoReCa,105,56246.18,8627.12,47619.06,25438.26,1829.18,3155.14,579.15
2024-03,Brand H - Sauces,H-05,HoReCa,116,61940.49,8760.99,53179.5,30468.13,2265.79,4957.73,663.24
2024-04,Brand H - Sauces,H-05,HoReCa,130,69563.44,10312.42,59251.02,33394.97,1449.14,4776.21,956.03
2024-05,Brand H - Sauces,H-05,HoReCa,122,65097.23,7425.4,57671.82,31074.52,1681.69,4308.17,1188.33
2024-06,Brand H - Sauces,H-05,HoReCa,152,81064.35,9456.74,71607.61,39392.73,2369.48,8132.25,770.66
2024-07,Brand H - Sauces,H-05,HoReCa,128,68366.58,6096.67,62269.91,33273.61,1507.45,4559.97,1057.34
2024-08,Brand H - Sauces,H-05,HoReCa,115,61418.09,8591.36,52826.74,29343.34,2106.36,4729.28,585.93
2024-09,Brand H - Sauces,H-05,HoReCa,123,65879.85,9868.19,56011.66,30691.27,1788.56,5852.11,778.97
2024-10,Brand H - Sauces,H-05,HoReCa,107,57027.47,9041.31,47986.16,26120.84,1333.62,4582.02,657.13
2024-11,Brand H - Sauces,H-05,HoReCa,111,59292.9,9308.35,49984.55,27974.04,1208.99,4702.21,604.82
2024-12,Brand H - Sauces,H-05,HoReCa,117,62685.15,6858.67,55826.48,30791.2,1028.17,3963.98,737.4
2025-01,Brand H - Sauces,H-05,HoReCa,128,68443.01,9702.78,58740.22,33424.45,2066.19,6257.26,1007.24
2025-02,Brand H - Sauces,H-05,HoReCa,108,57598.84,7008.35,50590.49,27726.32,1923.64,4363.73,568.21
2025-03,Brand H - Sauces,H-05,HoReCa,119,63598.02,8119.31,55478.71,29778.83,1364.05,4405.19,808.45
2025-04,Brand H - Sauces,H-05,HoReCa,150,80002.03,11917.1,68084.93,37811.67,2026.14,7761.59,784.51
2025-05,Brand H - Sauces,H-05,HoReCa,142,75927.32,6304.48,69622.84,39383.99,2005.55,7360.37,934.07
2025-06,Brand H - Sauces,H-05,HoReCa,134,71854.72,7435.26,64419.46,36361.9,2623.92,7099.13,1369.18
2025-07,Brand H - Sauces,H-05,HoReCa,146,78091.7,7893.55,70198.15,40186.65,2229.87,5488.27,1395.32
2025-08,Brand H - Sauces,H-05,HoReCa,130,69536.42,7135.25,62401.17,34638.42,1982.41,5750.13,1304.86
2025-09,Brand H - Sauces,H-05,HoReCa,146,78002.38,11359.3,66643.08,36539.41,1257.24,7807.3,1052.9
2025-10,Brand H - Sauces,H-05,HoReCa,113,60656.44,8941.73,51714.71,28032.41,1469.58,4387.27,1270.72
2025-11,Brand H - Sauces,H-05,HoReCa,126,67206.84,8192.75,59014.09,33993.36,1717.62,4268.17,1414.23
2025-12,Brand H - Sauces,H-05,HoReCa,117,62492.01,6590.29,55901.72,31428.47,1277.12,4047.24,1232.59
2024-01,Brand H - Sauces,H-05,E-commerce,68,36443.56,3441.38,33002.18,18102.69,519.66,2656.02,739.03
2024-02,Brand H - Sauces,H-05,E-commerce,67,35599.25,3238.31,32360.94,17398.08,630.21,2372.31,717.98
2024-03,Brand H - Sauces,H-05,E-commerce,70,37271.16,4921.54,32349.63,18372.94,627.44,2423.58,409.05
2024-04,Brand H - Sauces,H-05,E-commerce,79,42021.4,5516.16,36505.23,20662.76,766.59,2583.96,538.03
2024-05,Brand H - Sauces,H-05,E-commerce,65,34707.92,5450.52,29257.4,15701.89,509.29,2944.2,294.4
2024-06,Brand H - Sauces,H-05,E-commerce,84,44679.06,5789.6,38889.47,21418.34,581.08,4193.77,698.14
2024-07,Brand H - Sauces,H-05,E-commerce,89,47596.25,6456.13,41140.12,23312.44,887.66,2982.44,758.99
2024-08,Brand H - Sauces,H-05,E-commerce,76,40767.67,6046.41,34721.26,19187.9,876.73,3514.17,376.41
2024-09,Brand H - Sauces,H-05,E-commerce,79,42256.31,5823.66,36432.65,20850.14,556.1,3149.48,700.01
2024-10,Brand H - Sauces,H-05,E-commerce,63,33799.11,3110.58,30688.53,17085.58,652.72,2720.58,699.67
2024-11,Brand H - Sauces,H-05,E-commerce,68,36266.6,3156.66,33109.94,18391.92,444.47,2380.76,674.63
2024-12,Brand H - Sauces,H-05,E-commerce,74,39754.16,3297.06,36457.1,21028.31,717.14,2996.17,791.74
2025-01,Brand H - Sauces,H-05,E-commerce,61,32829.83,4442.11,28387.73,15395.51,589.54,3140.16,301.81
2025-02,Brand H - Sauces,H-05,E-commerce,72,38549.7,6112.1,32437.61,18211.89,438.28,2320.74,359.1
2025-03,Brand H - Sauces,H-05,E-commerce,81,43149.01,4490.23,38658.78,22240.36,775.11,2382.46,528.68
2025-04,Brand H - Sauces,H-05,E-commerce,95,51076.9,6502.24,44574.66,25574.28,1269.73,3552.16,998.71
2025-05,Brand H - Sauces,H-05,E-commerce,104,55425.16,4703.29,50721.87,28086.62,1039.23,3595.31,787.71
2025-06,Brand H - Sauces,H-05,E-commerce,86,45760.47,5817.49,39942.98,22923.83,950.19,4761.32,854.86
2025-07,Brand H - Sauces,H-05,E-commerce,103,54920.18,8519.75,46400.43,24827.63,1021.64,4070.57,897.54
2025-08,Brand H - Sauces,H-05,E-commerce,85,45310.21,5689.66,39620.54,21591.97,547.26,2976.6,909.02
2025-09,Brand H - Sauces,H-05,E-commerce,94,50298.63,6455.67,43842.97,24959.36,1293.45,4256.19,598.47
2025-10,Brand H - Sauces,H-05,E-commerce,80,42996.02,6049.57,36946.45,20500.34,485.68,3351.22,421.39
2025-11,Brand H - Sauces,H-05,E-commerce,71,38240.43,4303.07,33937.37,18850.29,680.71,3133.01,482.21
2025-12,Brand H - Sauces,H-05,E-commerce,72,38745.75,3601.69,35144.07,19643.9,843.48,2740.01,811.88
2024-01,Brand H - Sauces,H-06,Modern Trade,1758,1391637.96,71574.54,1320063.42,717546.4,15931.48,53161.54,31295.45
2024-02,Brand H - Sauces,H-06,Modern Trade,1658,1312376.15,59480.6,1252895.55,703172.1,22645.71,39885.59,29551.51
2024-03,Brand H - Sauces,H-06,Modern Trade,2053,1624569.89,89917.66,1534652.23,827474.83,24228.28,39298.77,37860.75
2024-04,Brand H - Sauces,H-06,Modern Trade,1802,1425764.87,76567.44,1349197.43,736797.1,14331.31,53235.36,18837.62
2024-05,Brand H - Sauces,H-06,Modern Trade,2224,1759965.8,54683.27,1705282.52,936653.8,27606.52,81656.47,36037.37
2024-06,Brand H - Sauces,H-06,Modern Trade,2139,1692951.83,89882.76,1603069.07,922669.57,23386.23,47882.89,29595.92
2024-07,Brand H - Sauces,H-06,Modern Trade,2338,1850306.84,104223.58,1746083.26,953744.36,24395.76,39506.87,31054.45
2024-08,Brand H - Sauces,H-06,Modern Trade,2289,1811503.79,95313.24,1716190.55,970594.88,25952.41,82471.4,19614.99
2024-09,Brand H - Sauces,H-06,Modern Trade,2175,1721619.41,117536.69,1604082.72,872380.32,13834.93,56692.17,24587.24
2024-10,Brand H - Sauces,H-06,Modern Trade,1685,1333917.14,75807.8,1258109.34,671447.24,18188.35,35224.79,21618.6
2024-11,Brand H - Sauces,H-06,Modern Trade,1670,1321417.89,102653.53,1218764.36,659518.64,12954.0,49936.11,29001.75
2024-12,Brand H - Sauces,H-06,Modern Trade,2194,1736446.21,100644.74,1635801.47,938569.48,20412.26,50463.26,26263.42
2025-01,Brand H - Sauces,H-06,Modern Trade,2051,1623101.42,117561.99,1505539.43,867329.91,15564.08,33070.7,21322.52
2025-02,Brand H - Sauces,H-06,Modern Trade,2185,1729178.37,73704.47,1655473.9,948155.03,25106.22,77232.12,21865.01
2025-03,Brand H - Sauces,H-06,Modern Trade,2219,1755854.92,126922.93,1628931.98,925977.55,16561.42,53323.53,28760.13
2025-04,Brand H - Sauces,H-06,Modern Trade,2505,1982584.28,126387.26,1856197.02,1002686.38,20757.68,44502.76,31283.78
2025-05,Brand H - Sauces,H-06,Modern Trade,2480,1962933.3,95268.25,1867665.05,1009089.57,33893.14,48019.4,46439.17
2025-06,Brand H - Sauces,H-06,Modern Trade,2545,2014158.0,49336.49,1964821.51,1052443.41,23282.54,55797.17,49070.87
2025-07,Brand H - Sauces,H-06,Modern Trade,2752,2177977.25,70613.14,2107364.11,1177353.74,35103.25,55206.67,40498.38
2025-08,Brand H - Sauces,H-06,Modern Trade,2594,2052861.27,50684.79,2002176.49,1122196.38,34731.58,97052.53,42723.19
2025-09,Brand H - Sauces,H-06,Modern Trade,2607,2063542.81,116547.35,1946995.46,1075706.02,34997.86,48852.96,22806.01
2025-10,Brand H - Sauces,H-06,Modern Trade,2221,1757636.21,91000.27,1666635.94,950529.68,30320.04,72989.73,34819.43
2025-11,Brand H - Sauces,H-06,Modern Trade,2415,1911065.96,56986.25,1854079.71,1017067.2,33555.82,92534.35,22521.6
2025-12,Brand H - Sauces,H-06,Modern Trade,2151,1702732.23,42682.65,1660049.58,907349.49,15647.11,70855.32,29127.33
2024-01,Brand H - Sauces,H-06,Wholesale,1384,1095683.88,35245.7,1060438.18,587498.5,15426.97,50929.07,16077.76
2024-02,Brand H - Sauces,H-06,Wholesale,1716,1358419.79,85504.78,1272915.01,712304.13,18219.98,29702.23,27363.07
2024-03,Brand H - Sauces,H-06,Wholesale,1645,1301731.11,63161.21,1238569.9,713525.66,11645.83,58029.16,17238.36
2024-04,Brand H - Sauces,H-06,Wholesale,1394,1103603.03,69316.61,1034286.42,558350.42,10061.52,38704.03,20353.98
2024-05,Brand H - Sauces,H-06,Wholesale,1528,1208929.07,84928.42,1124000.65,605559.06,20158.08,45627.75,15905.6
2024-06,Brand H - Sauces,H-06,Wholesale,1580,1250480.6,31661.96,1218818.64,667473.78,14522.68,36205.66,15772.25
2024-07,Brand H - Sauces,H-06,Wholesale,1511,1196075.71,57411.13,1138664.58,636517.8,12247.81,45904.06,12286.14
2024-08,Brand H - Sauces,H-06,Wholesale,1815,1436626.1,103029.6,1333596.5,719616.17,13826.52,55223.53,28997.06
2024-09,Brand H - Sauces,H-06,Wholesale,1383,1094155.57,54377.64,1039777.93,582807.81,11522.61,43564.21,13645.03
2024-10,Brand H - Sauces,H-06,Wholesale,1381,1092827.73,57868.73,1034959.0,584139.23,10805.69,34536.75,24639.55
2024-11,Brand H - Sauces,H-06,Wholesale,1582,1251842.74,85933.45,1165909.29,667762.8,16814.23,44383.94,28676.81
2024-12,Brand H - Sauces,H-06,Wholesale,1380,1091976.25,49082.49,1042893.76,570445.37,11179.34,40740.93,15277.51
2025-01,Brand H - Sauces,H-06,Wholesale,1634,1293022.92,51095.61,1241927.32,687169.87,16971.5,34257.29,19892.24
2025-02,Brand H - Sauces,H-06,Wholesale,1638,1295997.76,58156.04,1237841.71,665750.36,21390.06,43969.5,26354.73
2025-03,Brand H - Sauces,H-06,Wholesale,1458,1154129.49,40433.42,1113696.08,638830.3,20290.07,33884.77,18978.46
2025-04,Brand H - Sauces,H-06,Wholesale,1799,1424048.18,77311.91,1346736.27,756347.86,14856.6,35997.71,25297.62
2025-05,Brand H - Sauces,H-06,Wholesale,2016,1595801.17,124625.32,1471175.84,800311.04,26620.19,49941.19,26879.27
2025-06,Brand H - Sauces,H-06,Wholesale,2057,1627920.9,85213.92,1542706.98,884575.4,24293.8,71899.43,19438.03
2025-07,Brand H - Sauces,H-06,Wholesale,1837,1453662.02,101250.51,1352411.51,730051.26,15070.76,57148.56,18480.0
2025-08,Brand H - Sauces,H-06,Wholesale,2020,1598636.05,84205.54,1514430.51,829051.99,22611.2,60342.95,17676.96
2025-09,Brand H - Sauces,H-06,Wholesale,1752,1386614.39,35611.99,1351002.4,769969.49,19688.59,67340.5,33656.37
2025-10,Brand H - Sauces,H-06,Wholesale,1831,1449344.0,61652.41,1387691.6,748897.49,15019.12,67371.35,21360.84
2025-11,Brand H - Sauces,H-06,Wholesale,1685,1333353.27,95292.39,1238060.88,688421.63,23583.15,27193.12,18263.43
2025-12,Brand H - Sauces,H-06,Wholesale,1762,1394857.01,48976.13,1345880.88,771711.74,12423.91,51727.76,28580.3
2024-01,Brand H - Sauces,H-06,HoReCa,459,363167.75,14230.33,348937.42,190202.01,5463.11,8378.03,4695.75
2024-02,Brand H - Sauces,H-06,HoReCa,384,303592.24,23567.43,280024.81,156287.78,5060.8,13389.74,6934.94
2024-03,Brand H - Sauces,H-06,HoReCa,494,390974.39,19653.54,371320.85,205648.76,6519.25,15662.23,9271.11
2024-04,Brand H - Sauces,H-06,HoReCa,633,501186.01,11733.1,489452.91,269895.06,12116.78,21825.92,7663.66
2024-05,Brand H - Sauces,H-06,HoReCa,600,474928.63,23448.31,451480.32,252994.33,10320.56,21876.19,6787.92
2024-06,Brand H - Sauces,H-06,HoReCa,487,385457.19,13831.2,371625.99,209082.47,9514.56,16213.0,8198.4
2024-07,Brand H - Sauces,H-06,HoReCa,688,544796.85,13526.66,531270.19,303665.46,12862.33,13368.45,6177.53
2024-08,Brand H - Sauces,H-06,HoReCa,572,452501.39,34351.77,418149.62,236178.9,9007.14,9756.35,5312.09
2024-09,Brand H - Sauces,H-06,HoReCa,544,430479.28,33653.33,396825.95,218659.66,10206.82,19350.47,7980.84
2024-10,Brand H - Sauces,H-06,HoReCa,542,428624.09,34099.5,394524.59,227077.47,9432.72,8116.71,5033.69
2024-11,Brand H - Sauces,H-06,HoReCa,349,276508.24,8494.57,268013.68,147929.73,4553.39,7331.58,4311.61
2024-12,Brand H - Sauces,H-06,HoReCa,458,362114.86,14875.35,347239.52,197766.46,4633.84,10300.13,4234.93
2025-01,Brand H - Sauces,H-06,HoReCa,498,394077.8,10119.25,383958.55,215284.86,4684.0,15366.33,6038.22
2025-02,Brand H - Sauces,H-06,HoReCa,528,417654.04,20551.75,397102.29,227735.2,7116.68,12617.56,9072.49
2025-03,Brand H - Sauces,H-06,HoReCa,539,426936.53,13720.49,413216.04,222647.75,10201.26,9015.0,9924.83
2025-04,Brand H - Sauces,H-06,HoReCa,626,495450.37,23927.62,471522.75,263940.17,8953.48,11141.42,11391.7
2025-05,Brand H - Sauces,H-06,HoReCa,648,512642.99,20451.51,492191.48,279543.27,11847.36,13904.95,5232.42
2025-06,Brand H - Sauces,H-06,HoReCa,693,548739.75,40934.81,507804.94,272477.83,12384.21,24308.69,5699.2
2025-07,Brand H - Sauces,H-06,HoReCa,638,504567.76,20456.95,484110.81,272160.89,6873.9,16465.53,10008.63
2025-08,Brand H - Sauces,H-06,HoReCa,717,567342.53,26906.19,540436.34,310224.77,8807.49,24532.32,10736.07
2025-09,Brand H - Sauces,H-06,HoReCa,607,480289.64,23981.31,456308.32,262961.55,7828.92,15272.64,10042.19
2025-10,Brand H - Sauces,H-06,HoReCa,689,544924.96,17664.52,527260.44,290291.98,6770.38,13752.07,8522.27
2025-11,Brand H - Sauces,H-06,HoReCa,527,417161.78,20745.76,396416.02,213579.03,5963.28,15459.84,9571.87
2025-12,Brand H - Sauces,H-06,HoReCa,475,375986.34,23447.79,352538.55,192898.34,7833.61,13584.0,5051.79
2024-01,Brand H - Sauces,H-06,E-commerce,294,232464.44,13090.43,219374.01,118617.53,2465.81,9339.01,4950.09
2024-02,Brand H - Sauces,H-06,E-commerce,306,242100.66,12629.11,229471.55,131513.82,1997.34,8318.59,4078.08
2024-03,Brand H - Sauces,H-06,E-commerce,367,290069.33,19845.17,270224.16,150851.94,3202.68,11281.73,4798.11
2024-04,Brand H - Sauces,H-06,E-commerce,382,302439.81,10074.52,292365.29,164253.22,4909.99,9589.67,3463.88
2024-05,Brand H - Sauces,H-06,E-commerce,314,248635.37,16801.71,231833.66,133594.45,3010.65,10413.1,5282.74
2024-06,Brand H - Sauces,H-06,E-commerce,377,298389.95,14970.52,283419.42,151647.61,5151.35,11305.25,3602.64
2024-07,Brand H - Sauces,H-06,E-commerce,365,288533.43,13966.08,274567.36,155768.57,3187.74,13450.08,3345.54
2024-08,Brand H - Sauces,H-06,E-commerce,439,347321.31,20615.97,326705.33,187315.31,4874.96,14579.19,5823.26
2024-09,Brand H - Sauces,H-06,E-commerce,399,315477.73,18050.41,297427.32,165238.69,4419.61,8986.54,4641.17
2024-10,Brand H - Sauces,H-06,E-commerce,354,280267.33,7497.99,272769.35,148113.94,3361.42,6928.15,4948.44
2024-11,Brand H - Sauces,H-06,E-commerce,295,233527.81,12959.71,220568.1,127048.84,3834.34,9622.92,2886.22
2024-12,Brand H - Sauces,H-06,E-commerce,339,268600.07,13968.37,254631.71,144271.91,4614.72,6751.26,2891.38
2025-01,Brand H - Sauces,H-06,E-commerce,293,232144.52,7776.08,224368.44,120943.59,3704.43,10664.18,2261.78
2025-02,Brand H - Sauces,H-06,E-commerce,402,318089.63,22329.82,295759.81,159779.73,3330.17,6465.33,4472.75
2025-03,Brand H - Sauces,H-06,E-commerce,357,282151.15,10360.49,271790.66,148864.4,4492.87,6722.89,2756.85
2025-04,Brand H - Sauces,H-06,E-commerce,492,389507.1,27027.08,362480.01,198175.21,5284.09,16067.39,7058.1
2025-05,Brand H - Sauces,H-06,E-commerce,438,346587.38,9066.26,337521.11,185961.93,3338.59,11851.77,6798.31
2025-06,Brand H - Sauces,H-06,E-commerce,403,318587.32,22180.21,296407.11,159385.85,3659.28,12591.38,3250.94
2025-07,Brand H - Sauces,H-06,E-commerce,438,346679.43,19657.29,327022.13,184545.81,3557.12,12834.14,4965.07
2025-08,Brand H - Sauces,H-06,E-commerce,384,304059.97,19020.45,285039.53,162889.86,4708.39,12313.27,3557.74
2025-09,Brand H - Sauces,H-06,E-commerce,410,324689.11,14911.74,309777.37,173002.82,3950.25,14784.97,5888.27
2025-10,Brand H - Sauces,H-06,E-commerce,394,311603.09,10369.9,301233.19,170927.91,4423.3,10021.95,3069.74
2025-11,Brand H - Sauces,H-06,E-commerce,372,294144.57,10044.16,284100.41,158942.92,4193.77,6614.9,4479.21
2025-12,Brand H - Sauces,H-06,E-commerce,340,269054.55,11766.49,257288.06,141532.51,2907.35,10218.92,3509.38
2024-01,Brand I - Juice,I-01,Modern Trade,801,386456.41,55566.36,330890.05,243183.68,5871.27,23162.87,7082.41
2024-02,Brand I - Juice,I-01,Modern Trade,1089,525287.17,47052.53,478234.64,346748.53,10285.69,56543.29,9405.35
2024-03,Brand I - Juice,I-01,Modern Trade,985,475053.22,63590.61,411462.6,308687.83,11499.04,33030.27,7111.24
2024-04,Brand I - Juice,I-01,Modern Trade,1119,539641.16,61514.89,478126.27,357218.57,12732.45,34157.37,8581.09
2024-05,Brand I - Juice,I-01,Modern Trade,1405,677777.25,71182.76,606594.49,434389.55,9017.73,49348.48,10771.75
2024-06,Brand I - Juice,I-01,Modern Trade,1435,692021.72,66978.44,625043.28,451386.75,13401.96,46948.6,9907.41
2024-07,Brand I - Juice,I-01,Modern Trade,1730,834453.36,109599.04,724854.32,544259.92,23100.54,83618.01,9755.83
2024-08,Brand I - Juice,I-01,Modern Trade,1135,547579.97,74980.82,472599.15,354510.36,15349.53,54644.63,9089.59
2024-09,Brand I - Juice,I-01,Modern Trade,1059,511010.1,77963.63,433046.47,325370.69,9984.6,46988.31,9496.83
2024-10,Brand I - Juice,I-01,Modern Trade,1268,611553.59,92767.51,518786.07,382247.03,15172.26,46769.69,7426.25
2024-11,Brand I - Juice,I-01,Modern Trade,1097,528954.57,45621.03,483333.53,364117.14,12463.18,45412.99,8781.76
2024-12,Brand I - Juice,I-01,Modern Trade,1017,490781.38,49491.45,441289.93,323838.27,13788.03,32294.53,7370.09
2025-01,Brand I - Juice,I-01,Modern Trade,1296,625262.33,97933.19,527329.15,382096.24,9061.12,38088.36,8635.65
2025-02,Brand I - Juice,I-01,Modern Trade,1218,587384.66,58578.92,528805.74,397638.31,14671.37,53338.78,7040.51
2025-03,Brand I - Juice,I-01,Modern Trade,1259,607393.37,81537.91,525855.46,372691.83,10116.66,47934.69,5339.52
2025-04,Brand I - Juice,I-01,Modern Trade,1344,648229.7,100362.42,547867.28,412279.78,11765.69,45961.21,7973.18
2025-05,Brand I - Juice,I-01,Modern Trade,1403,676928.9,73343.38,603585.51,434132.33,17858.13,67785.97,13954.59
2025-06,Brand I - Juice,I-01,Modern Trade,1504,725709.78,86932.5,638777.27,458562.38,21001.25,61451.6,8750.55
2025-07,Brand I - Juice,I-01,Modern Trade,1564,754198.63,77770.27,676428.36,500073.66,19769.29,64072.51,12599.74
2025-08,Brand I - Juice,I-01,Modern Trade,1594,769096.6,88681.36,680415.23,490466.34,22126.9,69807.66,12712.16
2025-09,Brand I - Juice,I-01,Modern Trade,1259,607500.95,49354.0,558146.95,395452.29,16364.62,47687.16,10252.32
2025-10,Brand I - Juice,I-01,Modern Trade,1207,582177.6,50409.06,531768.54,390077.24,7582.1,37081.97,13117.77
2025-11,Brand I - Juice,I-01,Modern Trade,1183,570601.04,85279.61,485321.43,339425.26,15632.52,52713.83,9394.28
2025-12,Brand I - Juice,I-01,Modern Trade,1048,505425.98,74986.09,430439.89,322397.9,13904.81,47002.28,8011.1
2024-01,Brand I - Juice,I-01,Wholesale,722,348494.71,42054.14,306440.57,228837.99,4998.44,32852.26,5267.87
2024-02,Brand I - Juice,I-01,Wholesale,806,388831.45,57834.54,330996.91,233142.64,9398.1,25796.1,5100.25
2024-03,Brand I - Juice,I-01,Wholesale,955,460648.59,60041.1,400607.48,295636.31,7053.2,34590.02,6073.35
2024-04,Brand I - Juice,I-01,Wholesale,902,435244.63,50397.33,384847.31,283198.46,7056.29,40682.05,7630.5
2024-05,Brand I - Juice,I-01,Wholesale,1227,591647.28,86043.38,505603.9,372724.02,9525.39,37099.3,8849.78
2024-06,Brand I - Juice,I-01,Wholesale,1112,536458.04,80237.65,456220.39,326319.82,11542.24,45663.76,4895.26
2024-07,Brand I - Juice,I-01,Wholesale,984,474708.33,52648.03,422060.31,313298.62,6774.19,30821.99,9943.17
2024-08,Brand I - Juice,I-01,Wholesale,1051,506989.83,65656.72,441333.11,318330.63,12918.66,49741.03,5297.93
2024-09,Brand I - Juice,I-01,Wholesale,1024,493780.81,39520.85,454259.97,319013.83,13024.27,32870.57,9894.26
2024-10,Brand I - Juice,I-01,Wholesale,797,384571.0,43317.32,341253.68,241571.65,9999.95,33403.97,3901.3
2024-11,Brand I - Juice,I-01,Wholesale,953,459593.77,69302.76,390291.01,281955.72,9565.08,30133.43,8566.7
2024-12,Brand I - Juice,I-01,Wholesale,739,356614.85,43888.65,312726.2,220974.68,7530.92,25643.17,6657.68
2025-01,Brand I - Juice,I-01,Wholesale,933,449834.09,64357.61,385476.47,286197.65,8719.15,44906.17,4934.4
2025-02,Brand I - Juice,I-01,Wholesale,899,433449.98,38859.03,394590.96,294275.1,11450.14,45906.03,5762.65
2025-03,Brand I - Juice,I-01,Wholesale,934,450681.61,36622.6,414059.01,312355.52,9250.75,28482.44,9987.22
2025-04,Brand I - Juice,I-01,Wholesale,1035,499457.75,50423.61,449034.14,329919.91,10910.35,28188.42,8125.35
2025-05,Brand I - Juice,I-01,Wholesale,926,446489.81,47548.3,398941.51,289849.75,10965.85,25617.4,6899.29
2025-06,Brand I - Juice,I-01,Wholesale,995,479817.67,50783.56,429034.11,319831.31,8695.49,39713.91,8827.05
2025-07,Brand I - Juice,I-01,Wholesale,1115,537917.07,82279.1,455637.97,325731.93,8371.38,48948.76,10250.07
2025-08,Brand I - Juice,I-01,Wholesale,976,470624.26,45894.89,424729.38,302155.27,8415.15,27286.39,7577.75
2025-09,Brand I - Juice,I-01,Wholesale,966,466076.83,43089.05,422987.77,298027.89,6609.43,35561.83,10428.18
2025-10,Brand I - Juice,I-01,Wholesale,854,411926.41,57366.31,354560.1,266456.79,7266.95,26018.29,6951.95
2025-11,Brand I - Juice,I-01,Wholesale,955,460789.45,69419.06,391370.38,278067.27,9711.47,41487.75,5061.32
2025-12,Brand I - Juice,I-01,Wholesale,963,464517.99,61955.79,402562.2,286111.6,7027.48,39361.55,8980.07
2024-01,Brand I - Juice,I-01,HoReCa,216,104233.72,14933.94,89299.78,63558.37,1822.07,7663.17,1345.42
2024-02,Brand I - Juice,I-01,HoReCa,249,119923.82,9993.58,109930.25,81274.85,2816.05,10551.45,1807.66
2024-03,Brand I - Juice,I-01,HoReCa,281,135657.04,14669.64,120987.4,88075.91,5367.62,13506.58,1808.88
2024-04,Brand I - Juice,I-01,HoReCa,353,170274.15,26153.3,144120.86,103606.99,3875.8,10684.17,1899.24
2024-05,Brand I - Juice,I-01,HoReCa,324,156157.02,20038.51,136118.51,98494.75,4256.95,12491.49,1938.8
2024-06,Brand I - Juice,I-01,HoReCa,338,163272.05,19338.23,143933.82,104299.1,6510.24,10235.59,2069.46
2024-07,Brand I - Juice,I-01,HoReCa,402,193825.79,30311.74,163514.05,122800.66,7139.08,13898.38,2490.38
2024-08,Brand I - Juice,I-01,HoReCa,372,179346.95,25330.51,154016.45,109984.66,3930.71,11226.6,1805.81
2024-09,Brand I - Juice,I-01,HoReCa,310,149442.88,20367.13,129075.75,92497.55,4870.75,7826.78,1920.85
2024-10,Brand I - Juice,I-01,HoReCa,277,133622.8,20786.73,112836.06,81084.98,4129.74,11642.7,2224.24
2024-11,Brand I - Juice,I-01,HoReCa,296,142785.77,19666.61,123119.16,86082.56,3228.46,12388.52,1415.66
2024-12,Brand I - Juice,I-01,HoReCa,344,165953.45,24114.62,141838.83,106112.74,6646.99,15835.62,2902.65
2025-01,Brand I - Juice,I-01,HoReCa,321,154882.81,23696.46,131186.35,98025.93,5076.69,14464.65,2159.59
2025-02,Brand I - Juice,I-01,HoReCa,369,178226.78,15401.88,162824.91,114398.64,6701.05,16243.75,3530.98
2025-03,Brand I - Juice,I-01,HoReCa,332,160131.57,16648.58,143482.99,105958.1,3183.48,10638.88,2563.7
2025-04,Brand I - Juice,I-01,HoReCa,414,199667.73,20558.37,179109.36,132714.5,7512.59,20593.4,2815.21
2025-05,Brand I - Juice,I-01,HoReCa,371,178940.12,17740.8,161199.32,114289.91,6620.2,12161.51,3927.33
2025-06,Brand I - Juice,I-01,HoReCa,413,199016.12,25565.38,173450.74,124256.56,3710.29,11750.58,3608.7
2025-07,Brand I - Juice,I-01,HoReCa,356,171522.96,27175.76,144347.2,106533.47,6279.69,10175.24,2528.85
2025-08,Brand I - Juice,I-01,HoReCa,409,197423.49,28288.44,169135.05,123001.26,3601.56,11542.78,1762.53
2025-09,Brand I - Juice,I-01,HoReCa,377,181878.55,26038.06,155840.48,111351.83,4238.81,15584.29,3218.91
2025-10,Brand I - Juice,I-01,HoReCa,355,171267.98,25607.45,145660.53,106371.29,6841.68,15561.82,1633.51
2025-11,Brand I - Juice,I-01,HoReCa,317,152893.82,13696.5,139197.32,98967.01,4298.08,9064.77,3126.06
2025-12,Brand I - Juice,I-01,HoReCa,311,149926.58,17704.17,132222.41,95806.97,2744.19,9531.47,2093.73
2024-01,Brand I - Juice,I-01,E-commerce,184,88732.03,12225.39,76506.65,53765.28,1696.23,7302.15,1368.52
2024-02,Brand I - Juice,I-01,E-commerce,190,91772.46,7930.34,83842.12,60730.01,1227.96,7874.69,1096.51
2024-03,Brand I - Juice,I-01,E-commerce,221,106746.44,8700.84,98045.59,73161.59,1398.94,9143.31,1600.3
2024-04,Brand I - Juice,I-01,E-commerce,212,102208.72,16349.14,85859.58,63980.09,1947.5,9825.93,1682.2
2024-05,Brand I - Juice,I-01,E-commerce,210,101368.98,12530.19,88838.78,64464.27,1717.68,5352.72,1412.94
2024-06,Brand I - Juice,I-01,E-commerce,226,108926.52,16558.37,92368.14,69739.98,2239.98,7686.62,1388.18
2024-07,Brand I - Juice,I-01,E-commerce,235,113188.97,9358.78,103830.19,73918.37,2364.34,9272.34,1224.14
2024-08,Brand I - Juice,I-01,E-commerce,227,109440.6,12206.06,97234.54,71989.64,2549.52,10791.4,1388.37
2024-09,Brand I - Juice,I-01,E-commerce,221,106616.72,11122.48,95494.25,70513.19,2050.54,5855.82,1282.86
2024-10,Brand I - Juice,I-01,E-commerce,176,84753.25,11187.15,73566.1,54852.98,2360.25,5086.38,1080.01
2024-11,Brand I - Juice,I-01,E-commerce,203,97858.16,9435.16,88423.0,65617.14,2563.99,8110.8,1821.81
2024-12,Brand I - Juice,I-01,E-commerce,219,105553.13,16267.61,89285.52,62680.91,1708.53,6773.57,1589.5
2025-01,Brand I - Juice,I-01,E-commerce,178,85799.26,12449.49,73349.77,51331.71,2085.4,4425.22,1256.93
2025-02,Brand I - Juice,I-01,E-commerce,188,90697.69,9016.12,81681.57,57153.05,2267.63,8592.96,1934.91
2025-03,Brand I - Juice,I-01,E-commerce,237,114274.37,14817.2,99457.16,71287.99,2366.5,11266.4,1493.02
2025-04,Brand I - Juice,I-01,E-commerce,233,112151.78,16384.52,95767.26,72072.08,1862.7,7616.24,1261.85
2025-05,Brand I - Juice,I-01,E-commerce,229,110402.09,11511.83,98890.26,73912.58,2436.2,7379.39,2401.98
2025-06,Brand I - Juice,I-01,E-commerce,256,123541.76,14915.99,108625.77,79433.12,2979.52,11007.23,2214.02
2025-07,Brand I - Juice,I-01,E-commerce,271,130710.17,19203.85,111506.31,79293.62,3228.46,11199.07,1787.28
2025-08,Brand I - Juice,I-01,E-commerce,271,130803.47,18801.1,112002.37,78548.59,3520.38,10959.96,2107.51
2025-09,Brand I - Juice,I-01,E-commerce,207,100075.62,12194.37,87881.25,63939.96,1363.97,7249.51,2164.62
2025-10,Brand I - Juice,I-01,E-commerce,257,123961.26,19614.17,104347.09,73238.01,1593.03,8126.92,1836.21
2025-11,Brand I - Juice,I-01,E-commerce,235,113578.92,14277.14,99301.78,73386.74,2282.58,11245.42,1529.29
2025-12,Brand I - Juice,I-01,E-commerce,199,96106.11,8635.8,87470.3,63367.13,1676.03,7099.11,1337.0
2024-01,Brand I - Juice,I-02,Modern Trade,1905,1625033.84,37555.17,1587478.67,1159046.87,24981.32,67072.92,18539.35
2024-02,Brand I - Juice,I-02,Modern Trade,3308,2822165.19,130143.64,2692021.55,2033242.94,42689.19,63018.3,52732.54
2024-03,Brand I - Juice,I-02,Modern Trade,2932,2501072.86,196326.35,2304746.51,1674895.4,34339.32,88025.41,47911.87
2024-04,Brand I - Juice,I-02,Modern Trade,3099,2643690.87,63076.21,2580614.67,1858351.62,35748.6,111370.11,56172.31
2024-05,Brand I - Juice,I-02,Modern Trade,3576,3050668.49,167912.97,2882755.52,2137372.37,29657.0,64856.96,31836.93
2024-06,Brand I - Juice,I-02,Modern Trade,3896,3323203.19,231888.2,3091314.99,2297645.85,33956.89,93981.02,60487.13
2024-07,Brand I - Juice,I-02,Modern Trade,3526,3007851.95,175372.75,2832479.19,2103325.21,33821.79,83299.66,65375.31
2024-08,Brand I - Juice,I-02,Modern Trade,3203,2732490.73,93709.31,2638781.42,1979259.28,37387.88,109511.28,62051.91
2024-09,Brand I - Juice,I-02,Modern Trade,3664,3125246.51,184033.49,2941213.02,2178541.1,46283.07,143823.68,33464.01
2024-10,Brand I - Juice,I-02,Modern Trade,2676,2283065.82,159181.98,2123883.84,1518223.69,36556.83,42688.18,40216.34
2024-11,Brand I - Juice,I-02,Modern Trade,3362,2867605.67,148619.77,2718985.91,2012387.14,28860.64,125771.23,41541.33
2024-12,Brand I - Juice,I-02,Modern Trade,2522,2151755.71,69000.25,2082755.46,1486760.54,32956.45,48393.67,49444.26
2025-01,Brand I - Juice,I-02,Modern Trade,2833,2416810.51,171813.55,2244996.96,1662337.07,34552.26,76548.21,50658.99
2025-02,Brand I - Juice,I-02,Modern Trade,3104,2647424.85,120836.03,2526588.82,1808959.41,30915.74,54904.63,60573.86
2025-03,Brand I - Juice,I-02,Modern Trade,3375,2878824.96,209689.37,2669135.59,1929015.26,34420.98,113386.73,47380.34
2025-04,Brand I - Juice,I-02,Modern Trade,3886,3315257.45,176875.73,3138381.72,2333118.65,53267.34,93851.78,74191.02
2025-05,Brand I - Juice,I-02,Modern Trade,3653,3116437.65,237125.76,2879311.9,2023030.67,47546.98,66808.22,49274.31
2025-06,Brand I - Juice,I-02,Modern Trade,3970,3386778.95,210126.52,3176652.43,2329192.82,34035.84,97546.2,76098.84
2025-07,Brand I - Juice,I-02,Modern Trade,3550,3027874.38,190916.79,2836957.58,2022339.58,25617.04,123226.02,70539.83
2025-08,Brand I - Juice,I-02,Modern Trade,4018,3427422.68,82467.28,3344955.4,2468667.39,31281.03,88565.56,72462.12
2025-09,Brand I - Juice,I-02,Modern Trade,3097,2642066.07,169305.73,2472760.34,1768550.08,38896.21,89168.31,40999.85
2025-10,Brand I - Juice,I-02,Modern Trade,3263,2783253.27,88474.49,2694778.77,1897422.79,27627.24,118277.69,55192.55
2025-11,Brand I - Juice,I-02,Modern Trade,3332,2841954.1,184952.9,2657001.2,1950380.36,28748.77,86884.73,53311.86
2025-12,Brand I - Juice,I-02,Modern Trade,3648,3111958.94,162454.62,2949504.32,2138322.69,36186.64,63698.48,71453.79
2024-01,Brand I - Juice,I-02,Wholesale,2498,2130672.21,120451.25,2010220.97,1457634.54,17155.86,95013.06,21075.16
2024-02,Brand I - Juice,I-02,Wholesale,2339,1995571.6,93940.07,1901631.53,1409702.45,31280.01,80288.06,36991.54
2024-03,Brand I - Juice,I-02,Wholesale,2420,2064601.27,99914.64,1964686.63,1427971.27,15455.54,92259.32,36031.06
2024-04,Brand I - Juice,I-02,Wholesale,2594,2212411.42,49721.26,2162690.15,1566017.39,20243.8,43430.99,31442.6
2024-05,Brand I - Juice,I-02,Wholesale,2887,2462714.08,80400.74,2382313.35,1793779.88,36430.37,62615.24,39689.76
2024-06,Brand I - Juice,I-02,Wholesale,2578,2199263.92,109607.69,2089656.23,1523340.9,32928.6,58672.19,51509.01
2024-07,Brand I - Juice,I-02,Wholesale,2991,2551287.43,198826.05,2352461.38,1681469.18,19841.84,111616.82,51226.49
2024-08,Brand I - Juice,I-02,Wholesale,2164,1845637.09,59557.85,1786079.25,1347393.29,14908.52,51895.62,24348.15
2024-09,Brand I - Juice,I-02,Wholesale,1861,1587137.12,56670.07,1530467.05,1098311.52,11299.01,55716.95,28227.16
2024-10,Brand I - Juice,I-02,Wholesale,2102,1792926.48,67581.36,1725345.12,1245883.98,19069.01,72595.12,33313.95
2024-11,Brand I - Juice,I-02,Wholesale,1813,1546524.05,89986.13,1456537.93,1055820.89,24455.3,57303.75,30110.58
2024-12,Brand I - Juice,I-02,Wholesale,1860,1586914.16,56938.55,1529975.61,1150229.33,14919.22,59265.58,30488.99
2025-01,Brand I - Juice,I-02,Wholesale,2235,1906278.07,114234.29,1792043.78,1326468.92,29375.88,80796.1,38705.65
2025-02,Brand I - Juice,I-02,Wholesale,2341,1997160.63,59565.47,1937595.16,1374009.45,22794.64,68968.41,31279.31
2025-03,Brand I - Juice,I-02,Wholesale,2434,2076707.17,75326.81,2001380.36,1435547.86,28368.24,74169.88,33821.02
2025-04,Brand I - Juice,I-02,Wholesale,2727,2326401.81,99871.84,2226529.97,1682393.15,36339.22,67939.93,52822.69
2025-05,Brand I - Juice,I-02,Wholesale,2624,2238636.88,177631.5,2061005.38,1535780.41,24800.57,45026.31,41407.8
2025-06,Brand I - Juice,I-02,Wholesale,2998,2557589.85,78309.91,2479279.94,1842929.09,19713.32,94340.58,53929.22
2025-07,Brand I - Juice,I-02,Wholesale,3042,2594880.69,161597.12,2433283.57,1787439.27,41817.74,82234.85,51416.46
2025-08,Brand I - Juice,I-02,Wholesale,3002,2560688.33,58962.12,2501726.2,1855116.46,19547.33,61512.36,58182.79
2025-09,Brand I - Juice,I-02,Wholesale,2669,2276474.48,64093.12,2212381.36,1598592.06,20355.89,86787.01,54197.76
2025-10,Brand I - Juice,I-02,Wholesale,2636,2248312.19,68583.91,2179728.28,1535788.33,15955.97,69767.87,31112.19
2025-11,Brand I - Juice,I-02,Wholesale,2598,2215799.0,101811.74,2113987.26,1587860.07,23134.77,58126.56,33665.57
2025-12,Brand I - Juice,I-02,Wholesale,2131,1817814.97,101901.72,1715913.25,1285473.96,17560.92,65508.06,31830.32
2024-01,Brand I - Juice,I-02,HoReCa,757,645815.04,48336.3,597478.74,419489.98,13680.97,23574.4,13088.27
2024-02,Brand I - Juice,I-02,HoReCa,738,629655.84,23508.34,606147.5,449215.39,9967.6,15908.31,14176.45
2024-03,Brand I - Juice,I-02,HoReCa,811,692102.73,34201.16,657901.57,462561.71,14634.12,16446.22,15795.85
2024-04,Brand I - Juice,I-02,HoReCa,808,689014.72,41961.65,647053.07,476053.81,15494.05,24555.53,8407.54
2024-05,Brand I - Juice,I-02,HoReCa,795,678012.56,21797.9,656214.66,469804.51,9535.18,18557.81,12802.6
2024-06,Brand I - Juice,I-02,HoReCa,974,830620.49,51166.68,779453.81,585639.37,12686.66,24288.15,18668.97
2024-07,Brand I - Juice,I-02,HoReCa,907,773549.34,59323.42,714225.92,519801.05,16949.26,27475.7,15093.18
2024-08,Brand I - Juice,I-02,HoReCa,881,751670.57,18989.71,732680.86,525606.99,8727.59,22019.85,14947.47
2024-09,Brand I - Juice,I-02,HoReCa,814,694744.82,26468.05,668276.77,485100.09,15504.13,18344.21,13071.85
2024-10,Brand I - Juice,I-02,HoReCa,693,591161.0,38518.77,552642.24,412767.51,8835.88,19939.48,5742.45
2024-11,Brand I - Juice,I-02,HoReCa,781,666466.15,13777.75,652688.4,492016.11,14719.21,26881.37,13426.2
2024-12,Brand I - Juice,I-02,HoReCa,837,714178.2,26074.35,688103.85,520008.76,7810.62,26692.61,11898.93
2025-01,Brand I - Juice,I-02,HoReCa,816,696054.45,49041.52,647012.93,454281.82,8510.88,27823.88,9929.1
2025-02,Brand I - Juice,I-02,HoReCa,936,798743.4,33413.39,765330.01,549284.21,8340.6,34182.19,15371.26
2025-03,Brand I - Juice,I-02,HoReCa,864,737380.26,43316.69,694063.56,515861.14,13828.72,28027.1,9939.14
2025-04,Brand I - Juice,I-02,HoReCa,913,779085.24,24500.3,754584.94,548537.96,11484.16,29800.24,12264.31
2025-05,Brand I - Juice,I-02,HoReCa,1022,871495.44,65796.48,805698.95,591783.95,18578.78,25319.31,19790.85
2025-06,Brand I - Juice,I-02,HoReCa,1054,899440.23,51046.46,848393.77,616964.84,13802.45,21482.26,18950.74
2025-07,Brand I - Juice,I-02,HoReCa,1002,854592.52,49002.28,805590.24,567567.26,13241.24,30420.27,8419.08
2025-08,Brand I - Juice,I-02,HoReCa,919,784344.44,31611.94,752732.5,539837.5,13091.5,31889.49,7671.42
2025-09,Brand I - Juice,I-02,HoReCa,924,788102.45,57163.28,730939.18,540562.58,12496.14,28611.82,18099.63
2025-10,Brand I - Juice,I-02,HoReCa,886,755683.25,27288.52,728394.73,532604.56,16140.06,23958.32,8086.38
2025-11,Brand I - Juice,I-02,HoReCa,749,639255.31,41364.88,597890.43,440420.17,7356.51,26093.02,9883.44
2025-12,Brand I - Juice,I-02,HoReCa,819,698223.46,25832.21,672391.25,482609.14,13907.66,27800.37,16573.64
2024-01,Brand I - Juice,I-02,E-commerce,478,407360.81,9532.64,397828.17,293485.3,6496.08,14282.1,7380.86
2024-02,Brand I - Juice,I-02,E-commerce,550,469058.87,13085.84,455973.03,340443.87,4393.56,17960.75,9595.42
2024-03,Brand I - Juice,I-02,E-commerce,587,500442.78,17239.0,483203.78,345980.1,6157.55,21553.24,10512.36
2024-04,Brand I - Juice,I-02,E-commerce,531,452862.03,19718.3,433143.73,326134.37,6604.93,16227.41,7568.2
2024-05,Brand I - Juice,I-02,E-commerce,549,468014.52,26473.91,441540.61,311609.13,4175.08,22059.96,4958.26
2024-06,Brand I - Juice,I-02,E-commerce,542,461930.6,13509.54,448421.06,328961.85,6953.27,20812.84,7908.83
2024-07,Brand I - Juice,I-02,E-commerce,619,528093.79,31528.18,496565.61,367939.82,5650.93,21077.7,10868.89
2024-08,Brand I - Juice,I-02,E-commerce,544,464417.88,14955.38,449462.5,329096.8,4194.09,19310.43,9278.75
2024-09,Brand I - Juice,I-02,E-commerce,612,522141.03,38689.61,483451.42,347702.63,5083.99,11120.69,10860.08
2024-10,Brand I - Juice,I-02,E-commerce,559,476911.36,19528.76,457382.6,345122.55,3784.87,15702.04,11332.26
2024-11,Brand I - Juice,I-02,E-commerce,455,387862.02,21955.32,365906.69,270035.35,4616.44,18156.82,4005.18
2024-12,Brand I - Juice,I-02,E-commerce,410,349627.25,17055.64,332571.61,248847.3,4996.61,12164.48,6800.85
2025-01,Brand I - Juice,I-02,E-commerce,534,455762.78,28886.16,426876.63,306342.71,7219.82,12379.53,4739.49
2025-02,Brand I - Juice,I-02,E-commerce,625,532905.22,30705.26,502199.95,371790.26,5977.49,19822.19,7463.69
2025-03,Brand I - Juice,I-02,E-commerce,522,445017.92,14141.45,430876.47,310943.22,5797.22,19309.5,10325.56
2025-04,Brand I - Juice,I-02,E-commerce,658,561386.49,17617.75,543768.75,409563.52,6967.13,18899.69,8513.27
2025-05,Brand I - Juice,I-02,E-commerce,664,566221.49,36987.19,529234.3,372397.47,5561.55,17847.39,11742.42
2025-06,Brand I - Juice,I-02,E-commerce,668,570167.23,34424.83,535742.4,376107.47,6356.13,25745.03,13298.45
2025-07,Brand I - Juice,I-02,E-commerce,614,523885.74,15858.06,508027.68,365718.45,4906.21,24052.93,8098.16
2025-08,Brand I - Juice,I-02,E-commerce,695,593202.3,22407.72,570794.58,419780.27,6198.49,20343.59,9201.38
2025-09,Brand I - Juice,I-02,E-commerce,720,613835.67,35826.6,578009.07,405472.6,5059.45,14999.15,11274.71
2025-10,Brand I - Juice,I-02,E-commerce,641,546440.47,30330.75,516109.71,366406.75,5003.35,19202.21,8527.15
2025-11,Brand I - Juice,I-02,E-commerce,559,477079.68,19680.53,457399.15,331847.62,7560.04,18868.37,9181.07
2025-12,Brand I - Juice,I-02,E-commerce,612,522126.85,13663.56,508463.29,380815.96,4960.37,11072.78,6362.39
2024-01,Brand I - Juice,I-03,Modern Trade,3912,3715750.86,383436.24,3332314.61,2457629.13,48025.27,373182.27,55216.44
2024-02,Brand I - Juice,I-03,Modern Trade,3416,3245292.1,506019.75,2739272.35,2006193.89,46577.47,242452.45,42971.28
2024-03,Brand I - Juice,I-03,Modern Trade,4345,4127624.55,514471.53,3613153.03,2576661.5,59726.6,361570.45,54490.93
2024-04,Brand I - Juice,I-03,Modern Trade,4786,4546543.55,453103.75,4093439.8,2974343.84,59905.08,391008.19,62533.18
2024-05,Brand I - Juice,I-03,Modern Trade,4828,4586551.97,692252.99,3894298.99,2867903.24,56879.98,401291.19,41042.59
2024-06,Brand I - Juice,I-03,Modern Trade,4216,4005187.37,479322.09,3525865.28,2547995.13,54498.86,406488.36,55506.85
2024-07,Brand I - Juice,I-03,Modern Trade,4208,3997158.13,533953.94,3463204.2,2533015.95,36340.07,376275.41,59549.24
2024-08,Brand I - Juice,I-03,Modern Trade,4252,4039429.94,342751.77,3696678.17,2748148.8,51376.61,248443.62,44480.16
2024-09,Brand I - Juice,I-03,Modern Trade,4462,4238542.58,482835.24,3755707.35,2747088.78,56998.81,259211.53,79233.26
2024-10,Brand I - Juice,I-03,Modern Trade,4045,3842710.46,557525.26,3285185.2,2434434.85,31426.16,266282.61,37035.77
2024-11,Brand I - Juice,I-03,Modern Trade,4287,4072153.9,556568.06,3515585.84,2516049.07,48967.78,290802.38,43986.26
2024-12,Brand I - Juice,I-03,Modern Trade,4958,4709151.72,449570.88,4259580.83,3049407.41,65965.29,501323.1,92081.34
2025-01,Brand I - Juice,I-03,Modern Trade,4490,4265486.4,447175.07,3818311.33,2682561.39,44771.79,400773.25,42210.01
2025-02,Brand I - Juice,I-03,Modern Trade,3773,3584089.59,379951.18,3204138.4,2281775.66,42335.9,291847.31,71308.66
2025-03,Brand I - Juice,I-03,Modern Trade,4066,3861859.33,526004.47,3335854.85,2354066.27,30786.01,389060.89,36085.6
2025-04,Brand I - Juice,I-03,Modern Trade,5489,5213937.06,520122.83,4693814.23,3497115.21,70950.99,313122.14,52766.14
2025-05,Brand I - Juice,I-03,Modern Trade,4878,4633899.4,665768.63,3968130.77,2822686.96,54036.72,473184.56,65113.49
2025-06,Brand I - Juice,I-03,Modern Trade,5152,4893504.21,640609.51,4252894.7,3034273.35,32241.16,327887.47,100573.02
2025-07,Brand I - Juice,I-03,Modern Trade,5332,5064820.9,682064.06,4382756.84,3177007.38,45597.89,439749.39,80089.49
2025-08,Brand I - Juice,I-03,Modern Trade,5649,5366176.68,632735.72,4733440.96,3431821.42,49389.01,523924.88,99196.21
2025-09,Brand I - Juice,I-03,Modern Trade,6046,5743183.77,467287.87,5275895.9,3877186.84,82914.35,428522.09,119588.62
2025-10,Brand I - Juice,I-03,Modern Trade,4591,4360885.5,689557.46,3671328.04,2673287.3,57522.76,234069.18,72785.18
2025-11,Brand I - Juice,I-03,Modern Trade,4445,4222619.25,379274.89,3843344.36,2833242.26,29019.91,237182.46,45607.4
2025-12,Brand I - Juice,I-03,Modern Trade,4326,4109436.76,502924.0,3606512.76,2653262.75,31397.02,362972.92,36584.55
2024-01,Brand I - Juice,I-03,Wholesale,3046,2893335.1,317361.44,2575973.66,1854677.51,28565.49,179915.06,53391.18
2024-02,Brand I - Juice,I-03,Wholesale,3160,3001632.6,408944.7,2592687.91,1921398.29,24713.02,191954.89,42131.68
2024-03,Brand I - Juice,I-03,Wholesale,3400,3229692.09,420712.91,2808979.18,2090740.27,46095.95,314284.85,51243.79
2024-04,Brand I - Juice,I-03,Wholesale,3394,3223774.73,284709.38,2939065.35,2191598.05,32528.48,301041.14,68947.32
2024-05,Brand I - Juice,I-03,Wholesale,3670,3486506.21,440751.92,3045754.3,2184439.64,28265.34,213789.37,67670.12
2024-06,Brand I - Juice,I-03,Wholesale,2818,2677014.4,330951.19,2346063.2,1735132.19,20575.73,168313.29,29817.93
2024-07,Brand I - Juice,I-03,Wholesale,3690,3505194.5,326552.39,3178642.11,2371212.04,34649.54,202297.28,42753.15
2024-08,Brand I - Juice,I-03,Wholesale,3018,2866658.97,291485.32,2575173.65,1937651.78,20981.16,276556.47,34486.79
2024-09,Brand I - Juice,I-03,Wholesale,3203,3042796.97,395032.44,2647764.53,1974880.72,34900.1,233417.2,39106.82
2024-10,Brand I - Juice,I-03,Wholesale,3417,3245583.07,313607.2,2931975.87,2131280.65,26477.15,229175.4,67118.14
2024-11,Brand I - Juice,I-03,Wholesale,2802,2661758.88,369391.51,2292367.36,1695687.88,19356.65,216536.96,49486.85
2024-12,Brand I - Juice,I-03,Wholesale,3054,2900822.78,448120.95,2452701.84,1762527.79,34575.28,260030.75,43724.74
2025-01,Brand I - Juice,I-03,Wholesale,2680,2545778.72,283440.72,2262338.01,1642913.35,30535.96,236923.84,53382.66
2025-02,Brand I - Juice,I-03,Wholesale,2964,2815895.46,299730.36,2516165.1,1849360.76,26094.24,161769.46,52013.28
2025-03,Brand I - Juice,I-03,Wholesale,3818,3626876.85,426254.27,3200622.58,2404341.14,26010.69,310915.23,46089.85
2025-04,Brand I - Juice,I-03,Wholesale,3668,3484168.77,457061.15,3027107.62,2116480.21,33905.67,345849.17,53305.93
2025-05,Brand I - Juice,I-03,Wholesale,4454,4231221.76,493017.5,3738204.26,2650285.85,60635.28,317313.98,48618.5
2025-06,Brand I - Juice,I-03,Wholesale,4110,3904257.17,479549.7,3424707.47,2549952.19,41252.44,321682.86,66299.19
2025-07,Brand I - Juice,I-03,Wholesale,4189,3979289.56,540950.14,3438339.42,2483244.44,31331.85,278172.39,73915.7
2025-08,Brand I - Juice,I-03,Wholesale,3576,3397050.56,462291.83,2934758.73,2173444.94,41960.15,247348.01,38502.11
2025-09,Brand I - Juice,I-03,Wholesale,3686,3501773.37,410131.0,3091642.37,2276615.96,33223.79,313241.04,42258.69
2025-10,Brand I - Juice,I-03,Wholesale,3639,3456828.6,477873.37,2978955.22,2208730.88,26331.36,221703.45,37173.24
2025-11,Brand I - Juice,I-03,Wholesale,3124,2967178.52,298807.96,2668370.57,1896901.16,22981.58,243519.66,52706.68
2025-12,Brand I - Juice,I-03,Wholesale,3405,3234667.56,430377.25,2804290.31,2087446.7,38396.52,253929.23,34461.39
2024-01,Brand I - Juice,I-03,HoReCa,963,914987.5,115208.27,799779.23,593604.88,11742.48,67434.57,12153.44
2024-02,Brand I - Juice,I-03,HoReCa,989,939868.06,92434.45,847433.61,603243.69,12750.34,57955.57,10762.59
2024-03,Brand I - Juice,I-03,HoReCa,969,920132.31,85309.12,834823.19,624571.73,8831.21,75994.91,10547.57
2024-04,Brand I - Juice,I-03,HoReCa,1082,1027461.77,151048.8,876412.97,657719.87,9505.59,89003.39,18001.74
2024-05,Brand I - Juice,I-03,HoReCa,1369,1300537.77,174849.09,1125688.68,808406.0,25920.71,81172.19,21331.24
2024-06,Brand I - Juice,I-03,HoReCa,1184,1124262.54,167032.69,957229.85,673697.09,11640.33,70103.76,20127.46
2024-07,Brand I - Juice,I-03,HoReCa,1385,1315806.89,116391.72,1199415.17,874788.84,23273.43,117113.36,26616.17
2024-08,Brand I - Juice,I-03,HoReCa,1369,1300415.59,160898.22,1139517.37,822255.16,20789.01,73161.32,19257.86
2024-09,Brand I - Juice,I-03,HoReCa,1090,1035491.62,107177.72,928313.9,656722.71,20396.92,90177.77,14311.65
2024-10,Brand I - Juice,I-03,HoReCa,1147,1089776.88,117855.66,971921.22,714989.43,16043.68,72558.21,23810.5
2024-11,Brand I - Juice,I-03,HoReCa,1050,997646.78,133120.39,864526.39,605573.09,17036.78,75618.93,9885.79
2024-12,Brand I - Juice,I-03,HoReCa,1069,1015611.87,141813.03,873798.84,634323.57,17272.15,81232.51,21458.94
2025-01,Brand I - Juice,I-03,HoReCa,957,908760.53,126851.04,781909.49,547575.84,10735.79,54955.74,18953.31
2025-02,Brand I - Juice,I-03,HoReCa,1275,1211008.61,148152.2,1062856.41,748950.64,21590.2,75359.56,21907.59
2025-03,Brand I - Juice,I-03,HoReCa,1416,1345217.42,145925.23,1199292.19,869997.48,26011.19,118726.06,29017.93
2025-04,Brand I - Juice,I-03,HoReCa,1350,1282694.71,120896.01,1161798.7,815132.74,15209.57,130703.85,28032.02
2025-05,Brand I - Juice,I-03,HoReCa,1542,1464619.88,121839.13,1342780.76,991201.11,27478.29,159928.4,28254.75
2025-06,Brand I - Juice,I-03,HoReCa,1337,1269731.8,133145.14,1136586.66,843875.96,13461.95,93889.86,16267.21
2025-07,Brand I - Juice,I-03,HoReCa,1271,1207340.07,161386.18,1045953.89,754899.36,24883.18,115455.0,14570.69
2025-08,Brand I - Juice,I-03,HoReCa,1304,1238534.86,188544.8,1049990.05,767158.56,14010.88,96632.45,11844.2
2025-09,Brand I - Juice,I-03,HoReCa,1217,1156149.61,98483.84,1057665.77,778015.08,23033.54,121905.19,24910.51
2025-10,Brand I - Juice,I-03,HoReCa,1315,1248909.9,100020.72,1148889.19,841075.52,16093.75,92746.58,20033.04
2025-11,Brand I - Juice,I-03,HoReCa,1343,1275773.88,192289.32,1083484.55,787170.03,19163.66,90468.76,11530.21
2025-12,Brand I - Juice,I-03,HoReCa,1263,1199962.51,189337.86,1010624.65,754675.16,24704.2,72747.13,20466.42
2024-01,Brand I - Juice,I-03,E-commerce,722,685609.75,88927.93,596681.82,433995.8,5542.72,36245.77,13662.23
2024-02,Brand I - Juice,I-03,E-commerce,757,719307.07,91060.99,628246.08,460007.7,6205.03,62513.11,14452.73
2024-03,Brand I - Juice,I-03,E-commerce,619,588072.64,58462.66,529609.98,374321.19,7360.89,31831.9,5482.32
2024-04,Brand I - Juice,I-03,E-commerce,795,754994.99,94354.86,660640.12,483676.5,10988.25,62969.88,9200.93
2024-05,Brand I - Juice,I-03,E-commerce,806,765740.93,93099.41,672641.52,489041.25,10705.09,74511.41,14601.72
2024-06,Brand I - Juice,I-03,E-commerce,870,826295.19,66722.71,759572.49,535678.52,8381.26,77741.45,10976.55
2024-07,Brand I - Juice,I-03,E-commerce,678,643720.94,98005.3,545715.64,389562.08,7357.45,43167.38,5948.31
2024-08,Brand I - Juice,I-03,E-commerce,737,699619.74,80543.47,619076.27,450156.39,9156.35,54217.86,13019.64
2024-09,Brand I - Juice,I-03,E-commerce,768,729458.52,108134.78,621323.74,450227.86,9284.86,69295.11,8154.4
2024-10,Brand I - Juice,I-03,E-commerce,851,807965.52,107803.76,700161.76,494084.52,7548.39,72361.1,15646.49
2024-11,Brand I - Juice,I-03,E-commerce,661,627609.09,87736.66,539872.43,388177.75,7612.18,32634.87,8494.87
2024-12,Brand I - Juice,I-03,E-commerce,913,866853.38,122481.18,744372.2,540506.58,8899.78,81036.56,11968.53
2025-01,Brand I - Juice,I-03,E-commerce,691,656534.28,61353.78,595180.5,435025.05,7147.95,45675.84,7687.62
2025-02,Brand I - Juice,I-03,E-commerce,875,830808.01,102737.13,728070.88,523879.82,10306.2,81282.63,18113.21
2025-03,Brand I - Juice,I-03,E-commerce,850,807694.68,76755.27,730939.42,540447.65,8332.36,75578.38,16311.77
2025-04,Brand I - Juice,I-03,E-commerce,890,845665.12,127110.47,718554.65,512459.75,10653.89,67291.51,10690.05
2025-05,Brand I - Juice,I-03,E-commerce,953,905092.57,143869.42,761223.15,552611.75,10088.18,52815.85,18276.99
2025-06,Brand I - Juice,I-03,E-commerce,911,865190.68,89497.74,775692.94,579353.18,12602.16,90575.74,9119.87
2025-07,Brand I - Juice,I-03,E-commerce,1044,991820.85,92830.59,898990.26,674901.61,8916.04,83310.52,14631.96
2025-08,Brand I - Juice,I-03,E-commerce,1090,1035078.02,146978.16,888099.86,667762.55,9442.23,71539.42,9070.33
2025-09,Brand I - Juice,I-03,E-commerce,875,830688.9,83389.06,747299.83,536763.21,9186.24,61047.17,18368.1
2025-10,Brand I - Juice,I-03,E-commerce,764,725429.63,82455.78,642973.85,466061.79,10350.65,65026.32,11072.2
2025-11,Brand I - Juice,I-03,E-commerce,721,684817.33,81691.82,603125.51,424992.55,9929.96,47255.1,13503.8
2025-12,Brand I - Juice,I-03,E-commerce,862,818476.48,85387.47,733089.01,531907.56,8218.36,87149.31,9584.66
2024-01,Brand I - Juice,I-04,Modern Trade,3698,1958074.01,104598.85,1853475.15,1306241.71,24957.86,67436.94,39130.34
2024-02,Brand I - Juice,I-04,Modern Trade,3689,1953254.86,143857.88,1809396.97,1264001.16,23096.13,69709.19,27423.68
2024-03,Brand I - Juice,I-04,Modern Trade,3451,1827469.36,124959.41,1702509.95,1254716.83,23325.06,79882.73,19072.81
2024-04,Brand I - Juice,I-04,Modern Trade,4638,2456048.62,193709.12,2262339.5,1693925.54,44137.39,73773.17,29471.3
2024-05,Brand I - Juice,I-04,Modern Trade,4614,2443211.8,187900.12,2255311.68,1610884.13,36736.91,58079.93,56161.0
2024-06,Brand I - Juice,I-04,Modern Trade,4271,2261574.63,123471.98,2138102.65,1574821.28,33511.17,61016.86,52027.12
2024-07,Brand I - Juice,I-04,Modern Trade,4755,2517966.99,105193.24,2412773.76,1789809.31,47821.16,49118.55,57299.82
2024-08,Brand I - Juice,I-04,Modern Trade,3385,1792109.52,36734.23,1755375.28,1296212.9,24576.63,48164.72,42981.16
2024-09,Brand I - Juice,I-04,Modern Trade,4847,2566239.33,184020.78,2382218.54,1782557.75,49505.6,67969.36,40468.21
2024-10,Brand I - Juice,I-04,Modern Trade,3611,1912168.39,110424.82,1801743.57,1285474.98,29934.66,61722.5,41763.59
2024-11,Brand I - Juice,I-04,Modern Trade,3715,1967035.06,131920.3,1835114.76,1386260.6,34485.27,70652.51,41981.73
2024-12,Brand I - Juice,I-04,Modern Trade,3337,1766916.73,116022.53,1650894.2,1177361.69,25496.34,61795.17,35077.52
2025-01,Brand I - Juice,I-04,Modern Trade,3487,1846174.97,110416.24,1735758.74,1266994.84,38316.66,54490.52,40139.57
2025-02,Brand I - Juice,I-04,Modern Trade,4324,2289696.87,81173.14,2208523.73,1588796.91,52998.71,109224.1,48872.33
2025-03,Brand I - Juice,I-04,Modern Trade,4202,2224705.75,85904.89,2138800.85,1594054.8,26786.08,76323.57,36786.52
2025-04,Brand I - Juice,I-04,Modern Trade,4230,2240012.86,82159.96,2157852.91,1523516.24,58081.14,83048.71,48243.57
2025-05,Brand I - Juice,I-04,Modern Trade,4259,2255379.1,179968.15,2075410.95,1543222.12,58573.36,58102.85,27801.7
2025-06,Brand I - Juice,I-04,Modern Trade,5165,2734752.56,133615.63,2601136.92,1923397.16,37989.05,67934.09,53311.25
2025-07,Brand I - Juice,I-04,Modern Trade,5188,2746858.82,107748.1,2639110.72,1860556.87,37998.07,102644.63,33805.37
2025-08,Brand I - Juice,I-04,Modern Trade,5174,2739556.03,93205.32,2646350.71,1941549.45,35258.31,125510.0,53644.08
2025-09,Brand I - Juice,I-04,Modern Trade,4804,2543702.41,203151.57,2340550.84,1764118.39,51148.74,68748.75,36732.4
2025-10,Brand I - Juice,I-04,Modern Trade,4158,2201582.66,98922.35,2102660.31,1481907.24,49468.97,67183.3,35154.62
2025-11,Brand I - Juice,I-04,Modern Trade,4378,2318011.83,170942.15,2147069.68,1597947.0,27017.51,80993.01,42894.46
2025-12,Brand I - Juice,I-04,Modern Trade,3588,1899956.98,97771.08,1802185.9,1317663.01,49372.7,45505.53,41316.63
2024-01,Brand I - Juice,I-04,Wholesale,2914,1543143.25,75458.09,1467685.17,1080036.29,22379.48,57313.06,26600.93
2024-02,Brand I - Juice,I-04,Wholesale,3172,1679781.84,65087.39,1614694.44,1174447.74,20285.73,43040.63,19257.21
2024-03,Brand I - Juice,I-04,Wholesale,3286,1739715.06,135820.66,1603894.4,1171194.33,43769.42,55116.07,27981.86
2024-04,Brand I - Juice,I-04,Wholesale,3509,1857998.46,136442.19,1721556.27,1222488.74,36457.03,45307.59,40094.51
2024-05,Brand I - Juice,I-04,Wholesale,3679,1948199.94,117134.86,1831065.07,1340983.69,33360.53,85026.62,20708.57
2024-06,Brand I - Juice,I-04,Wholesale,3574,1892602.94,81946.21,1810656.74,1265662.31,40871.49,50260.32,41665.45
2024-07,Brand I - Juice,I-04,Wholesale,3718,1968504.6,137760.38,1830744.22,1316571.08,48875.34,40112.08,26954.14
2024-08,Brand I - Juice,I-04,Wholesale,3026,1602119.98,116854.98,1485265.0,1059357.25,32943.58,62297.73,28129.43
2024-09,Brand I - Juice,I-04,Wholesale,3286,1739783.72,58994.28,1680789.44,1192656.04,40656.45,65358.97,32778.49
2024-10,Brand I - Juice,I-04,Wholesale,2507,1327560.27,43224.75,1284335.52,939217.34,24498.32,32284.03,28050.55
2024-11,Brand I - Juice,I-04,Wholesale,2952,1562856.44,72601.59,1490254.86,1084446.74,33166.76,69892.8,34585.19
2024-12,Brand I - Juice,I-04,Wholesale,3214,1702037.21,89820.61,1612216.6,1135699.12,25348.41,69112.92,30951.68
2025-01,Brand I - Juice,I-04,Wholesale,2839,1503246.53,47493.92,1455752.6,1034065.63,21104.03,41211.04,19296.68
2025-02,Brand I - Juice,I-04,Wholesale,2953,1563808.4,103775.52,1460032.88,1087657.93,36624.89,61209.44,19629.85
2025-03,Brand I - Juice,I-04,Wholesale,3349,1773492.3,55096.8,1718395.5,1253780.47,33375.87,61154.0,36674.66
2025-04,Brand I - Juice,I-04,Wholesale,3675,1945789.32,74472.26,1871317.06,1405419.58,29510.61,76769.41,19114.24
2025-05,Brand I - Juice,I-04,Wholesale,3707,1962764.92,64972.44,1897792.48,1344195.62,45424.43,82580.38,41433.73
2025-06,Brand I - Juice,I-04,Wholesale,4333,2294439.75,173374.81,2121064.93,1528041.72,29861.17,94762.0,32584.83
2025-07,Brand I - Juice,I-04,Wholesale,3549,1878957.81,105980.5,1772977.31,1269897.7,27235.56,77219.51,24954.58
2025-08,Brand I - Juice,I-04,Wholesale,3943,2088029.98,127457.18,1960572.79,1388393.26,30095.93,58729.71,46460.52
2025-09,Brand I - Juice,I-04,Wholesale,3973,2103925.91,110736.96,1993188.94,1419556.59,32476.96,73791.55,46717.44
2025-10,Brand I - Juice,I-04,Wholesale,3296,1744994.89,43457.88,1701537.01,1196237.84,44595.66,43172.23,33895.88
2025-11,Brand I - Juice,I-04,Wholesale,3278,1735644.62,108581.57,1627063.05,1150742.53,26946.4,56568.75,32320.96
2025-12,Brand I - Juice,I-04,Wholesale,3353,1775147.09,76408.72,1698738.37,1228719.08,30189.22,37438.01,17846.59
2024-01,Brand I - Juice,I-04,HoReCa,923,488687.29,29628.92,459058.37,329736.74,13416.94,18555.58,9418.39
2024-02,Brand I - Juice,I-04,HoReCa,1089,576561.35,12004.21,564557.14,418744.96,12926.52,27821.16,12707.05
2024-03,Brand I - Juice,I-04,HoReCa,989,523750.45,31522.05,492228.41,345958.26,12310.28,19372.46,7617.08
2024-04,Brand I - Juice,I-04,HoReCa,941,498261.07,18125.88,480135.2,352307.73,15088.66,21357.44,9703.81
2024-05,Brand I - Juice,I-04,HoReCa,1133,600027.71,16306.9,583720.8,424788.26,21488.1,26502.12,10159.65
2024-06,Brand I - Juice,I-04,HoReCa,1114,589613.02,17523.22,572089.81,408826.25,20980.5,19186.42,7862.82
2024-07,Brand I - Juice,I-04,HoReCa,1225,648889.46,19054.65,629834.81,451847.8,17129.32,22356.55,6624.63
2024-08,Brand I - Juice,I-04,HoReCa,1200,635508.93,13984.24,621524.69,434091.33,12326.76,22128.24,10193.34
2024-09,Brand I - Juice,I-04,HoReCa,961,508922.03,37988.8,470933.24,352055.64,10166.5,19155.46,10871.3
2024-10,Brand I - Juice,I-04,HoReCa,1020,539959.45,14607.54,525351.91,394442.67,9613.52,19686.61,6137.95
2024-11,Brand I - Juice,I-04,HoReCa,896,474495.76,15624.86,458870.89,339433.57,13247.07,19645.8,8187.99
2024-12,Brand I - Juice,I-04,HoReCa,972,514617.72,33978.58,480639.14,351266.82,8506.45,14879.14,6255.7
2025-01,Brand I - Juice,I-04,HoReCa,1032,546382.28,35774.63,510607.65,380021.75,10981.53,19452.35,6177.59
2025-02,Brand I - Juice,I-04,HoReCa,1037,549154.15,20603.19,528550.97,380941.33,13589.69,15912.61,9855.55
2025-03,Brand I - Juice,I-04,HoReCa,1150,608976.04,39510.54,569465.49,424637.37,11697.61,22365.91,8816.01
2025-04,Brand I - Juice,I-04,HoReCa,1303,690011.67,14017.78,675993.89,500685.22,25016.03,18709.0,14925.02
2025-05,Brand I - Juice,I-04,HoReCa,1368,724561.21,52203.84,672357.37,489013.16,19025.79,30383.18,15564.53
2025-06,Brand I - Juice,I-04,HoReCa,1330,704395.66,33832.77,670562.89,494524.7,14157.7,24754.0,7288.45
2025-07,Brand I - Juice,I-04,HoReCa,1412,747477.89,28732.53,718745.36,542055.56,23924.41,20025.02,8418.36
2025-08,Brand I - Juice,I-04,HoReCa,1336,707474.79,55532.84,651941.95,490570.91,11557.78,30045.15,11720.99
2025-09,Brand I - Juice,I-04,HoReCa,1340,709325.94,32642.09,676683.85,509188.24,21970.91,19526.8,7128.71
2025-10,Brand I - Juice,I-04,HoReCa,1235,653922.84,17885.82,636037.02,460743.7,20715.92,27883.62,9235.12
2025-11,Brand I - Juice,I-04,HoReCa,1068,565319.81,15114.61,550205.2,415585.11,15926.93,23841.92,7487.47
2025-12,Brand I - Juice,I-04,HoReCa,1080,572041.43,26784.94,545256.49,396320.39,14997.26,18350.56,7618.15
2024-01,Brand I - Juice,I-04,E-commerce,601,318413.13,18989.41,299423.72,220753.15,4390.9,8519.43,6893.37
2024-02,Brand I - Juice,I-04,E-commerce,742,392940.95,29444.14,363496.81,259946.25,7293.91,17918.18,6359.87
2024-03,Brand I - Juice,I-04,E-commerce,545,288778.69,11233.01,277545.68,196755.53,5682.5,9388.75,3384.46
2024-04,Brand I - Juice,I-04,E-commerce,673,356265.18,9459.39,346805.79,257972.11,4607.31,7214.13,5895.91
2024-05,Brand I - Juice,I-04,E-commerce,937,496168.06,22606.17,473561.9,340195.85,12641.12,22249.64,5243.53
2024-06,Brand I - Juice,I-04,E-commerce,710,376149.33,19703.98,356445.36,260192.46,9411.1,8511.28,6804.83
2024-07,Brand I - Juice,I-04,E-commerce,793,420035.5,9748.01,410287.5,303950.55,5835.12,17508.65,9022.18
2024-08,Brand I - Juice,I-04,E-commerce,834,441398.66,24414.8,416983.86,299285.1,10742.8,18093.12,6391.75
2024-09,Brand I - Juice,I-04,E-commerce,756,400396.34,11921.0,388475.33,274857.1,7439.75,19075.94,4584.64
2024-10,Brand I - Juice,I-04,E-commerce,771,408196.65,20771.37,387425.28,283063.23,10268.67,13489.71,9441.36
2024-11,Brand I - Juice,I-04,E-commerce,766,405368.36,11986.97,393381.39,286540.71,4763.51,18147.7,4497.61
2024-12,Brand I - Juice,I-04,E-commerce,713,377343.57,11534.47,365809.1,266884.4,5415.06,12071.81,5251.03
2025-01,Brand I - Juice,I-04,E-commerce,632,334653.48,9704.34,324949.14,242003.11,8418.76,14340.32,7743.09
2025-02,Brand I - Juice,I-04,E-commerce,741,392420.97,28507.94,363913.03,254325.56,5611.61,15035.56,5778.78
2025-03,Brand I - Juice,I-04,E-commerce,950,502876.56,11505.43,491371.14,344219.93,8186.44,19974.59,11043.8
2025-04,Brand I - Juice,I-04,E-commerce,836,442602.69,30758.88,411843.81,288473.39,7602.18,12186.6,6639.92
2025-05,Brand I - Juice,I-04,E-commerce,981,519260.69,37901.23,481359.45,337083.57,6648.55,11433.94,8860.36
2025-06,Brand I - Juice,I-04,E-commerce,887,469660.84,30113.58,439547.25,318911.05,10975.86,16235.6,5001.95
2025-07,Brand I - Juice,I-04,E-commerce,870,460805.79,14788.28,446017.52,324087.34,7863.38,9791.96,6442.83
2025-08,Brand I - Juice,I-04,E-commerce,830,439714.52,14808.78,424905.74,301372.84,7869.48,16575.8,5653.42
2025-09,Brand I - Juice,I-04,E-commerce,788,417378.19,22590.19,394788.0,292587.57,6889.25,9361.95,9165.52
2025-10,Brand I - Juice,I-04,E-commerce,725,383932.86,29585.48,354347.37,258260.68,9231.11,15932.76,5973.55
2025-11,Brand I - Juice,I-04,E-commerce,716,379335.38,10232.12,369103.26,259815.25,6854.62,12562.38,5082.75
2025-12,Brand I - Juice,I-04,E-commerce,611,323676.52,25101.92,298574.6,216158.0,7394.32,8259.71,6316.12
2024-01,Brand J - Snacks,J-01,Modern Trade,3078,2808134.36,113165.09,2694969.27,1855916.3,22544.38,79981.87,53912.24
2024-02,Brand J - Snacks,J-01,Modern Trade,2842,2592749.19,202323.3,2390425.89,1667468.09,33453.03,94956.37,36683.49
2024-03,Brand J - Snacks,J-01,Modern Trade,3296,3007146.7,173056.05,2834090.65,2026066.35,34460.42,80335.21,55980.19
2024-04,Brand J - Snacks,J-01,Modern Trade,3807,3473376.7,148650.86,3324725.83,2300445.85,48859.21,103204.32,36928.02
2024-05,Brand J - Snacks,J-01,Modern Trade,4220,3850489.61,226597.4,3623892.2,2540453.07,29546.06,169501.18,64130.38
2024-06,Brand J - Snacks,J-01,Modern Trade,4148,3785064.2,183884.88,3601179.33,2424311.27,35698.97,176524.82,78987.99
2024-07,Brand J - Snacks,J-01,Modern Trade,3820,3485466.07,189519.53,3295946.54,2373376.28,30197.07,139971.8,43516.09
2024-08,Brand J - Snacks,J-01,Modern Trade,3790,3458306.35,265896.11,3192410.24,2149690.96,43802.07,67356.07,57031.8
2024-09,Brand J - Snacks,J-01,Modern Trade,4201,3833065.27,220904.03,3612161.23,2602598.83,58690.52,143246.02,87624.76
2024-10,Brand J - Snacks,J-01,Modern Trade,3366,3071242.85,145250.13,2925992.73,1968663.1,28767.78,138466.17,69158.98
2024-11,Brand J - Snacks,J-01,Modern Trade,3328,3036500.38,194483.92,2842016.46,2000320.08,30330.34,135619.78,48592.1
2024-12,Brand J - Snacks,J-01,Modern Trade,3215,2933565.05,102594.08,2830970.97,1977556.78,44529.43,113207.33,40744.59
2025-01,Brand J - Snacks,J-01,Modern Trade,3691,3368229.93,181065.58,3187164.34,2164827.67,26748.88,158612.93,69724.97
2025-02,Brand J - Snacks,J-01,Modern Trade,3912,3569639.83,77989.23,3491650.6,2381572.25,29114.25,131495.74,50819.37
2025-03,Brand J - Snacks,J-01,Modern Trade,3643,3324087.69,196610.17,3127477.52,2212228.63,43550.2,64262.19,69921.67
2025-04,Brand J - Snacks,J-01,Modern Trade,3694,3370342.28,182342.46,3187999.82,2177090.65,38673.98,156808.78,70813.48
2025-05,Brand J - Snacks,J-01,Modern Trade,4799,4378455.03,267465.13,4110989.9,2906200.05,57933.05,151241.48,65446.52
2025-06,Brand J - Snacks,J-01,Modern Trade,4717,4304229.41,95614.87,4208614.54,2902551.82,60066.84,195314.79,62191.08
2025-07,Brand J - Snacks,J-01,Modern Trade,4005,3654002.92,181743.68,3472259.23,2389184.2,50579.11,158902.68,48312.23
2025-08,Brand J - Snacks,J-01,Modern Trade,3710,3384842.93,145056.12,3239786.81,2192877.97,33950.0,110770.8,49821.43
2025-09,Brand J - Snacks,J-01,Modern Trade,3987,3638315.25,261882.68,3376432.57,2391675.3,27073.66,143471.26,67602.0
2025-10,Brand J - Snacks,J-01,Modern Trade,3506,3199385.58,136401.91,3062983.68,2152953.58,39602.64,79098.83,73492.67
2025-11,Brand J - Snacks,J-01,Modern Trade,3961,3614215.66,75795.57,3538420.08,2388530.79,32895.65,114888.15,66006.33
2025-12,Brand J - Snacks,J-01,Modern Trade,3089,2818410.28,188907.09,2629503.19,1760399.41,27035.0,58783.86,30805.23
2024-01,Brand J - Snacks,J-01,Wholesale,2599,2371445.73,86074.5,2285371.24,1608335.31,20499.43,51970.16,51226.15
2024-02,Brand J - Snacks,J-01,Wholesale,2220,2025839.26,155025.43,1870813.84,1286087.98,16539.41,52611.08,21288.07
2024-03,Brand J - Snacks,J-01,Wholesale,2959,2699808.67,132857.38,2566951.29,1734348.0,18666.69,109606.42,63120.1
2024-04,Brand J - Snacks,J-01,Wholesale,2536,2313888.96,180704.46,2133184.5,1510644.75,33448.35,85846.5,37341.26
2024-05,Brand J - Snacks,J-01,Wholesale,2794,2549520.77,172183.91,2377336.86,1624644.3,24794.32,114115.18,40355.34
2024-06,Brand J - Snacks,J-01,Wholesale,2582,2355651.49,84539.68,2271111.81,1547222.08,30128.84,105657.7,51563.19
2024-07,Brand J - Snacks,J-01,Wholesale,3114,2841342.12,86187.48,2755154.64,1929234.18,37448.25,125818.78,63662.82
2024-08,Brand J - Snacks,J-01,Wholesale,2671,2436899.69,77949.55,2358950.14,1660899.54,23785.7,61722.62,46069.44
2024-09,Brand J - Snacks,J-01,Wholesale,2797,2552190.13,133318.87,2418871.26,1669915.83,31297.27,55687.0,25091.17
2024-10,Brand J - Snacks,J-01,Wholesale,2623,2393536.55,83181.07,2310355.48,1619395.25,20654.49,85908.86,43232.16
2024-11,Brand J - Snacks,J-01,Wholesale,2667,2433554.17,136003.15,2297551.02,1551767.78,16059.41,61636.2,51557.14
2024-12,Brand J - Snacks,J-01,Wholesale,3089,2818117.97,115905.44,2702212.53,1920930.49,33711.33,62651.36,37630.78
2025-01,Brand J - Snacks,J-01,Wholesale,2519,2298432.68,91856.99,2206575.69,1564183.4,22781.93,66810.08,22741.63
2025-02,Brand J - Snacks,J-01,Wholesale,2831,2583337.9,205259.25,2378078.65,1667524.09,34809.71,107109.97,53116.35
2025-03,Brand J - Snacks,J-01,Wholesale,3328,3036586.56,197631.6,2838954.97,1916388.96,22300.64,103872.53,59241.75
2025-04,Brand J - Snacks,J-01,Wholesale,3032,2766941.89,60764.34,2706177.55,1847625.12,23430.02,65075.92,66465.8
2025-05,Brand J - Snacks,J-01,Wholesale,3932,3587906.13,124407.04,3463499.09,2326198.33,52274.29,164497.57,58115.48
2025-06,Brand J - Snacks,J-01,Wholesale,3781,3449527.5,235156.41,3214371.09,2233175.24,51382.13,121383.86,45137.57
2025-07,Brand J - Snacks,J-01,Wholesale,3517,3208698.72,251593.04,2957105.68,2078887.73,40772.27,145414.6,32112.57
2025-08,Brand J - Snacks,J-01,Wholesale,3600,3284751.76,77644.6,3207107.16,2314540.94,23865.81,71514.47,56975.26
2025-09,Brand J - Snacks,J-01,Wholesale,3259,2973973.87,173543.39,2800430.48,1945587.76,27076.71,120543.92,30546.76
2025-10,Brand J - Snacks,J-01,Wholesale,3408,3109593.8,82368.73,3027225.07,2081233.68,24012.89,63420.51,32279.21
2025-11,Brand J - Snacks,J-01,Wholesale,2924,2668108.2,141300.22,2526807.98,1776747.84,40339.6,94569.65,30352.85
2025-12,Brand J - Snacks,J-01,Wholesale,2779,2536032.81,62688.26,2473344.54,1663814.94,25714.6,91284.35,34975.21
2024-01,Brand J - Snacks,J-01,HoReCa,803,732577.22,24313.76,708263.46,491824.29,13117.49,19808.33,8270.54
2024-02,Brand J - Snacks,J-01,HoReCa,837,763521.45,39976.44,723545.02,507305.89,10972.38,35693.85,9449.81
2024-03,Brand J - Snacks,J-01,HoReCa,865,789483.47,38710.3,750773.17,502640.79,11509.08,32216.85,17517.25
2024-04,Brand J - Snacks,J-01,HoReCa,1096,1000433.9,60163.43,940270.48,634655.87,16620.51,23876.4,12820.83
2024-05,Brand J - Snacks,J-01,HoReCa,1110,1012904.65,32406.08,980498.57,672340.99,19853.48,33120.95,20457.03
2024-06,Brand J - Snacks,J-01,HoReCa,1107,1010025.76,62600.91,947424.85,656704.72,12653.34,24493.43,13215.48
2024-07,Brand J - Snacks,J-01,HoReCa,1118,1019704.43,24398.31,995306.11,707070.73,14966.61,47516.18,14264.43
2024-08,Brand J - Snacks,J-01,HoReCa,1121,1022645.15,26705.08,995940.07,718122.42,21837.4,29743.74,11024.71
2024-09,Brand J - Snacks,J-01,HoReCa,903,824341.33,32505.34,791835.99,553914.44,10390.05,18948.62,8788.88
2024-10,Brand J - Snacks,J-01,HoReCa,957,872854.69,40296.68,832558.01,564388.09,13925.61,30094.28,20098.08
2024-11,Brand J - Snacks,J-01,HoReCa,983,897169.43,63228.41,833941.03,581560.56,12294.34,28491.81,14255.18
2024-12,Brand J - Snacks,J-01,HoReCa,855,779765.19,32907.9,746857.28,508986.53,16704.44,27375.29,18142.98
2025-01,Brand J - Snacks,J-01,HoReCa,886,808002.57,51614.6,756387.97,533353.88,10694.8,33290.66,8956.07
2025-02,Brand J - Snacks,J-01,HoReCa,964,879485.51,50158.24,829327.27,583667.01,14708.66,41007.71,13953.56
2025-03,Brand J - Snacks,J-01,HoReCa,1134,1034367.53,82618.52,951749.01,684789.33,15357.36,25456.21,12352.56
2025-04,Brand J - Snacks,J-01,HoReCa,1156,1054574.53,21924.17,1032650.37,741541.65,12590.35,24588.58,11297.59
2025-05,Brand J - Snacks,J-01,HoReCa,1396,1273475.65,100697.43,1172778.23,785653.74,12022.28,37222.86,26545.38
2025-06,Brand J - Snacks,J-01,HoReCa,1272,1160170.47,56116.5,1104053.97,771694.46,12311.05,48228.1,18435.54
2025-07,Brand J - Snacks,J-01,HoReCa,1232,1124517.85,25846.5,1098671.35,761631.19,10764.26,23814.74,11679.03
2025-08,Brand J - Snacks,J-01,HoReCa,1184,1080219.83,67502.1,1012717.73,709378.83,18443.95,35316.29,15826.5
2025-09,Brand J - Snacks,J-01,HoReCa,1015,925910.1,64839.53,861070.57,602009.01,8888.94,24375.65,9021.71
2025-10,Brand J - Snacks,J-01,HoReCa,1021,931831.6,37917.47,893914.13,601894.34,9525.83,40414.85,17385.49
2025-11,Brand J - Snacks,J-01,HoReCa,952,868470.88,63162.85,805308.03,551958.77,11579.75,18606.49,15031.3
2025-12,Brand J - Snacks,J-01,HoReCa,844,770480.87,30735.76,739745.11,521140.99,11640.99,22473.93,9628.46
2024-01,Brand J - Snacks,J-01,E-commerce,493,449400.73,34837.05,414563.68,299327.46,4108.6,14301.34,9677.9
2024-02,Brand J - Snacks,J-01,E-commerce,679,619168.47,26240.63,592927.84,426662.33,7641.96,23453.24,7693.99
2024-03,Brand J - Snacks,J-01,E-commerce,603,550270.39,38525.63,511744.75,370477.34,6413.99,23142.05,9865.92
2024-04,Brand J - Snacks,J-01,E-commerce,631,575600.07,40607.31,534992.77,382458.04,4074.89,20679.62,11745.11
2024-05,Brand J - Snacks,J-01,E-commerce,618,563581.3,35888.44,527692.85,356843.98,8128.76,16589.6,6163.3
2024-06,Brand J - Snacks,J-01,E-commerce,724,660662.27,39865.56,620796.71,444490.28,4762.94,18929.31,7608.97
2024-07,Brand J - Snacks,J-01,E-commerce,830,757604.0,27563.46,730040.55,500289.66,9908.19,22704.5,10233.11
2024-08,Brand J - Snacks,J-01,E-commerce,695,633960.78,16244.68,617716.1,415687.21,7717.29,26095.21,13448.7
2024-09,Brand J - Snacks,J-01,E-commerce,617,563318.58,44375.39,518943.19,348104.66,6489.3,22190.67,6127.96
2024-10,Brand J - Snacks,J-01,E-commerce,582,530636.41,31976.7,498659.7,342126.65,7167.85,21204.97,10981.71
2024-11,Brand J - Snacks,J-01,E-commerce,543,495806.36,23651.74,472154.61,324182.8,5856.03,21293.13,8126.34
2024-12,Brand J - Snacks,J-01,E-commerce,624,568976.27,29548.55,539427.72,384882.58,7612.07,18663.43,13196.71
2025-01,Brand J - Snacks,J-01,E-commerce,635,579034.71,44060.91,534973.8,367852.94,4301.28,15500.25,7245.2
2025-02,Brand J - Snacks,J-01,E-commerce,716,653356.54,50799.88,602556.66,423241.93,5933.01,29540.99,12249.18
2025-03,Brand J - Snacks,J-01,E-commerce,717,654656.56,26096.06,628560.5,452711.58,7483.81,19495.98,10361.52
2025-04,Brand J - Snacks,J-01,E-commerce,813,741525.18,16656.49,724868.69,493078.79,10117.22,32861.64,9407.51
2025-05,Brand J - Snacks,J-01,E-commerce,763,696407.9,14934.79,681473.11,456394.96,8112.68,21756.13,12261.59
2025-06,Brand J - Snacks,J-01,E-commerce,760,693123.27,35474.23,657649.04,452900.33,8106.98,20316.01,8442.33
2025-07,Brand J - Snacks,J-01,E-commerce,835,761927.02,29264.63,732662.39,526753.41,8328.39,35322.94,12342.98
2025-08,Brand J - Snacks,J-01,E-commerce,813,741729.52,29021.97,712707.54,478371.18,6734.47,18922.07,17431.85
2025-09,Brand J - Snacks,J-01,E-commerce,679,620001.0,42915.64,577085.37,388561.57,5527.61,21086.71,14196.87
2025-10,Brand J - Snacks,J-01,E-commerce,725,661592.45,50391.78,611200.68,441624.4,9460.57,16447.11,7485.25
2025-11,Brand J - Snacks,J-01,E-commerce,624,569810.3,20190.38,549619.91,373802.68,5425.24,18860.42,13672.53
2025-12,Brand J - Snacks,J-01,E-commerce,661,603314.9,14742.64,588572.27,398528.49,6858.93,25154.64,10925.18
2024-01,Brand J - Snacks,J-02,Modern Trade,3957,1880170.41,220369.73,1659800.68,1124336.56,39428.26,158171.01,29870.7
2024-02,Brand J - Snacks,J-02,Modern Trade,3864,1835971.92,238477.57,1597494.35,1113377.03,53377.48,112743.01,33615.65
2024-03,Brand J - Snacks,J-02,Modern Trade,4271,2029526.41,253879.52,1775646.89,1242640.82,41709.02,109747.53,25552.99
2024-04,Brand J - Snacks,J-02,Modern Trade,3935,1870025.75,193080.06,1676945.69,1187833.67,30509.19,140357.74,22210.7
2024-05,Brand J - Snacks,J-02,Modern Trade,5287,2512536.26,401559.53,2110976.72,1502077.13,42088.62,200377.26,46374.91
2024-06,Brand J - Snacks,J-02,Modern Trade,3406,1618693.49,219488.25,1399205.24,972205.27,41950.71,99289.81,14197.68
2024-07,Brand J - Snacks,J-02,Modern Trade,4690,2228743.56,271414.71,1957328.84,1357156.91,39109.32,149046.84,24686.56
2024-08,Brand J - Snacks,J-02,Modern Trade,4811,2286293.39,353169.57,1933123.82,1376786.36,35717.74,223626.29,28442.77
2024-09,Brand J - Snacks,J-02,Modern Trade,4420,2100301.64,294898.83,1805402.81,1236785.28,57909.57,153438.89,29087.78
2024-10,Brand J - Snacks,J-02,Modern Trade,3902,1854238.94,235552.48,1618686.45,1165203.34,33451.11,127353.42,32332.74
2024-11,Brand J - Snacks,J-02,Modern Trade,3076,1461741.43,197206.17,1264535.27,906490.32,41907.29,113603.15,26043.1
2024-12,Brand J - Snacks,J-02,Modern Trade,4071,1934581.69,171527.41,1763054.28,1252844.39,44645.9,113450.58,23360.32
2025-01,Brand J - Snacks,J-02,Modern Trade,4875,2316681.66,346193.36,1970488.31,1335348.87,56865.54,227214.23,28590.52
2025-02,Brand J - Snacks,J-02,Modern Trade,4216,2003566.9,283357.1,1720209.81,1241763.38,32498.57,143059.37,39499.35
2025-03,Brand J - Snacks,J-02,Modern Trade,4604,2187662.91,277879.32,1909783.59,1278777.79,47337.99,193688.91,32021.47
2025-04,Brand J - Snacks,J-02,Modern Trade,4798,2279893.1,336205.46,1943687.64,1328240.37,35364.22,131557.08,22749.95
2025-05,Brand J - Snacks,J-02,Modern Trade,5002,2377165.48,338740.45,2038425.04,1370816.51,48219.65,230310.33,38633.7
2025-06,Brand J - Snacks,J-02,Modern Trade,4874,2316321.8,251032.97,2065288.84,1495374.57,35828.96,142456.72,32877.72
2025-07,Brand J - Snacks,J-02,Modern Trade,4990,2371376.93,241719.38,2129657.55,1523502.6,50837.48,147692.41,24527.56
2025-08,Brand J - Snacks,J-02,Modern Trade,4889,2323057.33,224447.33,2098609.99,1506599.19,47058.05,150726.15,45703.03
2025-09,Brand J - Snacks,J-02,Modern Trade,4755,2259739.62,336144.84,1923594.78,1297614.71,33543.81,186603.73,35622.24
2025-10,Brand J - Snacks,J-02,Modern Trade,4856,2307639.08,333408.22,1974230.85,1421012.21,66486.01,189333.95,43445.74
2025-11,Brand J - Snacks,J-02,Modern Trade,4285,2036103.0,255876.5,1780226.49,1192702.43,57011.14,166605.86,27413.51
2025-12,Brand J - Snacks,J-02,Modern Trade,4552,2163236.72,264158.39,1899078.34,1326391.07,53683.96,181628.47,24662.38
2024-01,Brand J - Snacks,J-02,Wholesale,3328,1581323.2,162105.97,1419217.23,956191.31,37456.89,110185.25,16078.5
2024-02,Brand J - Snacks,J-02,Wholesale,2575,1223529.07,137562.49,1085966.59,751612.84,15677.64,83675.69,16782.69
2024-03,Brand J - Snacks,J-02,Wholesale,3333,1583937.15,225466.43,1358470.72,975042.53,34840.06,109215.39,18896.13
2024-04,Brand J - Snacks,J-02,Wholesale,3109,1477376.59,132250.89,1345125.7,935099.18,28018.11,136127.61,20496.02
2024-05,Brand J - Snacks,J-02,Wholesale,3558,1690717.71,270459.48,1420258.24,1019379.66,32770.16,93576.87,28608.08
2024-06,Brand J - Snacks,J-02,Wholesale,3694,1755167.33,241949.78,1513217.55,1017181.5,32251.28,158356.48,22203.01
2024-07,Brand J - Snacks,J-02,Wholesale,3656,1737436.71,233393.67,1504043.04,1037505.39,35041.61,173111.01,20514.87
2024-08,Brand J - Snacks,J-02,Wholesale,3581,1701613.47,239628.39,1461985.09,1027721.82,33564.51,120044.72,34058.97
2024-09,Brand J - Snacks,J-02,Wholesale,3437,1633379.87,240469.88,1392909.99,965872.02,33836.47,153316.7,34303.91
2024-10,Brand J - Snacks,J-02,Wholesale,3339,1586617.69,243579.0,1343038.69,946091.98,31393.17,119516.91,18470.58
2024-11,Brand J - Snacks,J-02,Wholesale,3039,1443904.34,148976.31,1294928.03,921778.77,39628.52,106088.79,22100.41
2024-12,Brand J - Snacks,J-02,Wholesale,3677,1747280.29,251665.81,1495614.48,1023624.74,23711.75,122863.78,21576.8
2025-01,Brand J - Snacks,J-02,Wholesale,3019,1434718.21,115826.67,1318891.54,929665.81,21355.24,99697.94,13987.42
2025-02,Brand J - Snacks,J-02,Wholesale,3228,1533835.53,193053.68,1340781.86,920882.54,28069.01,104471.75,16644.25
2025-03,Brand J - Snacks,J-02,Wholesale,3473,1650461.82,134487.2,1515974.62,1046109.74,33955.14,93696.92,36172.79
2025-04,Brand J - Snacks,J-02,Wholesale,3374,1603295.18,161438.35,1441856.83,997505.05,34461.31,96409.86,15854.52
2025-05,Brand J - Snacks,J-02,Wholesale,3774,1793440.5,231493.94,1561946.55,1064691.58,52478.59,179556.64,19629.88
2025-06,Brand J - Snacks,J-02,Wholesale,3429,1629234.1,214659.24,1414574.87,958796.59,42758.75,91726.02,20806.89
2025-07,Brand J - Snacks,J-02,Wholesale,4143,1968856.54,266162.24,1702694.3,1159883.04,26867.57,169474.47,39393.48
2025-08,Brand J - Snacks,J-02,Wholesale,3998,1900012.43,165779.78,1734232.65,1170948.44,39420.22,131839.16,17556.19
2025-09,Brand J - Snacks,J-02,Wholesale,3269,1553423.56,246949.88,1306473.68,901555.93,31829.19,113801.65,16621.25
2025-10,Brand J - Snacks,J-02,Wholesale,3731,1773110.12,158888.23,1614221.9,1108482.06,29167.2,133272.24,37438.45
2025-11,Brand J - Snacks,J-02,Wholesale,2854,1356091.48,186273.54,1169817.93,784765.85,34219.2,73807.36,13527.62
2025-12,Brand J - Snacks,J-02,Wholesale,3445,1636896.45,220626.98,1416269.47,978909.07,28606.05,131546.67,28396.86
2024-01,Brand J - Snacks,J-02,HoReCa,859,408367.43,63152.54,345214.9,239503.22,13274.7,40901.64,7559.03
2024-02,Brand J - Snacks,J-02,HoReCa,997,473604.78,52214.02,421390.76,301668.72,18364.83,29955.56,5688.66
2024-03,Brand J - Snacks,J-02,HoReCa,1126,535039.11,71863.17,463175.94,319226.98,18422.5,28890.68,8085.98
2024-04,Brand J - Snacks,J-02,HoReCa,940,446663.34,65215.97,381447.37,265143.51,11094.01,42195.41,9292.17
2024-05,Brand J - Snacks,J-02,HoReCa,1225,582353.53,91697.81,490655.72,340136.87,22853.34,52282.44,8576.87
2024-06,Brand J - Snacks,J-02,HoReCa,1154,548294.2,65016.92,483277.28,337040.44,19491.72,41330.83,9455.27
2024-07,Brand J - Snacks,J-02,HoReCa,1112,528245.79,47500.01,480745.78,338413.79,16255.21,48727.43,6617.88
2024-08,Brand J - Snacks,J-02,HoReCa,1251,594383.11,79643.39,514739.71,369886.1,12296.49,43652.35,6115.05
2024-09,Brand J - Snacks,J-02,HoReCa,1298,616719.12,58727.52,557991.59,381851.46,12079.52,63533.77,8028.05
2024-10,Brand J - Snacks,J-02,HoReCa,1099,522378.88,71834.79,450544.1,309999.86,11914.73,51884.38,9485.23
2024-11,Brand J - Snacks,J-02,HoReCa,1092,518686.3,42434.12,476252.17,341707.33,11799.29,38837.18,8973.81
2024-12,Brand J - Snacks,J-02,HoReCa,977,464109.02,69135.19,394973.83,265240.4,13292.8,35849.8,9209.23
2025-01,Brand J - Snacks,J-02,HoReCa,1020,484802.52,42727.64,442074.89,296205.7,14979.84,37049.44,7033.64
2025-02,Brand J - Snacks,J-02,HoReCa,1014,481615.27,75542.17,406073.1,286554.66,11037.11,27115.26,6859.64
2025-03,Brand J - Snacks,J-02,HoReCa,1273,604700.84,60715.93,543984.91,376099.29,11822.03,43839.13,10035.98
2025-04,Brand J - Snacks,J-02,HoReCa,1387,659154.55,91914.46,567240.09,410419.09,21234.69,34850.12,13126.31
2025-05,Brand J - Snacks,J-02,HoReCa,1447,687799.11,99712.26,588086.85,420234.73,16504.86,56313.46,9961.66
2025-06,Brand J - Snacks,J-02,HoReCa,1199,569827.05,65118.07,504708.98,351725.0,17001.08,57471.33,8720.77
2025-07,Brand J - Snacks,J-02,HoReCa,1423,676131.17,102945.13,573186.04,409724.48,26810.63,45575.56,7668.79
2025-08,Brand J - Snacks,J-02,HoReCa,1124,534354.86,49229.55,485125.31,335258.07,9905.05,48342.48,10990.47
2025-09,Brand J - Snacks,J-02,HoReCa,1109,527182.66,59391.13,467791.54,322290.89,13488.62,38616.14,7828.59
2025-10,Brand J - Snacks,J-02,HoReCa,1177,559361.83,56963.64,502398.19,351169.56,21064.77,30321.66,6630.19
2025-11,Brand J - Snacks,J-02,HoReCa,1228,583601.12,67665.29,515935.83,364176.74,21201.39,40427.54,6003.67
2025-12,Brand J - Snacks,J-02,HoReCa,1118,531129.42,58075.31,473054.11,328050.21,12095.82,32582.66,7784.65
2024-01,Brand J - Snacks,J-02,E-commerce,716,340383.82,45435.49,294948.33,200905.35,7971.5,30660.71,6264.3
2024-02,Brand J - Snacks,J-02,E-commerce,531,252390.83,20726.83,231664.0,155832.49,4828.91,14916.21,4016.94
2024-03,Brand J - Snacks,J-02,E-commerce,716,340187.08,36813.13,303373.95,209977.28,5749.93,19692.59,3408.85
2024-04,Brand J - Snacks,J-02,E-commerce,777,369403.05,36150.66,333252.39,227697.32,10309.97,39604.88,4791.93
2024-05,Brand J - Snacks,J-02,E-commerce,726,344952.58,29709.43,315243.15,219062.33,7870.4,30659.47,6413.64
2024-06,Brand J - Snacks,J-02,E-commerce,635,301603.92,34266.57,267337.35,186556.34,8051.43,16538.83,4718.99
2024-07,Brand J - Snacks,J-02,E-commerce,873,415021.76,66073.27,348948.49,249817.72,8954.05,21285.55,4029.85
2024-08,Brand J - Snacks,J-02,E-commerce,863,410018.64,42524.72,367493.92,260648.8,7938.75,37715.08,5625.27
2024-09,Brand J - Snacks,J-02,E-commerce,735,349243.02,37692.22,311550.8,208708.46,6434.79,20876.75,4403.34
2024-10,Brand J - Snacks,J-02,E-commerce,752,357247.2,55146.63,302100.57,211765.31,8195.27,28391.84,5253.52
2024-11,Brand J - Snacks,J-02,E-commerce,618,293645.07,28389.28,265255.79,185633.06,7133.76,25547.67,5577.21
2024-12,Brand J - Snacks,J-02,E-commerce,795,377661.88,52040.87,325621.01,228745.82,6203.03,25086.11,3644.54
2025-01,Brand J - Snacks,J-02,E-commerce,750,356251.59,44477.1,311774.49,223539.02,8383.69,23125.59,4687.64
2025-02,Brand J - Snacks,J-02,E-commerce,679,322808.71,47804.14,275004.57,194775.9,7445.7,20112.94,6532.79
2025-03,Brand J - Snacks,J-02,E-commerce,873,414642.98,44400.96,370242.02,252195.07,8713.46,26228.14,6036.32
2025-04,Brand J - Snacks,J-02,E-commerce,695,330453.69,40015.33,290438.36,208012.85,7186.47,24107.77,4772.51
2025-05,Brand J - Snacks,J-02,E-commerce,835,396988.58,36657.91,360330.67,256057.36,10588.96,42371.18,6469.21
2025-06,Brand J - Snacks,J-02,E-commerce,847,402368.67,44073.03,358295.63,251986.7,8860.25,31368.48,7172.25
2025-07,Brand J - Snacks,J-02,E-commerce,792,376560.03,42987.21,333572.82,226168.57,8675.28,32547.61,7696.95
2025-08,Brand J - Snacks,J-02,E-commerce,785,372881.09,33452.92,339428.17,235833.94,7931.65,23576.85,6420.67
2025-09,Brand J - Snacks,J-02,E-commerce,888,421889.15,39970.98,381918.17,273055.57,11834.86,29161.02,4770.07
2025-10,Brand J - Snacks,J-02,E-commerce,792,376413.64,38926.8,337486.84,231446.28,9304.85,40028.31,6916.25
2025-11,Brand J - Snacks,J-02,E-commerce,694,329764.78,30352.66,299412.12,215978.79,6312.84,24254.31,5264.27
2025-12,Brand J - Snacks,J-02,E-commerce,736,349599.09,32150.92,317448.16,223583.43,6847.52,34974.47,4488.1
2024-01,Brand J - Snacks,J-03,Modern Trade,2044,937733.2,100129.26,837603.94,582227.55,15152.02,52945.11,16715.09
2024-02,Brand J - Snacks,J-03,Modern Trade,2007,920793.63,74694.39,846099.24,578091.01,13627.41,84312.32,19834.73
2024-03,Brand J - Snacks,J-03,Modern Trade,1897,870510.66,75938.92,794571.73,558709.67,11695.93,94280.7,11485.38
2024-04,Brand J - Snacks,J-03,Modern Trade,2340,1073842.61,106308.86,967533.75,655274.21,14806.23,69781.07,17307.22
2024-05,Brand J - Snacks,J-03,Modern Trade,2412,1106531.19,101176.59,1005354.61,708435.13,28350.19,91155.46,20936.26
2024-06,Brand J - Snacks,J-03,Modern Trade,2512,1152531.46,141800.82,1010730.64,730813.96,17634.23,68707.14,24139.94
2024-07,Brand J - Snacks,J-03,Modern Trade,2840,1303207.69,115311.39,1187896.29,815114.54,28203.89,99959.43,21409.45
2024-08,Brand J - Snacks,J-03,Modern Trade,2554,1171656.49,120689.98,1050966.51,744616.32,15493.97,126096.58,19232.53
2024-09,Brand J - Snacks,J-03,Modern Trade,2197,1008080.62,107894.57,900186.04,631699.94,19669.18,94297.34,11964.57
2024-10,Brand J - Snacks,J-03,Modern Trade,2085,956632.33,116136.34,840495.99,580681.01,23219.87,72685.2,20402.66
2024-11,Brand J - Snacks,J-03,Modern Trade,2088,958218.9,92667.79,865551.12,591960.03,21762.49,60667.37,12840.32
2024-12,Brand J - Snacks,J-03,Modern Trade,2250,1032429.21,133958.44,898470.77,601578.75,28244.25,87779.04,13527.23
2025-01,Brand J - Snacks,J-03,Modern Trade,2556,1172802.34,141392.37,1031409.98,713049.56,30910.29,121990.76,12865.08
2025-02,Brand J - Snacks,J-03,Modern Trade,2020,926678.35,100085.14,826593.21,566327.68,23211.08,57645.5,18414.82
2025-03,Brand J - Snacks,J-03,Modern Trade,2707,1241969.01,105358.48,1136610.53,766799.4,34694.11,71377.65,26441.92
2025-04,Brand J - Snacks,J-03,Modern Trade,2818,1292959.02,115306.11,1177652.9,811655.44,38222.31,111169.22,28103.27
2025-05,Brand J - Snacks,J-03,Modern Trade,2952,1354674.53,188647.16,1166027.36,816387.88,19707.64,76210.47,15138.85
2025-06,Brand J - Snacks,J-03,Modern Trade,2593,1189869.33,152395.4,1037473.92,722614.64,29844.2,122648.19,14376.44
2025-07,Brand J - Snacks,J-03,Modern Trade,2473,1134634.1,177054.33,957579.77,659471.39,21594.24,110264.6,11888.91
2025-08,Brand J - Snacks,J-03,Modern Trade,2658,1219608.25,185429.04,1034179.22,714750.48,31272.24,62394.52,17101.7
2025-09,Brand J - Snacks,J-03,Modern Trade,2777,1273951.65,134385.56,1139566.09,790468.58,33913.74,88928.87,17845.41
2025-10,Brand J - Snacks,J-03,Modern Trade,2826,1296547.26,191410.3,1105136.96,766215.95,25671.89,89243.85,23837.42
2025-11,Brand J - Snacks,J-03,Modern Trade,2072,950501.42,139263.77,811237.65,573575.54,15385.49,66565.08,13793.45
2025-12,Brand J - Snacks,J-03,Modern Trade,2443,1120943.03,122779.57,998163.45,679891.98,21647.1,91161.45,12458.43
2024-01,Brand J - Snacks,J-03,Wholesale,1290,592060.42,57727.11,534333.32,376972.68,8876.52,35839.73,6188.35
2024-02,Brand J - Snacks,J-03,Wholesale,1562,716867.28,95322.88,621544.4,448645.91,12219.9,56285.25,15394.03
2024-03,Brand J - Snacks,J-03,Wholesale,1794,823242.84,129537.86,693704.98,468921.3,24617.92,63109.52,9559.74
2024-04,Brand J - Snacks,J-03,Wholesale,2030,931486.53,119081.77,812404.76,552398.71,14609.78,73086.35,15866.14
2024-05,Brand J - Snacks,J-03,Wholesale,1841,844576.73,132158.4,712418.34,502983.03,20024.92,77880.53,12225.6
2024-06,Brand J - Snacks,J-03,Wholesale,2060,945158.32,86869.19,858289.14,596890.02,15696.41,60823.58,12670.9
2024-07,Brand J - Snacks,J-03,Wholesale,1980,908369.01,82573.28,825795.73,564197.81,14277.19,78991.34,12903.76
2024-08,Brand J - Snacks,J-03,Wholesale,1963,900706.47,137356.66,763349.8,520639.96,16355.47,70194.75,8820.3
2024-09,Brand J - Snacks,J-03,Wholesale,1981,908975.04,98499.07,810475.96,573709.24,24892.6,65307.31,13628.15
2024-10,Brand J - Snacks,J-03,Wholesale,1845,846630.37,101006.16,745624.21,536911.97,23200.74,84024.96,8296.0
2024-11,Brand J - Snacks,J-03,Wholesale,1591,729945.36,80282.53,649662.84,456705.65,13121.54,50815.1,12946.62
2024-12,Brand J - Snacks,J-03,Wholesale,1595,731804.71,64104.63,667700.08,468125.5,19179.93,52967.82,16451.8
2025-01,Brand J - Snacks,J-03,Wholesale,1654,759028.55,72453.19,686575.36,490902.52,13538.63,81155.39,14120.38
2025-02,Brand J - Snacks,J-03,Wholesale,1949,894277.32,132584.66,761692.66,518838.0,17272.78,86954.61,15845.5
2025-03,Brand J - Snacks,J-03,Wholesale,1912,877389.39,75801.85,801587.55,548001.87,23161.65,75485.66,13767.43
2025-04,Brand J - Snacks,J-03,Wholesale,2473,1134522.2,143871.29,990650.91,673662.61,17477.43,104497.23,15578.35
2025-05,Brand J - Snacks,J-03,Wholesale,2117,971536.02,110461.03,861074.99,610963.99,29192.35,101635.56,11369.07
2025-06,Brand J - Snacks,J-03,Wholesale,2240,1027881.2,157762.44,870118.76,605943.22,19659.49,61420.71,20000.75
2025-07,Brand J - Snacks,J-03,Wholesale,2285,1048302.13,94103.12,954199.01,655269.64,25852.93,94046.56,21321.02
2025-08,Brand J - Snacks,J-03,Wholesale,2210,1013904.95,122655.62,891249.33,609395.38,26026.17,71225.99,20503.56
2025-09,Brand J - Snacks,J-03,Wholesale,1843,845721.95,105366.76,740355.2,520645.95,23944.3,69652.11,13606.03
2025-10,Brand J - Snacks,J-03,Wholesale,1743,799552.56,124050.7,675501.87,470920.37,16002.75,42883.08,12977.8
2025-11,Brand J - Snacks,J-03,Wholesale,1788,820591.16,75411.1,745180.06,509432.7,24934.38,66151.96,11797.23
2025-12,Brand J - Snacks,J-03,Wholesale,2011,922510.89,136830.76,785680.13,542065.78,18598.49,72574.89,9531.66
2024-01,Brand J - Snacks,J-03,HoReCa,593,271874.34,41872.59,230001.75,158418.12,5398.07,24816.59,2311.15
2024-02,Brand J - Snacks,J-03,HoReCa,610,279945.92,34639.97,245305.96,169096.52,6853.32,15530.33,2775.81
2024-03,Brand J - Snacks,J-03,HoReCa,692,317326.5,43449.93,273876.58,195470.53,6325.96,17568.08,4102.17
2024-04,Brand J - Snacks,J-03,HoReCa,680,311831.3,49210.5,262620.8,183795.73,11173.94,26199.61,5412.8
2024-05,Brand J - Snacks,J-03,HoReCa,651,298647.69,43441.99,255205.7,177392.35,11074.63,18797.69,4629.98
2024-06,Brand J - Snacks,J-03,HoReCa,647,297083.15,34034.74,263048.42,188739.88,9410.83,28231.99,2706.58
2024-07,Brand J - Snacks,J-03,HoReCa,764,350575.15,46979.23,303595.92,211968.95,11335.49,29344.8,4349.51
2024-08,Brand J - Snacks,J-03,HoReCa,588,269963.91,26254.3,243709.62,173385.09,7777.73,21159.47,2845.69
2024-09,Brand J - Snacks,J-03,HoReCa,654,299867.43,29022.54,270844.89,190937.96,11478.81,28665.3,6064.3
2024-10,Brand J - Snacks,J-03,HoReCa,617,283318.09,27758.16,255559.93,180984.37,10138.9,27431.42,3012.12
2024-11,Brand J - Snacks,J-03,HoReCa,582,267108.26,21645.95,245462.31,176804.71,9439.77,22477.89,6002.13
2024-12,Brand J - Snacks,J-03,HoReCa,439,201309.58,23670.14,177639.45,126282.09,7298.75,13309.03,4269.83
2025-01,Brand J - Snacks,J-03,HoReCa,478,219115.39,23167.94,195947.45,139010.42,6866.85,17229.17,3523.02
2025-02,Brand J - Snacks,J-03,HoReCa,687,314997.78,38516.62,276481.16,187513.81,9350.08,22185.87,2934.61
2025-03,Brand J - Snacks,J-03,HoReCa,681,312544.83,45794.5,266750.33,191395.85,10491.3,31552.33,5258.72
2025-04,Brand J - Snacks,J-03,HoReCa,577,264623.22,24064.78,240558.45,173453.26,6232.64,22080.46,4662.8
2025-05,Brand J - Snacks,J-03,HoReCa,779,357370.87,29642.04,327728.83,219530.31,11510.28,34002.16,6805.65
2025-06,Brand J - Snacks,J-03,HoReCa,728,333935.18,44553.85,289381.34,205427.06,10081.66,29049.22,3506.24
2025-07,Brand J - Snacks,J-03,HoReCa,849,389384.89,48737.15,340647.74,229336.56,11529.44,29650.97,6885.45
2025-08,Brand J - Snacks,J-03,HoReCa,772,354173.73,45668.12,308505.61,206558.08,7402.68,18617.69,4370.47
2025-09,Brand J - Snacks,J-03,HoReCa,711,326331.85,31771.29,294560.56,205531.35,12147.45,30042.72,6164.58
2025-10,Brand J - Snacks,J-03,HoReCa,526,241215.47,31926.89,209288.58,144643.73,5336.76,17640.72,4856.8
2025-11,Brand J - Snacks,J-03,HoReCa,522,239380.74,36403.22,202977.52,141596.15,7337.31,14948.59,2833.08
2025-12,Brand J - Snacks,J-03,HoReCa,647,296858.31,40302.95,256555.35,174653.17,6195.32,19324.22,3901.32
2024-01,Brand J - Snacks,J-03,E-commerce,328,150556.36,21215.82,129340.54,86866.0,3131.49,13273.17,2924.89
2024-02,Brand J - Snacks,J-03,E-commerce,387,177590.5,24238.02,153352.48,109380.49,4941.72,13665.81,3515.18
2024-03,Brand J - Snacks,J-03,E-commerce,414,189843.77,17880.33,171963.44,115717.96,3051.17,13227.57,2707.38
2024-04,Brand J - Snacks,J-03,E-commerce,381,175003.4,14288.07,160715.33,116200.21,4779.6,10447.91,3511.88
2024-05,Brand J - Snacks,J-03,E-commerce,476,218418.42,22103.43,196314.99,137864.42,3149.34,16885.35,4667.07
2024-06,Brand J - Snacks,J-03,E-commerce,454,208532.05,17611.81,190920.24,129782.07,5173.27,15740.09,3278.31
2024-07,Brand J - Snacks,J-03,E-commerce,492,225910.42,19355.61,206554.81,138447.27,3930.61,18187.88,4515.1
2024-08,Brand J - Snacks,J-03,E-commerce,378,173250.09,19333.52,153916.56,109923.17,4535.01,14689.72,3418.13
2024-09,Brand J - Snacks,J-03,E-commerce,396,181882.25,26739.9,155142.35,111384.94,2711.91,14939.87,3470.21
2024-10,Brand J - Snacks,J-03,E-commerce,363,166679.11,21772.49,144906.62,101667.42,2880.33,14365.92,1842.93
2024-11,Brand J - Snacks,J-03,E-commerce,421,193031.91,23675.52,169356.39,118946.6,5179.79,13339.89,3266.04
2024-12,Brand J - Snacks,J-03,E-commerce,394,180707.66,27856.97,152850.7,103395.94,4833.19,9266.67,3425.41
2025-01,Brand J - Snacks,J-03,E-commerce,390,178821.56,20235.81,158585.75,108349.56,4691.61,17011.73,2239.33
2025-02,Brand J - Snacks,J-03,E-commerce,435,199800.43,29720.52,170079.91,122083.07,3817.53,18782.65,3632.52
2025-03,Brand J - Snacks,J-03,E-commerce,422,193419.95,30616.2,162803.75,111023.31,5751.79,13044.94,3243.98
2025-04,Brand J - Snacks,J-03,E-commerce,486,223090.97,26832.06,196258.9,136062.72,3980.92,14830.43,4025.26
2025-05,Brand J - Snacks,J-03,E-commerce,462,211887.99,25722.25,186165.75,130691.31,3884.52,13354.82,1903.39
2025-06,Brand J - Snacks,J-03,E-commerce,522,239562.88,31498.12,208064.76,146294.27,4742.07,17942.95,2520.67
2025-07,Brand J - Snacks,J-03,E-commerce,495,227203.91,33042.88,194161.03,139005.98,6887.5,22691.51,2942.04
2025-08,Brand J - Snacks,J-03,E-commerce,487,223615.14,31080.49,192534.65,137098.6,3215.2,21605.99,3932.55
2025-09,Brand J - Snacks,J-03,E-commerce,486,223120.75,31681.2,191439.55,135911.56,3209.57,21273.07,2137.38
2025-10,Brand J - Snacks,J-03,E-commerce,463,212255.07,24091.96,188163.11,131718.19,4005.43,19867.07,3716.6
2025-11,Brand J - Snacks,J-03,E-commerce,431,197704.75,27126.43,170578.33,123470.47,5486.63,10510.61,2818.09
2025-12,Brand J - Snacks,J-03,E-commerce,480,220445.49,32335.28,188110.21,133808.45,4248.34,15813.96,2128.52
2024-01,Brand J - Snacks,J-04,Modern Trade,3842,836593.39,127666.5,708926.89,498949.18,33829.51,52277.49,8534.8
2024-02,Brand J - Snacks,J-04,Modern Trade,3810,829543.76,90872.66,738671.1,500861.61,49354.03,47249.12,10111.56
2024-03,Brand J - Snacks,J-04,Modern Trade,4453,969703.52,123350.1,846353.41,609760.05,41446.63,78214.6,9971.0
2024-04,Brand J - Snacks,J-04,Modern Trade,4949,1077697.53,101051.43,976646.1,656154.39,38744.12,111262.94,19987.1
2024-05,Brand J - Snacks,J-04,Modern Trade,4672,1017332.97,103674.09,913658.88,642022.67,62760.28,63895.58,10217.25
2024-06,Brand J - Snacks,J-04,Modern Trade,5020,1093067.17,142974.92,950092.25,645206.57,32213.74,87400.66,15711.42
2024-07,Brand J - Snacks,J-04,Modern Trade,5222,1137004.93,109439.75,1027565.18,717483.87,45132.72,64288.82,16009.38
2024-08,Brand J - Snacks,J-04,Modern Trade,3991,869071.57,114921.62,754149.94,522073.12,24517.96,70326.61,14458.95
2024-09,Brand J - Snacks,J-04,Modern Trade,4137,900803.73,74819.5,825984.23,594271.64,43555.55,81966.64,15366.69
2024-10,Brand J - Snacks,J-04,Modern Trade,3772,821312.18,102186.05,719126.13,487211.21,45459.67,82949.66,8911.04
2024-11,Brand J - Snacks,J-04,Modern Trade,4279,931696.4,121944.86,809751.55,561048.82,53911.89,88361.0,8958.76
2024-12,Brand J - Snacks,J-04,Modern Trade,4098,892378.93,119120.03,773258.89,543541.57,33806.8,91173.01,11586.15
2025-01,Brand J - Snacks,J-04,Modern Trade,3989,868583.97,72978.2,795605.77,575007.04,42157.78,95094.39,9895.08
2025-02,Brand J - Snacks,J-04,Modern Trade,4834,1052634.05,89826.24,962807.81,674367.22,40388.33,62410.15,23528.98
2025-03,Brand J - Snacks,J-04,Modern Trade,4002,871442.59,100079.77,771362.82,541085.13,40622.75,68062.66,18561.18
2025-04,Brand J - Snacks,J-04,Modern Trade,5066,1103038.48,165754.58,937283.91,663164.5,66932.58,56906.17,11585.91
2025-05,Brand J - Snacks,J-04,Modern Trade,4610,1003741.55,140137.11,863604.44,581032.83,30709.4,100101.97,20420.2
2025-06,Brand J - Snacks,J-04,Modern Trade,5095,1109473.01,176115.22,933357.79,639228.85,42421.19,95012.34,17448.62
2025-07,Brand J - Snacks,J-04,Modern Trade,5227,1138272.16,156827.71,981444.45,689787.34,48765.84,102404.99,16630.37
2025-08,Brand J - Snacks,J-04,Modern Trade,4652,1012852.58,101341.11,911511.47,655537.37,43390.9,75843.0,22294.68
2025-09,Brand J - Snacks,J-04,Modern Trade,4863,1058927.2,109570.09,949357.11,680175.89,47119.83,105071.55,21016.23
2025-10,Brand J - Snacks,J-04,Modern Trade,4503,980581.95,106666.33,873915.62,606747.41,31136.76,52462.09,16607.54
2025-11,Brand J - Snacks,J-04,Modern Trade,4780,1040848.55,108052.21,932796.34,642754.82,29472.52,61463.34,11307.8
2025-12,Brand J - Snacks,J-04,Modern Trade,4027,876972.53,119901.06,757071.46,514360.78,26203.15,68972.24,18641.72
2024-01,Brand J - Snacks,J-04,Wholesale,2919,635634.66,62281.45,573353.2,389926.69,17619.83,64445.12,9594.33
2024-02,Brand J - Snacks,J-04,Wholesale,2630,572602.41,76352.85,496249.56,348558.34,35100.0,42964.04,9221.04
2024-03,Brand J - Snacks,J-04,Wholesale,2890,629286.98,82772.35,546514.64,394448.42,31957.73,57896.52,9703.86
2024-04,Brand J - Snacks,J-04,Wholesale,3195,695765.99,97272.11,598493.88,421935.85,30050.72,53315.01,6093.97
2024-05,Brand J - Snacks,J-04,Wholesale,3880,844830.87,111482.45,733348.43,517171.47,35592.77,86691.79,9050.32
2024-06,Brand J - Snacks,J-04,Wholesale,3698,805230.91,71274.18,733956.73,513379.83,50535.12,49335.67,10055.24
2024-07,Brand J - Snacks,J-04,Wholesale,3313,721372.81,61384.15,659988.66,446791.42,35138.2,51883.36,12334.33
2024-08,Brand J - Snacks,J-04,Wholesale,3846,837534.85,75477.7,762057.15,541632.31,50922.1,73551.08,11242.8
2024-09,Brand J - Snacks,J-04,Wholesale,3733,812770.32,127554.69,685215.63,474166.7,31133.31,70772.88,9524.72
2024-10,Brand J - Snacks,J-04,Wholesale,3472,756117.09,100748.91,655368.18,449134.62,32260.29,50626.05,14474.88
2024-11,Brand J - Snacks,J-04,Wholesale,3487,759315.4,83801.77,675513.63,485882.37,21601.34,67224.47,12321.28
2024-12,Brand J - Snacks,J-04,Wholesale,3049,663874.48,55549.01,608325.47,430883.15,35134.76,67872.13,10224.03
2025-01,Brand J - Snacks,J-04,Wholesale,3255,708713.18,112919.3,595793.88,419675.61,36512.16,65307.92,6937.05
2025-02,Brand J - Snacks,J-04,Wholesale,3199,696499.45,64722.77,631776.67,453733.29,33564.18,58426.69,9918.51
2025-03,Brand J - Snacks,J-04,Wholesale,3490,759974.79,95509.21,664465.59,464672.51,36354.12,79300.92,16545.57
2025-04,Brand J - Snacks,J-04,Wholesale,3846,837422.39,92770.83,744651.55,533195.91,25490.14,65403.16,8326.07
2025-05,Brand J - Snacks,J-04,Wholesale,3807,829044.26,113039.59,716004.67,502714.14,40489.17,56441.77,11795.68
2025-06,Brand J - Snacks,J-04,Wholesale,3852,838796.09,97682.46,741113.64,518782.22,38457.1,59276.37,9855.41
2025-07,Brand J - Snacks,J-04,Wholesale,3965,863327.33,70543.63,792783.7,531560.8,51100.69,65577.05,10481.33
2025-08,Brand J - Snacks,J-04,Wholesale,3875,843838.64,77323.19,766515.45,529351.51,37972.15,68042.13,17051.39
2025-09,Brand J - Snacks,J-04,Wholesale,4129,899109.16,134082.67,765026.49,535709.64,26537.57,69303.2,9735.38
2025-10,Brand J - Snacks,J-04,Wholesale,3489,759784.87,67040.63,692744.23,467988.96,24566.09,75940.74,14609.86
2025-11,Brand J - Snacks,J-04,Wholesale,3135,682595.55,95137.9,587457.66,407936.65,34468.5,62589.15,12062.8
2025-12,Brand J - Snacks,J-04,Wholesale,3217,700442.23,95611.17,604831.06,415513.05,29532.88,57816.85,14925.88
2024-01,Brand J - Snacks,J-04,HoReCa,895,194802.51,29924.95,164877.57,112081.92,13447.52,19086.03,4019.23
2024-02,Brand J - Snacks,J-04,HoReCa,1038,225991.28,33252.44,192738.84,136539.63,12057.83,12001.68,2217.05
2024-03,Brand J - Snacks,J-04,HoReCa,1296,282092.07,35038.08,247053.99,167656.67,11514.38,26050.92,5120.04
2024-04,Brand J - Snacks,J-04,HoReCa,1168,254312.57,26205.11,228107.46,161984.69,17934.21,24577.52,4682.38
2024-05,Brand J - Snacks,J-04,HoReCa,1215,264489.26,29751.45,234737.81,161481.01,19688.69,19979.5,2884.18
2024-06,Brand J - Snacks,J-04,HoReCa,1312,285769.59,40837.72,244931.87,176656.05,21364.86,23860.33,4707.19
2024-07,Brand J - Snacks,J-04,HoReCa,1276,277856.23,25722.75,252133.48,173148.21,24742.09,20951.77,3117.57
2024-08,Brand J - Snacks,J-04,HoReCa,1227,267167.36,36898.76,230268.6,164110.5,14721.45,24084.72,2534.04
2024-09,Brand J - Snacks,J-04,HoReCa,1101,239810.84,20011.93,219798.91,149371.14,17726.76,19829.32,4848.65
2024-10,Brand J - Snacks,J-04,HoReCa,963,209711.39,26082.32,183629.07,132339.09,10153.57,15120.42,4176.52
2024-11,Brand J - Snacks,J-04,HoReCa,1189,258835.49,26078.47,232757.02,165274.31,16581.73,21803.89,3543.98
2024-12,Brand J - Snacks,J-04,HoReCa,998,217398.62,22113.93,195284.69,136294.85,8867.08,12644.7,4109.75
2025-01,Brand J - Snacks,J-04,HoReCa,1220,265676.37,22544.42,243131.96,165836.4,14920.75,19339.57,5951.2
2025-02,Brand J - Snacks,J-04,HoReCa,1176,255974.84,21220.16,234754.68,164624.9,17216.7,16289.54,2895.36
2025-03,Brand J - Snacks,J-04,HoReCa,1260,274418.73,22676.41,251742.32,173971.44,20554.71,22406.56,4674.13
2025-04,Brand J - Snacks,J-04,HoReCa,1321,287649.23,32785.84,254863.39,175329.71,20726.52,26578.15,5228.9
2025-05,Brand J - Snacks,J-04,HoReCa,1384,301385.6,41357.12,260028.48,186937.97,23951.82,26267.29,4904.63
2025-06,Brand J - Snacks,J-04,HoReCa,1143,248902.6,26475.31,222427.29,148995.34,17896.8,22919.98,3681.53
2025-07,Brand J - Snacks,J-04,HoReCa,1461,318234.45,47893.03,270341.42,187458.9,26404.46,31339.29,3413.03
2025-08,Brand J - Snacks,J-04,HoReCa,1550,337505.26,39090.37,298414.89,204275.74,19494.34,27766.95,6509.02
2025-09,Brand J - Snacks,J-04,HoReCa,1392,303021.47,47512.82,255508.65,178790.88,19454.94,30135.45,3788.71
2025-10,Brand J - Snacks,J-04,HoReCa,1285,279877.35,29808.2,250069.15,169720.79,17305.73,27296.27,5072.75
2025-11,Brand J - Snacks,J-04,HoReCa,1166,253948.57,28454.06,225494.51,160376.83,11285.67,22245.72,2547.52
2025-12,Brand J - Snacks,J-04,HoReCa,1051,228940.58,21802.78,207137.8,142553.05,20016.71,17541.29,2134.72
2024-01,Brand J - Snacks,J-04,E-commerce,724,157687.68,18992.6,138695.08,97052.01,6903.17,10358.18,2517.43
2024-02,Brand J - Snacks,J-04,E-commerce,751,163625.33,22389.29,141236.04,98163.91,6524.73,11618.91,2023.8
2024-03,Brand J - Snacks,J-04,E-commerce,621,135291.36,12210.16,123081.2,83822.52,7694.77,8579.93,1741.06
2024-04,Brand J - Snacks,J-04,E-commerce,795,173083.41,18010.87,155072.54,104299.54,7026.39,11742.98,1955.84
2024-05,Brand J - Snacks,J-04,E-commerce,856,186398.33,28493.57,157904.76,114033.64,10157.24,13252.77,1977.45
2024-06,Brand J - Snacks,J-04,E-commerce,743,161755.26,21161.98,140593.28,98928.39,9583.66,13389.25,1650.35
2024-07,Brand J - Snacks,J-04,E-commerce,854,185930.01,18041.97,167888.03,118466.69,9912.42,16604.45,3010.31
2024-08,Brand J - Snacks,J-04,E-commerce,908,197706.77,21168.42,176538.35,118292.93,11958.25,21033.85,2121.78
2024-09,Brand J - Snacks,J-04,E-commerce,721,157045.32,23622.06,133423.26,90865.65,8907.37,9618.93,2987.9
2024-10,Brand J - Snacks,J-04,E-commerce,692,150686.35,17057.59,133628.76,93475.65,6070.69,12136.89,1433.36
2024-11,Brand J - Snacks,J-04,E-commerce,754,164166.55,24671.61,139494.93,93757.16,7723.97,16387.66,1723.59
2024-12,Brand J - Snacks,J-04,E-commerce,720,156722.02,21704.12,135017.89,93283.05,5224.75,13405.72,3284.18
2025-01,Brand J - Snacks,J-04,E-commerce,631,137401.11,13295.23,124105.88,87197.95,8474.55,11611.75,2388.51
2025-02,Brand J - Snacks,J-04,E-commerce,694,151116.1,14893.99,136222.11,95018.5,4304.11,14260.58,2986.03
2025-03,Brand J - Snacks,J-04,E-commerce,717,156200.51,19532.38,136668.13,92373.75,9679.39,14091.62,2890.73
2025-04,Brand J - Snacks,J-04,E-commerce,826,179764.65,18614.3,161150.35,109271.93,8124.96,18134.37,2427.17
2025-05,Brand J - Snacks,J-04,E-commerce,953,207585.34,19994.71,187590.62,132274.79,7840.84,13548.25,3128.46
2025-06,Brand J - Snacks,J-04,E-commerce,1012,220325.46,29979.22,190346.24,137392.02,13615.83,19081.46,4299.89
2025-07,Brand J - Snacks,J-04,E-commerce,929,202246.05,20816.06,181430.0,122539.48,9002.29,19179.83,3775.5
2025-08,Brand J - Snacks,J-04,E-commerce,899,195647.24,27468.7,168178.53,113745.59,11215.0,10377.03,1810.77
2025-09,Brand J - Snacks,J-04,E-commerce,846,184206.07,25290.6,158915.48,112329.64,5168.89,17657.9,3227.7
2025-10,Brand J - Snacks,J-04,E-commerce,731,159211.83,23133.48,136078.35,91290.86,5313.88,9340.68,1976.58
2025-11,Brand J - Snacks,J-04,E-commerce,902,196306.64,20264.92,176041.72,126819.58,10286.79,16141.7,3493.75
2025-12,Brand J - Snacks,J-04,E-commerce,769,167355.67,18421.29,148934.39,105534.68,5142.63,15995.22,1860.5
2024-01,Brand J - Snacks,J-05,Modern Trade,912,1060146.5,109610.71,950535.79,672974.8,7002.15,102080.09,16204.78
2024-02,Brand J - Snacks,J-05,Modern Trade,1051,1222207.97,110060.93,1112147.04,755622.55,13995.63,116264.8,26337.82
2024-03,Brand J - Snacks,J-05,Modern Trade,928,1078843.42,131087.38,947756.04,652884.69,10669.52,72032.33,17728.0
2024-04,Brand J - Snacks,J-05,Modern Trade,1015,1180044.74,166160.79,1013883.96,687461.63,11020.67,76308.82,23580.49
2024-05,Brand J - Snacks,J-05,Modern Trade,1208,1404227.0,192367.62,1211859.38,825066.45,9269.74,119870.2,22768.99
2024-06,Brand J - Snacks,J-05,Modern Trade,1218,1415241.31,180111.58,1235129.73,831430.23,12552.6,107746.86,26948.65
2024-07,Brand J - Snacks,J-05,Modern Trade,1190,1383244.21,181335.29,1201908.92,832590.13,12460.83,138464.34,15119.8
2024-08,Brand J - Snacks,J-05,Modern Trade,1168,1357129.46,193551.16,1163578.3,805830.91,10529.93,131866.89,26831.99
2024-09,Brand J - Snacks,J-05,Modern Trade,1015,1180034.0,170898.22,1009135.78,697427.98,6566.88,76555.59,14851.88
2024-10,Brand J - Snacks,J-05,Modern Trade,1049,1219820.24,124334.5,1095485.74,741614.21,10469.1,109380.59,22908.1
2024-11,Brand J - Snacks,J-05,Modern Trade,992,1152599.28,136919.51,1015679.77,733224.53,12336.14,86842.27,13657.68
2024-12,Brand J - Snacks,J-05,Modern Trade,988,1148630.53,129572.36,1019058.17,709366.49,10443.06,89509.63,24883.55
2025-01,Brand J - Snacks,J-05,Modern Trade,778,903774.25,112420.69,791353.56,562579.17,6112.21,63042.22,16610.61
2025-02,Brand J - Snacks,J-05,Modern Trade,1205,1400176.35,125264.19,1274912.16,913783.03,14500.85,150144.83,25345.56
2025-03,Brand J - Snacks,J-05,Modern Trade,1180,1371366.26,145271.62,1226094.64,887462.92,12511.24,120726.34,26285.19
2025-04,Brand J - Snacks,J-05,Modern Trade,1171,1361342.24,176291.39,1185050.85,808813.5,12121.37,121969.62,21861.57
2025-05,Brand J - Snacks,J-05,Modern Trade,1448,1682712.44,246956.99,1435755.45,1008952.71,9859.01,152092.37,17784.16
2025-06,Brand J - Snacks,J-05,Modern Trade,1423,1654183.27,177031.62,1477151.65,1050457.08,15367.73,96872.23,25617.1
2025-07,Brand J - Snacks,J-05,Modern Trade,1399,1625650.67,216817.88,1408832.79,998877.6,15234.48,116941.7,25132.93
2025-08,Brand J - Snacks,J-05,Modern Trade,1326,1541421.34,123378.46,1418042.88,1015275.97,13655.45,163446.44,33177.61
2025-09,Brand J - Snacks,J-05,Modern Trade,1188,1380370.38,133687.25,1246683.12,880579.84,13741.08,78956.7,17208.59
2025-10,Brand J - Snacks,J-05,Modern Trade,1140,1325063.65,165190.28,1159873.37,780582.38,12041.17,101758.48,26142.23
2025-11,Brand J - Snacks,J-05,Modern Trade,948,1102248.95,96358.28,1005890.67,717847.67,12535.64,89372.89,13148.48
2025-12,Brand J - Snacks,J-05,Modern Trade,1162,1350357.21,166261.84,1184095.37,856233.51,15115.49,83001.11,18779.68
2024-01,Brand J - Snacks,J-05,Wholesale,584,679260.28,55126.06,624134.22,439842.33,6564.92,54133.06,12395.9
2024-02,Brand J - Snacks,J-05,Wholesale,737,856548.37,95896.57,760651.8,541640.05,6940.73,61289.11,17461.11
2024-03,Brand J - Snacks,J-05,Wholesale,871,1012246.8,93664.74,918582.06,641804.55,7484.71,72981.56,9537.25
2024-04,Brand J - Snacks,J-05,Wholesale,908,1055515.35,90635.58,964879.77,655555.54,8172.09,115660.75,14415.05
2024-05,Brand J - Snacks,J-05,Wholesale,874,1015950.44,113882.18,902068.26,605541.0,6976.69,64199.76,18084.99
2024-06,Brand J - Snacks,J-05,Wholesale,923,1073379.81,137949.01,935430.81,660613.92,10167.01,108986.56,10112.72
2024-07,Brand J - Snacks,J-05,Wholesale,923,1073093.02,138151.01,934942.01,632393.4,8339.78,72423.4,12856.83
2024-08,Brand J - Snacks,J-05,Wholesale,841,977816.24,88319.16,889497.08,610371.49,11349.28,81992.1,18392.67
2024-09,Brand J - Snacks,J-05,Wholesale,790,918746.09,81794.39,836951.7,564276.25,9852.98,91319.44,19811.92
2024-10,Brand J - Snacks,J-05,Wholesale,909,1056009.38,131581.54,924427.84,650467.75,10068.93,103797.82,18106.23
2024-11,Brand J - Snacks,J-05,Wholesale,841,977084.89,85006.56,892078.33,646273.79,8140.1,78041.81,18816.38
2024-12,Brand J - Snacks,J-05,Wholesale,694,806974.99,116435.75,690539.24,467016.88,7857.58,42780.91,12064.22
2025-01,Brand J - Snacks,J-05,Wholesale,830,964550.61,96169.87,868380.74,628344.05,10695.36,89865.07,15982.32
2025-02,Brand J - Snacks,J-05,Wholesale,755,877451.22,105010.72,772440.5,553466.64,8366.08,56449.61,15791.67
2025-03,Brand J - Snacks,J-05,Wholesale,875,1017524.15,145602.44,871921.71,627513.84,6201.54,100471.42,8819.92
2025-04,Brand J - Snacks,J-05,Wholesale,1016,1180943.16,173493.86,1007449.31,726958.89,14187.0,92614.44,23625.73
2025-05,Brand J - Snacks,J-05,Wholesale,946,1099082.5,173946.59,925135.91,643878.26,7401.8,66402.43,18331.32
2025-06,Brand J - Snacks,J-05,Wholesale,999,1161682.41,155016.03,1006666.39,696774.56,10637.65,71609.3,20447.36
2025-07,Brand J - Snacks,J-05,Wholesale,1037,1205870.4,184317.85,1021552.55,739175.88,12873.71,116441.63,14062.61
2025-08,Brand J - Snacks,J-05,Wholesale,923,1072427.52,113615.43,958812.09,664227.32,8684.74,114836.36,13634.68
2025-09,Brand J - Snacks,J-05,Wholesale,850,988449.71,101041.35,887408.36,624907.94,6991.45,57640.95,15540.54
2025-10,Brand J - Snacks,J-05,Wholesale,876,1018447.83,90599.75,927848.08,650827.68,11427.95,97655.69,17311.99
2025-11,Brand J - Snacks,J-05,Wholesale,989,1150094.39,93005.39,1057089.0,711757.76,10147.2,86847.39,19101.3
2025-12,Brand J - Snacks,J-05,Wholesale,808,939303.42,132413.87,806889.55,556009.45,11096.89,49978.59,18219.3
2024-01,Brand J - Snacks,J-05,HoReCa,253,294432.79,37274.96,257157.83,177283.15,4749.06,26746.64,6152.87
2024-02,Brand J - Snacks,J-05,HoReCa,248,288083.9,35559.5,252524.41,170297.59,2640.4,25477.04,6007.28
2024-03,Brand J - Snacks,J-05,HoReCa,283,329078.41,26383.23,302695.17,208545.35,2984.67,18164.0,7492.39
2024-04,Brand J - Snacks,J-05,HoReCa,306,356220.22,50544.07,305676.15,216103.7,5417.12,24739.22,3326.3
2024-05,Brand J - Snacks,J-05,HoReCa,232,269715.91,34580.43,235135.49,162814.94,4330.13,16276.12,3423.46
2024-06,Brand J - Snacks,J-05,HoReCa,286,331908.08,38411.02,293497.06,208628.77,4648.71,29381.31,3930.17
2024-07,Brand J - Snacks,J-05,HoReCa,307,356617.29,45508.84,311108.45,220336.13,3342.57,25143.77,4647.07
2024-08,Brand J - Snacks,J-05,HoReCa,288,335170.18,45737.06,289433.12,198175.42,2736.13,21004.97,5584.89
2024-09,Brand J - Snacks,J-05,HoReCa,256,297318.66,40852.69,256465.97,184941.46,2819.23,23139.86,5044.02
2024-10,Brand J - Snacks,J-05,HoReCa,276,320595.89,39178.44,281417.44,190714.18,3881.74,32853.61,5836.71
2024-11,Brand J - Snacks,J-05,HoReCa,251,292110.24,24234.47,267875.77,192880.5,4083.16,23387.95,6072.37
2024-12,Brand J - Snacks,J-05,HoReCa,274,318413.98,50418.2,267995.78,189414.22,3726.11,28470.67,3782.14
2025-01,Brand J - Snacks,J-05,HoReCa,308,357808.96,37439.01,320369.95,231069.48,3636.61,33464.78,6787.26
2025-02,Brand J - Snacks,J-05,HoReCa,252,293032.01,45536.78,247495.23,176116.19,3575.56,21840.27,5160.6
2025-03,Brand J - Snacks,J-05,HoReCa,329,382299.85,33797.93,348501.91,244229.95,2970.55,41108.21,5744.77
2025-04,Brand J - Snacks,J-05,HoReCa,345,400871.62,46990.94,353880.68,248321.35,3442.44,36529.07,3588.91
2025-05,Brand J - Snacks,J-05,HoReCa,294,341882.44,40684.2,301198.24,216124.84,3417.51,33436.15,6149.73
2025-06,Brand J - Snacks,J-05,HoReCa,380,442158.5,66183.16,375975.34,254576.6,3242.91,40996.07,4236.75
2025-07,Brand J - Snacks,J-05,HoReCa,319,370503.24,44129.98,326373.26,225568.28,4532.09,39085.72,5963.68
2025-08,Brand J - Snacks,J-05,HoReCa,326,378504.64,49507.83,328996.81,223077.04,5832.52,37448.97,5066.24
2025-09,Brand J - Snacks,J-05,HoReCa,374,434915.47,67495.83,367419.65,265948.36,4744.5,34113.3,6231.83
2025-10,Brand J - Snacks,J-05,HoReCa,342,397828.25,54409.97,343418.28,239245.95,3341.03,36130.84,6858.87
2025-11,Brand J - Snacks,J-05,HoReCa,321,372733.05,34238.79,338494.26,235442.1,5154.8,36350.72,7581.72
2025-12,Brand J - Snacks,J-05,HoReCa,241,279731.74,36435.82,243295.92,174250.36,3690.88,23100.05,6031.8
2024-01,Brand J - Snacks,J-05,E-commerce,122,141628.21,17419.2,124209.01,86640.3,1510.08,14161.47,2909.72
2024-02,Brand J - Snacks,J-05,E-commerce,172,199925.53,24744.1,175181.43,126736.36,1327.6,16627.41,2011.26
2024-03,Brand J - Snacks,J-05,E-commerce,188,218460.5,31856.57,186603.93,125586.43,2285.04,13344.27,4573.93
2024-04,Brand J - Snacks,J-05,E-commerce,202,234675.92,25758.74,208917.18,147832.43,2432.11,22333.75,4123.78
2024-05,Brand J - Snacks,J-05,E-commerce,190,221280.43,34869.33,186411.1,126861.05,2343.14,19479.25,3979.45
2024-06,Brand J - Snacks,J-05,E-commerce,218,253333.62,39837.52,213496.1,151303.1,2171.37,13130.04,4342.18
2024-07,Brand J - Snacks,J-05,E-commerce,230,267272.7,26010.77,241261.93,168566.45,2726.95,28600.35,4452.58
2024-08,Brand J - Snacks,J-05,E-commerce,174,201972.28,19464.59,182507.69,128721.16,1401.93,14857.03,2925.72
2024-09,Brand J - Snacks,J-05,E-commerce,207,240084.9,29547.95,210536.95,143695.72,2342.75,13470.78,4657.84
2024-10,Brand J - Snacks,J-05,E-commerce,218,253722.71,34453.95,219268.75,151270.05,1792.78,22656.39,2664.68
2024-11,Brand J - Snacks,J-05,E-commerce,189,220172.73,24411.74,195761.0,133601.76,2475.83,23235.19,2426.15
2024-12,Brand J - Snacks,J-05,E-commerce,173,201406.49,29027.09,172379.4,121185.07,1847.14,14201.44,3559.63
2025-01,Brand J - Snacks,J-05,E-commerce,190,220499.93,24827.61,195672.32,136527.9,1982.77,21136.32,4046.94
2025-02,Brand J - Snacks,J-05,E-commerce,205,238523.62,29906.2,208617.42,146047.28,2719.1,24272.25,2919.82
2025-03,Brand J - Snacks,J-05,E-commerce,186,215883.18,21687.06,194196.12,131747.53,1791.5,18926.7,4801.08
2025-04,Brand J - Snacks,J-05,E-commerce,208,241990.3,35237.75,206752.54,142493.49,1628.94,15520.34,3005.0
2025-05,Brand J - Snacks,J-05,E-commerce,237,274942.21,41794.75,233147.46,164026.21,1716.58,25758.55,5054.85
2025-06,Brand J - Snacks,J-05,E-commerce,220,255155.46,24358.22,230797.24,162289.05,2465.91,18271.29,3492.3
2025-07,Brand J - Snacks,J-05,E-commerce,221,256591.28,40626.7,215964.58,146531.13,2819.19,24805.03,3360.07
2025-08,Brand J - Snacks,J-05,E-commerce,199,231764.76,21543.35,210221.41,146359.8,2262.84,25114.77,3455.3
2025-09,Brand J - Snacks,J-05,E-commerce,211,245371.59,31520.06,213851.52,154670.9,2036.06,17670.01,5268.8
2025-10,Brand J - Snacks,J-05,E-commerce,189,219710.41,31165.7,188544.71,135349.01,1502.68,20181.45,4685.42
2025-11,Brand J - Snacks,J-05,E-commerce,183,213182.06,31628.36,181553.71,131101.41,1465.51,12833.31,3503.66
2025-12,Brand J - Snacks,J-05,E-commerce,193,224790.67,34992.47,189798.19,135217.42,1701.51,15852.0,4602.1
2024-01,Brand J - Snacks,J-06,Modern Trade,3341,3892213.88,300622.79,3591591.09,2600534.11,44235.63,132199.72,46887.32
2024-02,Brand J - Snacks,J-06,Modern Trade,3523,4104537.52,318190.62,3786346.91,2607238.3,48741.95,91760.15,79878.89
2024-03,Brand J - Snacks,J-06,Modern Trade,3874,4513513.67,99158.2,4414355.48,3095562.76,49357.99,193102.76,92951.9
2024-04,Brand J - Snacks,J-06,Modern Trade,3792,4417698.36,91829.91,4325868.45,2975532.4,28462.73,180629.17,106382.97
2024-05,Brand J - Snacks,J-06,Modern Trade,3751,4370490.41,334151.17,4036339.24,2828091.81,28867.49,85916.3,80008.51
2024-06,Brand J - Snacks,J-06,Modern Trade,4402,5128238.59,263507.56,4864731.03,3451228.8,45235.68,156006.62,93690.1
2024-07,Brand J - Snacks,J-06,Modern Trade,4159,4845231.29,319354.42,4525876.88,3058292.28,57048.37,223874.68,56635.94
2024-08,Brand J - Snacks,J-06,Modern Trade,3996,4655971.2,349160.65,4306810.55,2980754.66,37765.07,182873.0,80220.67
2024-09,Brand J - Snacks,J-06,Modern Trade,3948,4599319.38,275433.98,4323885.39,3057126.32,41121.55,143731.48,52369.92
2024-10,Brand J - Snacks,J-06,Modern Trade,4195,4887661.85,112232.81,4775429.04,3386462.24,29711.26,190529.6,51201.8
2024-11,Brand J - Snacks,J-06,Modern Trade,4250,4951451.39,353825.2,4597626.18,3233456.39,31889.49,159490.53,53291.27
2024-12,Brand J - Snacks,J-06,Modern Trade,3596,4189316.29,199248.63,3990067.67,2783738.78,34592.43,193423.58,90575.97
2025-01,Brand J - Snacks,J-06,Modern Trade,3046,3548461.54,232545.92,3315915.62,2269962.34,32159.96,153312.1,46368.46
2025-02,Brand J - Snacks,J-06,Modern Trade,4130,4812292.44,325943.8,4486348.64,3088640.09,26487.6,218551.55,83139.53
2025-03,Brand J - Snacks,J-06,Modern Trade,4321,5033873.87,389866.16,4644007.71,3204984.61,32631.76,121321.38,60571.76
2025-04,Brand J - Snacks,J-06,Modern Trade,4837,5635559.11,399898.89,5235660.22,3546703.62,65626.8,214878.09,66325.83
2025-05,Brand J - Snacks,J-06,Modern Trade,4459,5194848.09,106765.9,5088082.19,3464522.8,56652.47,130798.51,119278.1
2025-06,Brand J - Snacks,J-06,Modern Trade,4611,5372862.19,198668.25,5174193.93,3747593.04,40457.49,164079.85,94154.3
2025-07,Brand J - Snacks,J-06,Modern Trade,4471,5209477.35,345714.3,4863763.05,3335624.63,43945.7,103445.41,98700.13
2025-08,Brand J - Snacks,J-06,Modern Trade,4671,5441841.96,370313.47,5071528.49,3570094.12,35336.82,176781.08,67448.11
2025-09,Brand J - Snacks,J-06,Modern Trade,4660,5429164.88,424880.71,5004284.18,3599399.53,35836.3,195485.47,70360.59
2025-10,Brand J - Snacks,J-06,Modern Trade,4307,5017611.72,137358.06,4880253.66,3436684.44,37170.33,134783.74,114265.74
2025-11,Brand J - Snacks,J-06,Modern Trade,3430,3996522.46,262206.74,3734315.72,2664517.38,47565.43,127176.86,88612.15
2025-12,Brand J - Snacks,J-06,Modern Trade,3951,4602895.62,168048.22,4434847.4,3031893.61,53664.06,186754.35,44928.68
2024-01,Brand J - Snacks,J-06,Wholesale,2874,3348495.16,119371.08,3229124.07,2186997.36,18191.43,148317.58,42792.77
2024-02,Brand J - Snacks,J-06,Wholesale,2603,3032435.45,225410.71,2807024.74,2023760.72,17077.4,64658.52,46941.29
2024-03,Brand J - Snacks,J-06,Wholesale,3323,3872234.35,131763.45,3740470.9,2510300.18,20725.63,168311.78,43063.59
2024-04,Brand J - Snacks,J-06,Wholesale,3093,3603907.43,239055.87,3364851.56,2401047.45,31481.75,122558.84,45724.66
2024-05,Brand J - Snacks,J-06,Wholesale,3313,3859626.86,245507.92,3614118.94,2521203.46,27022.65,130885.13,40473.87
2024-06,Brand J - Snacks,J-06,Wholesale,3922,4569041.87,235476.32,4333565.55,3130039.88,46707.78,144550.42,53600.46
2024-07,Brand J - Snacks,J-06,Wholesale,3075,3582979.96,104828.15,3478151.81,2420239.44,35006.33,76544.63,85139.83
2024-08,Brand J - Snacks,J-06,Wholesale,2440,2842377.76,190417.22,2651960.54,1817961.61,22440.96,76383.01,62902.32
2024-09,Brand J - Snacks,J-06,Wholesale,2959,3447651.95,117461.32,3330190.63,2335652.92,40479.71,156498.37,72453.34
2024-10,Brand J - Snacks,J-06,Wholesale,2731,3182187.88,213433.83,2968754.05,2011879.97,26261.75,117104.59,70453.12
2024-11,Brand J - Snacks,J-06,Wholesale,2398,2794343.9,189187.95,2605155.95,1830986.73,28172.33,101041.74,48262.95
2024-12,Brand J - Snacks,J-06,Wholesale,2552,2973374.24,139061.27,2834312.97,1975737.94,16429.48,61299.97,69553.7
2025-01,Brand J - Snacks,J-06,Wholesale,3023,3521954.81,203618.99,3318335.82,2401277.77,22401.46,113141.61,73183.22
2025-02,Brand J - Snacks,J-06,Wholesale,2716,3164491.88,242479.45,2922012.43,2020553.92,36885.92,63921.3,67998.55
2025-03,Brand J - Snacks,J-06,Wholesale,3262,3800517.0,143166.37,3657350.63,2576002.69,28378.17,121156.25,40723.04
2025-04,Brand J - Snacks,J-06,Wholesale,3069,3576029.49,248642.22,3327387.27,2273057.28,23572.36,99015.68,42065.95
2025-05,Brand J - Snacks,J-06,Wholesale,4095,4770818.47,124663.47,4646155.0,3313039.05,24635.5,93687.95,61390.13
2025-06,Brand J - Snacks,J-06,Wholesale,3615,4211349.35,176972.95,4034376.41,2768414.99,44517.26,160638.29,53171.44
2025-07,Brand J - Snacks,J-06,Wholesale,3294,3838128.32,142599.56,3695528.76,2669238.45,29825.29,88445.74,59541.53
2025-08,Brand J - Snacks,J-06,Wholesale,3269,3809211.94,106294.39,3702917.55,2543740.43,22858.59,123696.24,44488.91
2025-09,Brand J - Snacks,J-06,Wholesale,3291,3834902.51,151322.53,3683579.98,2473552.88,29205.16,150597.78,58075.03
2025-10,Brand J - Snacks,J-06,Wholesale,3443,4010903.76,229725.81,3781177.95,2595159.87,24400.77,187794.58,73151.76
2025-11,Brand J - Snacks,J-06,Wholesale,2540,2959648.41,111598.41,2848050.0,1916513.24,18445.28,119158.8,47717.45
2025-12,Brand J - Snacks,J-06,Wholesale,3092,3602774.16,93449.09,3509325.07,2361301.19,26848.11,164234.86,45521.59
2024-01,Brand J - Snacks,J-06,HoReCa,863,1005317.35,44081.15,961236.2,688202.35,16194.04,44845.57,17635.05
2024-02,Brand J - Snacks,J-06,HoReCa,990,1153946.64,91035.26,1062911.38,766568.22,8439.48,33599.59,14024.44
2024-03,Brand J - Snacks,J-06,HoReCa,956,1114221.82,68121.42,1046100.4,706255.88,18422.74,31209.47,15357.71
2024-04,Brand J - Snacks,J-06,HoReCa,1042,1214356.95,74424.01,1139932.94,788500.83,11430.0,38051.22,21700.8
2024-05,Brand J - Snacks,J-06,HoReCa,1203,1401326.71,57918.11,1343408.6,935326.83,22127.26,62436.85,24352.1
2024-06,Brand J - Snacks,J-06,HoReCa,994,1157890.24,60766.79,1097123.45,766651.8,15558.7,41772.15,20296.35
2024-07,Brand J - Snacks,J-06,HoReCa,1062,1237433.7,57442.03,1179991.67,818143.96,10274.39,31588.68,16507.47
2024-08,Brand J - Snacks,J-06,HoReCa,1038,1209489.48,30306.85,1179182.63,797930.68,9369.2,54637.21,12533.27
2024-09,Brand J - Snacks,J-06,HoReCa,993,1156949.97,43147.15,1113802.82,776623.36,10393.01,53203.08,24034.58
2024-10,Brand J - Snacks,J-06,HoReCa,1168,1360795.49,59949.24,1300846.26,883751.11,18904.68,28982.37,18418.47
2024-11,Brand J - Snacks,J-06,HoReCa,870,1013524.1,31124.81,982399.29,706959.7,7646.66,42279.26,23448.58
2024-12,Brand J - Snacks,J-06,HoReCa,868,1011653.87,23790.96,987862.91,675966.91,9436.0,35779.68,20157.18
2025-01,Brand J - Snacks,J-06,HoReCa,1013,1179677.48,41446.79,1138230.69,790347.53,9504.53,38687.48,21917.67
2025-02,Brand J - Snacks,J-06,HoReCa,1014,1181719.86,64989.39,1116730.47,781511.08,11712.89,37641.13,19288.87
2025-03,Brand J - Snacks,J-06,HoReCa,1152,1342642.24,37655.11,1304987.13,932655.84,9763.74,49408.68,14481.7
2025-04,Brand J - Snacks,J-06,HoReCa,1195,1391825.34,78263.34,1313561.99,938067.94,21929.71,51272.82,31737.46
2025-05,Brand J - Snacks,J-06,HoReCa,1257,1464040.44,80043.79,1383996.65,998576.27,14872.04,67023.65,16518.27
2025-06,Brand J - Snacks,J-06,HoReCa,1178,1372048.2,86441.54,1285606.66,921967.69,19367.75,39648.26,29068.13
2025-07,Brand J - Snacks,J-06,HoReCa,1377,1604603.39,48289.16,1556314.23,1047785.6,16620.49,75306.6,36503.59
2025-08,Brand J - Snacks,J-06,HoReCa,1228,1430876.37,83813.28,1347063.09,921323.93,11537.9,53891.45,20899.59
2025-09,Brand J - Snacks,J-06,HoReCa,1223,1425058.41,60498.59,1364559.82,921160.21,10979.74,57305.83,30168.42
2025-10,Brand J - Snacks,J-06,HoReCa,1174,1367600.3,93436.69,1274163.61,915630.0,13602.76,34249.86,14636.66
2025-11,Brand J - Snacks,J-06,HoReCa,1266,1474565.12,39176.69,1435388.44,1006683.23,21442.88,38766.22,26923.98
2025-12,Brand J - Snacks,J-06,HoReCa,890,1036371.24,62103.32,974267.91,662829.9,13712.03,35455.92,21613.14
2024-01,Brand J - Snacks,J-06,E-commerce,675,786303.5,43539.18,742764.32,505958.82,8732.52,19290.72,10963.5
2024-02,Brand J - Snacks,J-06,E-commerce,620,722726.39,46037.01,676689.38,456560.29,8669.09,26873.1,11937.94
2024-03,Brand J - Snacks,J-06,E-commerce,613,713759.22,27698.31,686060.92,483080.03,5693.53,14508.76,11022.27
2024-04,Brand J - Snacks,J-06,E-commerce,673,783961.72,16495.52,767466.21,551776.18,8336.8,30741.69,19160.53
2024-05,Brand J - Snacks,J-06,E-commerce,731,851472.74,35402.99,816069.75,546773.13,7743.04,21562.67,13355.34
2024-06,Brand J - Snacks,J-06,E-commerce,915,1065872.5,60459.94,1005412.56,711281.43,7863.55,49891.54,11922.37
2024-07,Brand J - Snacks,J-06,E-commerce,788,917666.56,60247.26,857419.3,594094.55,8935.19,31512.9,8595.59
2024-08,Brand J - Snacks,J-06,E-commerce,759,884416.76,20905.77,863510.99,586476.29,5954.58,29187.92,17841.55
2024-09,Brand J - Snacks,J-06,E-commerce,629,732392.86,44645.2,687747.66,492623.58,3951.66,15172.31,15591.85
2024-10,Brand J - Snacks,J-06,E-commerce,621,723021.25,38380.52,684640.74,490124.54,5100.98,25962.7,7263.92
2024-11,Brand J - Snacks,J-06,E-commerce,698,813016.14,38417.76,774598.38,527598.33,6129.33,22398.53,15576.31
2024-12,Brand J - Snacks,J-06,E-commerce,718,836890.18,60729.84,776160.34,552481.84,5406.42,21386.4,7765.22
2025-01,Brand J - Snacks,J-06,E-commerce,631,735679.85,38513.46,697166.39,497717.17,3976.76,25097.78,8751.74
2025-02,Brand J - Snacks,J-06,E-commerce,547,637460.32,26969.31,610491.02,439130.29,3346.05,19079.67,12091.96
2025-03,Brand J - Snacks,J-06,E-commerce,721,839718.08,55508.45,784209.62,557296.26,4681.26,22293.53,17149.3
2025-04,Brand J - Snacks,J-06,E-commerce,843,982393.03,60176.34,922216.69,664499.67,6180.06,32706.26,20795.81
2025-05,Brand J - Snacks,J-06,E-commerce,761,886225.75,20241.41,865984.34,616032.66,7315.53,19673.43,15186.14
2025-06,Brand J - Snacks,J-06,E-commerce,856,997136.19,42914.73,954221.46,689695.06,10133.3,44447.07,13075.77
2025-07,Brand J - Snacks,J-06,E-commerce,883,1028921.92,29490.06,999431.87,710065.55,6667.6,23923.99,17426.66
2025-08,Brand J - Snacks,J-06,E-commerce,758,882625.78,18129.04,864496.74,605775.81,5597.67,38615.8,15432.85
2025-09,Brand J - Snacks,J-06,E-commerce,881,1026783.2,65258.14,961525.06,692089.92,5614.35,39845.61,9918.43
2025-10,Brand J - Snacks,J-06,E-commerce,723,842314.12,49754.3,792559.82,536710.82,9150.43,39025.38,16270.22
2025-11,Brand J - Snacks,J-06,E-commerce,639,745072.96,43500.54,701572.42,475454.72,6479.45,31938.98,14225.37
2025-12,Brand J - Snacks,J-06,E-commerce,727,846590.33,52615.3,793975.02,573361.92,8846.94,20423.58,13943.94
